name,bus,control,type,p_nom,p_nom_mod,p_nom_extendable,p_nom_min,p_nom_max,p_nom_set,p_min_pu,p_max_pu,p_set,p_init,e_sum_min,e_sum_max,q_set,sign,carrier,marginal_cost,marginal_cost_quadratic,active,build_year,lifetime,capital_cost,overnight_cost,discount_rate,fom_cost,efficiency,committable,start_up_cost,shut_down_cost,stand_by_cost,min_up_time,min_down_time,up_time_before,down_time_before,ramp_limit_up,ramp_limit_down,ramp_limit_start_up,ramp_limit_shut_down,weight,p_nom_opt,lon,lat,data_source,region,country,source
FES_large_hydro_Chesterfield_2035,Z10,PQ,,0.006,0.0,False,0.0,inf,,0.0,1.0,,,-inf,inf,0.0,1.0,large_hydro,0.0,0.0,True,0,inf,0.0,,,0.0,1.0,False,0.0,0.0,0.0,0,0,1,0,,,,,1.0,0.0,-1.387,53.224,,,,
FES_large_hydro_Stoke_Bardolph_2035,Z10,PQ,,0.581,0.0,False,0.0,inf,,0.0,1.0,,,-inf,inf,0.0,1.0,large_hydro,0.0,0.0,True,0,inf,0.0,,,0.0,1.0,False,0.0,0.0,0.0,0,0,1,0,,,,,1.0,0.0,-1.051,52.96,,,,
FES_large_hydro_Berkswell_2035,Z11,PQ,,0.017,0.0,False,0.0,inf,,0.0,1.0,,,-inf,inf,0.0,1.0,large_hydro,0.0,0.0,True,0,inf,0.0,,,0.0,1.0,False,0.0,0.0,0.0,0,0,1,0,,,,,1.0,0.0,-1.614,52.387,,,,
FES_large_hydro_Bishops_Wood_2035,Z11,PQ,,0.315,0.0,False,0.0,inf,,0.0,1.0,,,-inf,inf,0.0,1.0,large_hydro,0.0,0.0,True,0,inf,0.0,,,0.0,1.0,False,0.0,0.0,0.0,0,0,1,0,,,,,1.0,0.0,-2.243,52.312,,,,
FES_large_hydro_Bushbury_2035,Z11,PQ,,0.003,0.0,False,0.0,inf,,0.0,1.0,,,-inf,inf,0.0,1.0,large_hydro,0.0,0.0,True,0,inf,0.0,,,0.0,1.0,False,0.0,0.0,0.0,0,0,1,0,,,,,1.0,0.0,-2.115,52.636,,,,
FES_large_hydro_Cellarhead_2035,Z11,PQ,,0.022,0.0,False,0.0,inf,,0.0,1.0,,,-inf,inf,0.0,1.0,large_hydro,0.0,0.0,True,0,inf,0.0,,,0.0,1.0,False,0.0,0.0,0.0,0,0,1,0,,,,,1.0,0.0,-2.086,53.041,,,,
FES_large_hydro_Drakelow_2035,Z11,PQ,,0.08,0.0,False,0.0,inf,,0.0,1.0,,,-inf,inf,0.0,1.0,large_hydro,0.0,0.0,True,0,inf,0.0,,,0.0,1.0,False,0.0,0.0,0.0,0,0,1,0,,,,,1.0,0.0,-1.649,52.773,,,,
FES_large_hydro_Feckenham_2035,Z11,PQ,,0.425,0.0,False,0.0,inf,,0.0,1.0,,,-inf,inf,0.0,1.0,large_hydro,0.0,0.0,True,0,inf,0.0,,,0.0,1.0,False,0.0,0.0,0.0,0,0,1,0,,,,,1.0,0.0,-1.972,52.252,,,,
FES_large_hydro_Grendon_2035,Z11,PQ,,0.064,0.0,False,0.0,inf,,0.0,1.0,,,-inf,inf,0.0,1.0,large_hydro,0.0,0.0,True,0,inf,0.0,,,0.0,1.0,False,0.0,0.0,0.0,0,0,1,0,,,,,1.0,0.0,-0.726,52.243,,,,
FES_large_hydro_Rugeley_2035,Z11,PQ,,0.003,0.0,False,0.0,inf,,0.0,1.0,,,-inf,inf,0.0,1.0,large_hydro,0.0,0.0,True,0,inf,0.0,,,0.0,1.0,False,0.0,0.0,0.0,0,0,1,0,,,,,1.0,0.0,-1.913,52.754,,,,
FES_large_hydro_Willington_2035,Z11,PQ,,0.856,0.0,False,0.0,inf,,0.0,1.0,,,-inf,inf,0.0,1.0,large_hydro,0.0,0.0,True,0,inf,0.0,,,0.0,1.0,False,0.0,0.0,0.0,0,0,1,0,,,,,1.0,0.0,-1.549,52.856,,,,
FES_large_hydro_Eaton_Socon_2035,Z12,PQ,,0.049,0.0,False,0.0,inf,,0.0,1.0,,,-inf,inf,0.0,1.0,large_hydro,0.0,0.0,True,0,inf,0.0,,,0.0,1.0,False,0.0,0.0,0.0,0,0,1,0,,,,,1.0,0.0,-0.303,52.215,,,,
FES_large_hydro_Norwich_Main_2035,Z12,PQ,,0.024,0.0,False,0.0,inf,,0.0,1.0,,,-inf,inf,0.0,1.0,large_hydro,0.0,0.0,True,0,inf,0.0,,,0.0,1.0,False,0.0,0.0,0.0,0,0,1,0,,,,,1.0,0.0,1.272,52.573,,,,
FES_large_hydro_Iron_Acton_2035,Z13,PQ,,0.097,0.0,False,0.0,inf,,0.0,1.0,,,-inf,inf,0.0,1.0,large_hydro,0.0,0.0,True,0,inf,0.0,,,0.0,1.0,False,0.0,0.0,0.0,0,0,1,0,,,,,1.0,0.0,-2.481,51.569,,,,
FES_large_hydro_Margam_Grange_66kV_2035,Z13,PQ,,0.015,0.0,False,0.0,inf,,0.0,1.0,,,-inf,inf,0.0,1.0,large_hydro,0.0,0.0,True,0,inf,0.0,,,0.0,1.0,False,0.0,0.0,0.0,0,0,1,0,,,,,1.0,0.0,-3.754,51.56,,,,
FES_large_hydro_Melksham_2035,Z13,PQ,,0.499,0.0,False,0.0,inf,,0.0,1.0,,,-inf,inf,0.0,1.0,large_hydro,0.0,0.0,True,0,inf,0.0,,,0.0,1.0,False,0.0,0.0,0.0,0,0,1,0,,,,,1.0,0.0,-2.15,51.392,,,,
FES_large_hydro_Minety_2035,Z13,PQ,,5.099,0.0,False,0.0,inf,,0.0,1.0,,,-inf,inf,0.0,1.0,large_hydro,0.0,0.0,True,0,inf,0.0,,,0.0,1.0,False,0.0,0.0,0.0,0,0,1,0,,,,,1.0,0.0,-2.001,51.607,,,,
FES_large_hydro_Pyle_2035,Z13,PQ,,0.033,0.0,False,0.0,inf,,0.0,1.0,,,-inf,inf,0.0,1.0,large_hydro,0.0,0.0,True,0,inf,0.0,,,0.0,1.0,False,0.0,0.0,0.0,0,0,1,0,,,,,1.0,0.0,-3.688,51.536,,,,
FES_large_hydro_Rassau_2035,Z13,PQ,,9.132,0.0,False,0.0,inf,,0.0,1.0,,,-inf,inf,0.0,1.0,large_hydro,0.0,0.0,True,0,inf,0.0,,,0.0,1.0,False,0.0,0.0,0.0,0,0,1,0,,,,,1.0,0.0,-3.226,51.809,,,,
FES_large_hydro_Seabank_2035,Z13,PQ,,0.067,0.0,False,0.0,inf,,0.0,1.0,,,-inf,inf,0.0,1.0,large_hydro,0.0,0.0,True,0,inf,0.0,,,0.0,1.0,False,0.0,0.0,0.0,0,0,1,0,,,,,1.0,0.0,-2.67,51.536,,,,
FES_large_hydro_Swansea_North_2035,Z13,PQ,,61.473,0.0,False,0.0,inf,,0.0,1.0,,,-inf,inf,0.0,1.0,large_hydro,0.0,0.0,True,0,inf,0.0,,,0.0,1.0,False,0.0,0.0,0.0,0,0,1,0,,,,,1.0,0.0,-3.961,51.683,,,,
FES_large_hydro_Upper_Boat_132kV_2035,Z13,PQ,,0.776,0.0,False,0.0,inf,,0.0,1.0,,,-inf,inf,0.0,1.0,large_hydro,0.0,0.0,True,0,inf,0.0,,,0.0,1.0,False,0.0,0.0,0.0,0,0,1,0,,,,,1.0,0.0,-3.298,51.575,,,,
FES_large_hydro_Uskmouth_2035,Z13,PQ,,0.045,0.0,False,0.0,inf,,0.0,1.0,,,-inf,inf,0.0,1.0,large_hydro,0.0,0.0,True,0,inf,0.0,,,0.0,1.0,False,0.0,0.0,0.0,0,0,1,0,,,,,1.0,0.0,-2.976,51.549,,,,
FES_large_hydro_Walham_2035,Z13,PQ,,0.008,0.0,False,0.0,inf,,0.0,1.0,,,-inf,inf,0.0,1.0,large_hydro,0.0,0.0,True,0,inf,0.0,,,0.0,1.0,False,0.0,0.0,0.0,0,0,1,0,,,,,1.0,0.0,-2.266,51.872,,,,
FES_large_hydro_Acton_Lane_66kV_2035,Z14,PQ,,0.279,0.0,False,0.0,inf,,0.0,1.0,,,-inf,inf,0.0,1.0,large_hydro,0.0,0.0,True,0,inf,0.0,,,0.0,1.0,False,0.0,0.0,0.0,0,0,1,0,,,,,1.0,0.0,-0.257,51.535,,,,
FES_large_hydro_Beddington_SPN_2035,Z14,PQ,,0.837,0.0,False,0.0,inf,,0.0,1.0,,,-inf,inf,0.0,1.0,large_hydro,0.0,0.0,True,0,inf,0.0,,,0.0,1.0,False,0.0,0.0,0.0,0,0,1,0,,,,,1.0,0.0,-0.129,51.374,,,,
FES_large_hydro_Cowley_2035,Z14,PQ,,1.123,0.0,False,0.0,inf,,0.0,1.0,,,-inf,inf,0.0,1.0,large_hydro,0.0,0.0,True,0,inf,0.0,,,0.0,1.0,False,0.0,0.0,0.0,0,0,1,0,,,,,1.0,0.0,-1.191,51.71,,,,
FES_large_hydro_Elstree_2035,Z14,PQ,,0.279,0.0,False,0.0,inf,,0.0,1.0,,,-inf,inf,0.0,1.0,large_hydro,0.0,0.0,True,0,inf,0.0,,,0.0,1.0,False,0.0,0.0,0.0,0,0,1,0,,,,,1.0,0.0,-0.342,51.66,,,,
FES_large_hydro_Hurst_2035,Z14,PQ,,0.105,0.0,False,0.0,inf,,0.0,1.0,,,-inf,inf,0.0,1.0,large_hydro,0.0,0.0,True,0,inf,0.0,,,0.0,1.0,False,0.0,0.0,0.0,0,0,1,0,,,,,1.0,0.0,0.154,51.436,,,,
FES_large_hydro_Iver_132kV_2035,Z14,PQ,,0.36,0.0,False,0.0,inf,,0.0,1.0,,,-inf,inf,0.0,1.0,large_hydro,0.0,0.0,True,0,inf,0.0,,,0.0,1.0,False,0.0,0.0,0.0,0,0,1,0,,,,,1.0,0.0,-0.498,51.542,,,,
FES_large_hydro_Mill_Hill_2035,Z14,PQ,,0.523,0.0,False,0.0,inf,,0.0,1.0,,,-inf,inf,0.0,1.0,large_hydro,0.0,0.0,True,0,inf,0.0,,,0.0,1.0,False,0.0,0.0,0.0,0,0,1,0,,,,,1.0,0.0,-0.21,51.618,,,,
FES_large_hydro_New_Cross_66kV_2035,Z14,PQ,,0.174,0.0,False,0.0,inf,,0.0,1.0,,,-inf,inf,0.0,1.0,large_hydro,0.0,0.0,True,0,inf,0.0,,,0.0,1.0,False,0.0,0.0,0.0,0,0,1,0,,,,,1.0,0.0,-0.061,51.484,,,,
FES_large_hydro_Rye_House_2035,Z14,PQ,,0.017,0.0,False,0.0,inf,,0.0,1.0,,,-inf,inf,0.0,1.0,large_hydro,0.0,0.0,True,0,inf,0.0,,,0.0,1.0,False,0.0,0.0,0.0,0,0,1,0,,,,,1.0,0.0,0.003,51.758,,,,
FES_large_hydro_Sundon_2035,Z14,PQ,,0.046,0.0,False,0.0,inf,,0.0,1.0,,,-inf,inf,0.0,1.0,large_hydro,0.0,0.0,True,0,inf,0.0,,,0.0,1.0,False,0.0,0.0,0.0,0,0,1,0,,,,,1.0,0.0,-0.502,51.933,,,,
FES_large_hydro_Tottenham_2035,Z14,PQ,,0.256,0.0,False,0.0,inf,,0.0,1.0,,,-inf,inf,0.0,1.0,large_hydro,0.0,0.0,True,0,inf,0.0,,,0.0,1.0,False,0.0,0.0,0.0,0,0,1,0,,,,,1.0,0.0,-0.049,51.604,,,,
FES_large_hydro_Warley_2035,Z14,PQ,,0.424,0.0,False,0.0,inf,,0.0,1.0,,,-inf,inf,0.0,1.0,large_hydro,0.0,0.0,True,0,inf,0.0,,,0.0,1.0,False,0.0,0.0,0.0,0,0,1,0,,,,,1.0,0.0,0.301,51.553,,,,
FES_large_hydro_West_Ham_2035,Z14,PQ,,0.465,0.0,False,0.0,inf,,0.0,1.0,,,-inf,inf,0.0,1.0,large_hydro,0.0,0.0,True,0,inf,0.0,,,0.0,1.0,False,0.0,0.0,0.0,0,0,1,0,,,,,1.0,0.0,0.002,51.52,,,,
FES_large_hydro_West_Weybridge_2035,Z14,PQ,,0.041,0.0,False,0.0,inf,,0.0,1.0,,,-inf,inf,0.0,1.0,large_hydro,0.0,0.0,True,0,inf,0.0,,,0.0,1.0,False,0.0,0.0,0.0,0,0,1,0,,,,,1.0,0.0,-0.489,51.348,,,,
FES_large_hydro_Wimbledon_South_2035,Z14,PQ,,0.116,0.0,False,0.0,inf,,0.0,1.0,,,-inf,inf,0.0,1.0,large_hydro,0.0,0.0,True,0,inf,0.0,,,0.0,1.0,False,0.0,0.0,0.0,0,0,1,0,,,,,1.0,0.0,-0.188,51.431,,,,
FES_large_hydro_Canterbury_2035,Z15,PQ,,0.004,0.0,False,0.0,inf,,0.0,1.0,,,-inf,inf,0.0,1.0,large_hydro,0.0,0.0,True,0,inf,0.0,,,0.0,1.0,False,0.0,0.0,0.0,0,0,1,0,,,,,1.0,0.0,1.094,51.292,,,,
FES_large_hydro_Rayleigh_2035,Z15,PQ,,0.046,0.0,False,0.0,inf,,0.0,1.0,,,-inf,inf,0.0,1.0,large_hydro,0.0,0.0,True,0,inf,0.0,,,0.0,1.0,False,0.0,0.0,0.0,0,0,1,0,,,,,1.0,0.0,0.569,51.594,,,,
FES_large_hydro_Bramley_2035,Z16,PQ,,0.124,0.0,False,0.0,inf,,0.0,1.0,,,-inf,inf,0.0,1.0,large_hydro,0.0,0.0,True,0,inf,0.0,,,0.0,1.0,False,0.0,0.0,0.0,0,0,1,0,,,,,1.0,0.0,-1.077,51.335,,,,
FES_large_hydro_Fawley_2035,Z16,PQ,,6.369,0.0,False,0.0,inf,,0.0,1.0,,,-inf,inf,0.0,1.0,large_hydro,0.0,0.0,True,0,inf,0.0,,,0.0,1.0,False,0.0,0.0,0.0,0,0,1,0,,,,,1.0,0.0,-1.33,50.821,,,,
FES_large_hydro_Fleet_2035,Z16,PQ,,19.397,0.0,False,0.0,inf,,0.0,1.0,,,-inf,inf,0.0,1.0,large_hydro,0.0,0.0,True,0,inf,0.0,,,0.0,1.0,False,0.0,0.0,0.0,0,0,1,0,,,,,1.0,0.0,-0.881,51.25,,,,
FES_large_hydro_Lovedean_2035,Z16,PQ,,0.017,0.0,False,0.0,inf,,0.0,1.0,,,-inf,inf,0.0,1.0,large_hydro,0.0,0.0,True,0,inf,0.0,,,0.0,1.0,False,0.0,0.0,0.0,0,0,1,0,,,,,1.0,0.0,-1.04,50.916,,,,
FES_large_hydro_Mannington_2035,Z16,PQ,,0.127,0.0,False,0.0,inf,,0.0,1.0,,,-inf,inf,0.0,1.0,large_hydro,0.0,0.0,True,0,inf,0.0,,,0.0,1.0,False,0.0,0.0,0.0,0,0,1,0,,,,,1.0,0.0,-1.895,50.847,,,,
FES_large_hydro_Nursling_2035,Z16,PQ,,8.057,0.0,False,0.0,inf,,0.0,1.0,,,-inf,inf,0.0,1.0,large_hydro,0.0,0.0,True,0,inf,0.0,,,0.0,1.0,False,0.0,0.0,0.0,0,0,1,0,,,,,1.0,0.0,-1.488,50.941,,,,
FES_large_hydro_Abham_2035,Z17,PQ,,1.917,0.0,False,0.0,inf,,0.0,1.0,,,-inf,inf,0.0,1.0,large_hydro,0.0,0.0,True,0,inf,0.0,,,0.0,1.0,False,0.0,0.0,0.0,0,0,1,0,,,,,1.0,0.0,-3.729,50.472,,,,
FES_large_hydro_Alverdiscott_2035,Z17,PQ,,2.486,0.0,False,0.0,inf,,0.0,1.0,,,-inf,inf,0.0,1.0,large_hydro,0.0,0.0,True,0,inf,0.0,,,0.0,1.0,False,0.0,0.0,0.0,0,0,1,0,,,,,1.0,0.0,-4.137,51.006,,,,
FES_large_hydro_Axminster_2035,Z17,PQ,,0.048,0.0,False,0.0,inf,,0.0,1.0,,,-inf,inf,0.0,1.0,large_hydro,0.0,0.0,True,0,inf,0.0,,,0.0,1.0,False,0.0,0.0,0.0,0,0,1,0,,,,,1.0,0.0,-2.924,50.787,,,,
FES_large_hydro_Bridgewater_2035,Z17,PQ,,0.099,0.0,False,0.0,inf,,0.0,1.0,,,-inf,inf,0.0,1.0,large_hydro,0.0,0.0,True,0,inf,0.0,,,0.0,1.0,False,0.0,0.0,0.0,0,0,1,0,,,,,1.0,0.0,-2.969,51.117,,,,
FES_large_hydro_Chickerell_2035,Z17,PQ,,0.042,0.0,False,0.0,inf,,0.0,1.0,,,-inf,inf,0.0,1.0,large_hydro,0.0,0.0,True,0,inf,0.0,,,0.0,1.0,False,0.0,0.0,0.0,0,0,1,0,,,,,1.0,0.0,-2.489,50.624,,,,
FES_large_hydro_Exeter_2035,Z17,PQ,,0.38,0.0,False,0.0,inf,,0.0,1.0,,,-inf,inf,0.0,1.0,large_hydro,0.0,0.0,True,0,inf,0.0,,,0.0,1.0,False,0.0,0.0,0.0,0,0,1,0,,,,,1.0,0.0,-3.406,50.767,,,,
FES_large_hydro_Indian_Queens_2035,Z17,PQ,,0.708,0.0,False,0.0,inf,,0.0,1.0,,,-inf,inf,0.0,1.0,large_hydro,0.0,0.0,True,0,inf,0.0,,,0.0,1.0,False,0.0,0.0,0.0,0,0,1,0,,,,,1.0,0.0,-4.901,50.395,,,,
FES_large_hydro_Landulph_2035,Z17,PQ,,5.163,0.0,False,0.0,inf,,0.0,1.0,,,-inf,inf,0.0,1.0,large_hydro,0.0,0.0,True,0,inf,0.0,,,0.0,1.0,False,0.0,0.0,0.0,0,0,1,0,,,,,1.0,0.0,-4.242,50.444,,,,
FES_large_hydro_Pembroke_2035,Z17,PQ,,0.548,0.0,False,0.0,inf,,0.0,1.0,,,-inf,inf,0.0,1.0,large_hydro,0.0,0.0,True,0,inf,0.0,,,0.0,1.0,False,0.0,0.0,0.0,0,0,1,0,,,,,1.0,0.0,-4.987,51.682,,,,
FES_large_hydro_Taunton_2035,Z17,PQ,,0.151,0.0,False,0.0,inf,,0.0,1.0,,,-inf,inf,0.0,1.0,large_hydro,0.0,0.0,True,0,inf,0.0,,,0.0,1.0,False,0.0,0.0,0.0,0,0,1,0,,,,,1.0,0.0,-3.153,51.017,,,,
FES_large_hydro_Ardmore_2035,Z1_2,PQ,,0.139,0.0,False,0.0,inf,,0.0,1.0,,,-inf,inf,0.0,1.0,large_hydro,0.0,0.0,True,0,inf,0.0,,,0.0,1.0,False,0.0,0.0,0.0,0,0,1,0,,,,,1.0,0.0,-6.645,57.554,,,,
FES_large_hydro_Alness_2035,Z1_3,PQ,,6.153,0.0,False,0.0,inf,,0.0,1.0,,,-inf,inf,0.0,1.0,large_hydro,0.0,0.0,True,0,inf,0.0,,,0.0,1.0,False,0.0,0.0,0.0,0,0,1,0,,,,,1.0,0.0,-4.274,57.708,,,,
FES_large_hydro_Brora_2035,Z1_3,PQ,,0.342,0.0,False,0.0,inf,,0.0,1.0,,,-inf,inf,0.0,1.0,large_hydro,0.0,0.0,True,0,inf,0.0,,,0.0,1.0,False,0.0,0.0,0.0,0,0,1,0,,,,,1.0,0.0,-3.875,58.02,,,,
FES_large_hydro_Lairg_2035,Z1_3,PQ,,5.554,0.0,False,0.0,inf,,0.0,1.0,,,-inf,inf,0.0,1.0,large_hydro,0.0,0.0,True,0,inf,0.0,,,0.0,1.0,False,0.0,0.0,0.0,0,0,1,0,,,,,1.0,0.0,-4.395,58.008,,,,
FES_large_hydro_Shin_2035,Z1_3,PQ,,20.55,0.0,False,0.0,inf,,0.0,1.0,,,-inf,inf,0.0,1.0,large_hydro,0.0,0.0,True,0,inf,0.0,,,0.0,1.0,False,0.0,0.0,0.0,0,0,1,0,,,,,1.0,0.0,-4.404,57.938,,,,
FES_large_hydro_Thurso_2035,Z1_3,PQ,,0.139,0.0,False,0.0,inf,,0.0,1.0,,,-inf,inf,0.0,1.0,large_hydro,0.0,0.0,True,0,inf,0.0,,,0.0,1.0,False,0.0,0.0,0.0,0,0,1,0,,,,,1.0,0.0,-3.509,58.572,,,,
FES_large_hydro_Beauly_2035,Z1_4,PQ,,20.872,0.0,False,0.0,inf,,0.0,1.0,,,-inf,inf,0.0,1.0,large_hydro,0.0,0.0,True,0,inf,0.0,,,0.0,1.0,False,0.0,0.0,0.0,0,0,1,0,,,,,1.0,0.0,-4.49,57.468,,,,
FES_large_hydro_Broadford_2035,Z1_4,PQ,,3.17,0.0,False,0.0,inf,,0.0,1.0,,,-inf,inf,0.0,1.0,large_hydro,0.0,0.0,True,0,inf,0.0,,,0.0,1.0,False,0.0,0.0,0.0,0,0,1,0,,,,,1.0,0.0,-5.936,57.248,,,,
FES_large_hydro_Ceannacroc_2035,Z1_4,PQ,,21.792,0.0,False,0.0,inf,,0.0,1.0,,,-inf,inf,0.0,1.0,large_hydro,0.0,0.0,True,0,inf,0.0,,,0.0,1.0,False,0.0,0.0,0.0,0,0,1,0,,,,,1.0,0.0,-4.937,57.154,,,,
FES_large_hydro_DirectSHETL_Z1_4_2035,Z1_4,PQ,,725.0619999999998,0.0,False,0.0,inf,,0.0,1.0,,,-inf,inf,0.0,1.0,large_hydro,0.0,0.0,True,0,inf,0.0,,,0.0,1.0,False,0.0,0.0,0.0,0,0,1,0,,,,,1.0,0.0,-4.660913712177493,57.31048447164838,,,,
FES_large_hydro_DirectSPTL_Z1_4_2035,Z1_4,PQ,,13.090481727574751,0.0,False,0.0,inf,,0.0,1.0,,,-inf,inf,0.0,1.0,large_hydro,0.0,0.0,True,0,inf,0.0,,,0.0,1.0,False,0.0,0.0,0.0,0,0,1,0,,,,,1.0,0.0,-5.017984385004944,56.77179850308076,,,,
FES_large_hydro_Fasnakyle_2035,Z1_4,PQ,,31.779,0.0,False,0.0,inf,,0.0,1.0,,,-inf,inf,0.0,1.0,large_hydro,0.0,0.0,True,0,inf,0.0,,,0.0,1.0,False,0.0,0.0,0.0,0,0,1,0,,,,,1.0,0.0,-4.789,57.323,,,,
FES_large_hydro_Fort_Augustus_2035,Z1_4,PQ,,18.869,0.0,False,0.0,inf,,0.0,1.0,,,-inf,inf,0.0,1.0,large_hydro,0.0,0.0,True,0,inf,0.0,,,0.0,1.0,False,0.0,0.0,0.0,0,0,1,0,,,,,1.0,0.0,-4.715,57.137,,,,
FES_large_hydro_Fort_William_2035,Z1_4,PQ,,110.02,0.0,False,0.0,inf,,0.0,1.0,,,-inf,inf,0.0,1.0,large_hydro,0.0,0.0,True,0,inf,0.0,,,0.0,1.0,False,0.0,0.0,0.0,0,0,1,0,,,,,1.0,0.0,-5.074,56.819,,,,
FES_large_hydro_Grudie_Bridge_2035,Z1_4,PQ,,49.696,0.0,False,0.0,inf,,0.0,1.0,,,-inf,inf,0.0,1.0,large_hydro,0.0,0.0,True,0,inf,0.0,,,0.0,1.0,False,0.0,0.0,0.0,0,0,1,0,,,,,1.0,0.0,-4.83,57.615,,,,
FES_large_hydro_Inverness_2035,Z1_4,PQ,,9.294,0.0,False,0.0,inf,,0.0,1.0,,,-inf,inf,0.0,1.0,large_hydro,0.0,0.0,True,0,inf,0.0,,,0.0,1.0,False,0.0,0.0,0.0,0,0,1,0,,,,,1.0,0.0,-4.241,57.452,,,,
FES_large_hydro_Kinlochleven_2035,Z1_4,PQ,,27.792,0.0,False,0.0,inf,,0.0,1.0,,,-inf,inf,0.0,1.0,large_hydro,0.0,0.0,True,0,inf,0.0,,,0.0,1.0,False,0.0,0.0,0.0,0,0,1,0,,,,,1.0,0.0,-4.95,56.714,,,,
FES_large_hydro_Quoich_2035,Z1_4,PQ,,18.0,0.0,False,0.0,inf,,0.0,1.0,,,-inf,inf,0.0,1.0,large_hydro,0.0,0.0,True,0,inf,0.0,,,0.0,1.0,False,0.0,0.0,0.0,0,0,1,0,,,,,1.0,0.0,-5.108,57.07,,,,
FES_large_hydro_Boat_of_Garten_2035,Z2,PQ,,9.492,0.0,False,0.0,inf,,0.0,1.0,,,-inf,inf,0.0,1.0,large_hydro,0.0,0.0,True,0,inf,0.0,,,0.0,1.0,False,0.0,0.0,0.0,0,0,1,0,,,,,1.0,0.0,-3.723,57.249,,,,
FES_large_hydro_Bridge_of_Dun_2035,Z2,PQ,,0.17,0.0,False,0.0,inf,,0.0,1.0,,,-inf,inf,0.0,1.0,large_hydro,0.0,0.0,True,0,inf,0.0,,,0.0,1.0,False,0.0,0.0,0.0,0,0,1,0,,,,,1.0,0.0,-2.557,56.72,,,,
FES_large_hydro_Dyce_2035,Z2,PQ,,0.041,0.0,False,0.0,inf,,0.0,1.0,,,-inf,inf,0.0,1.0,large_hydro,0.0,0.0,True,0,inf,0.0,,,0.0,1.0,False,0.0,0.0,0.0,0,0,1,0,,,,,1.0,0.0,-2.181,57.211,,,,
FES_large_hydro_Elgin_2035,Z2,PQ,,0.056,0.0,False,0.0,inf,,0.0,1.0,,,-inf,inf,0.0,1.0,large_hydro,0.0,0.0,True,0,inf,0.0,,,0.0,1.0,False,0.0,0.0,0.0,0,0,1,0,,,,,1.0,0.0,-3.317,57.662,,,,
FES_large_hydro_Fiddes_2035,Z2,PQ,,0.013,0.0,False,0.0,inf,,0.0,1.0,,,-inf,inf,0.0,1.0,large_hydro,0.0,0.0,True,0,inf,0.0,,,0.0,1.0,False,0.0,0.0,0.0,0,0,1,0,,,,,1.0,0.0,-2.292,56.921,,,,
FES_large_hydro_Keith_2035,Z2,PQ,,2.721,0.0,False,0.0,inf,,0.0,1.0,,,-inf,inf,0.0,1.0,large_hydro,0.0,0.0,True,0,inf,0.0,,,0.0,1.0,False,0.0,0.0,0.0,0,0,1,0,,,,,1.0,0.0,-2.933,57.538,,,,
FES_large_hydro_Lunanhead_2035,Z2,PQ,,1.608,0.0,False,0.0,inf,,0.0,1.0,,,-inf,inf,0.0,1.0,large_hydro,0.0,0.0,True,0,inf,0.0,,,0.0,1.0,False,0.0,0.0,0.0,0,0,1,0,,,,,1.0,0.0,-2.865,56.654,,,,
FES_large_hydro_Nairn_2035,Z2,PQ,,40.567,0.0,False,0.0,inf,,0.0,1.0,,,-inf,inf,0.0,1.0,large_hydro,0.0,0.0,True,0,inf,0.0,,,0.0,1.0,False,0.0,0.0,0.0,0,0,1,0,,,,,1.0,0.0,-3.845,57.574,,,,
FES_large_hydro_Tarland_2035,Z2,PQ,,2.404,0.0,False,0.0,inf,,0.0,1.0,,,-inf,inf,0.0,1.0,large_hydro,0.0,0.0,True,0,inf,0.0,,,0.0,1.0,False,0.0,0.0,0.0,0,0,1,0,,,,,1.0,0.0,-2.788,57.152,,,,
FES_large_hydro_Willowdale_2035,Z2,PQ,,2.507,0.0,False,0.0,inf,,0.0,1.0,,,-inf,inf,0.0,1.0,large_hydro,0.0,0.0,True,0,inf,0.0,,,0.0,1.0,False,0.0,0.0,0.0,0,0,1,0,,,,,1.0,0.0,-2.097,57.154,,,,
FES_large_hydro_Abernethy_2035,Z3,PQ,,1.475,0.0,False,0.0,inf,,0.0,1.0,,,-inf,inf,0.0,1.0,large_hydro,0.0,0.0,True,0,inf,0.0,,,0.0,1.0,False,0.0,0.0,0.0,0,0,1,0,,,,,1.0,0.0,-3.294,56.339,,,,
FES_large_hydro_Ardkinglas_2035,Z3,PQ,,4.661,0.0,False,0.0,inf,,0.0,1.0,,,-inf,inf,0.0,1.0,large_hydro,0.0,0.0,True,0,inf,0.0,,,0.0,1.0,False,0.0,0.0,0.0,0,0,1,0,,,,,1.0,0.0,-4.956,56.287,,,,
FES_large_hydro_Braco_West_2035,Z3,PQ,,5.251,0.0,False,0.0,inf,,0.0,1.0,,,-inf,inf,0.0,1.0,large_hydro,0.0,0.0,True,0,inf,0.0,,,0.0,1.0,False,0.0,0.0,0.0,0,0,1,0,,,,,1.0,0.0,-3.878,56.276,,,,
FES_large_hydro_Burghmuir_2035,Z3,PQ,,0.959,0.0,False,0.0,inf,,0.0,1.0,,,-inf,inf,0.0,1.0,large_hydro,0.0,0.0,True,0,inf,0.0,,,0.0,1.0,False,0.0,0.0,0.0,0,0,1,0,,,,,1.0,0.0,-3.488,56.397,,,,
FES_large_hydro_Cassley_2035,Z3,PQ,,14.107,0.0,False,0.0,inf,,0.0,1.0,,,-inf,inf,0.0,1.0,large_hydro,0.0,0.0,True,0,inf,0.0,,,0.0,1.0,False,0.0,0.0,0.0,0,0,1,0,,,,,1.0,0.0,-4.517,56.542,,,,
FES_large_hydro_Charleston_2035,Z3,PQ,,1.346,0.0,False,0.0,inf,,0.0,1.0,,,-inf,inf,0.0,1.0,large_hydro,0.0,0.0,True,0,inf,0.0,,,0.0,1.0,False,0.0,0.0,0.0,0,0,1,0,,,,,1.0,0.0,-3.045,56.474,,,,
FES_large_hydro_Clachan_2035,Z3,PQ,,53.49,0.0,False,0.0,inf,,0.0,1.0,,,-inf,inf,0.0,1.0,large_hydro,0.0,0.0,True,0,inf,0.0,,,0.0,1.0,False,0.0,0.0,0.0,0,0,1,0,,,,,1.0,0.0,-4.922,56.277,,,,
FES_large_hydro_Coupar_Angus_2035,Z3,PQ,,2.214,0.0,False,0.0,inf,,0.0,1.0,,,-inf,inf,0.0,1.0,large_hydro,0.0,0.0,True,0,inf,0.0,,,0.0,1.0,False,0.0,0.0,0.0,0,0,1,0,,,,,1.0,0.0,-3.273,56.538,,,,
FES_large_hydro_Devonside_2035,Z3,PQ,,1.094,0.0,False,0.0,inf,,0.0,1.0,,,-inf,inf,0.0,1.0,large_hydro,0.0,0.0,True,0,inf,0.0,,,0.0,1.0,False,0.0,0.0,0.0,0,0,1,0,,,,,1.0,0.0,-3.779,56.137,,,,
FES_large_hydro_DirectSPTL_Z3_2035,Z3,PQ,,10.22451827242525,0.0,False,0.0,inf,,0.0,1.0,,,-inf,inf,0.0,1.0,large_hydro,0.0,0.0,True,0,inf,0.0,,,0.0,1.0,False,0.0,0.0,0.0,0,0,1,0,,,,,1.0,0.0,-4.075640672694951,56.64952876124871,,,,
FES_large_hydro_Glenrothes_2035,Z3,PQ,,0.943,0.0,False,0.0,inf,,0.0,1.0,,,-inf,inf,0.0,1.0,large_hydro,0.0,0.0,True,0,inf,0.0,,,0.0,1.0,False,0.0,0.0,0.0,0,0,1,0,,,,,1.0,0.0,-3.196,56.204,,,,
FES_large_hydro_Killin_2035,Z3,PQ,,24.519,0.0,False,0.0,inf,,0.0,1.0,,,-inf,inf,0.0,1.0,large_hydro,0.0,0.0,True,0,inf,0.0,,,0.0,1.0,False,0.0,0.0,0.0,0,0,1,0,,,,,1.0,0.0,-4.325,56.475,,,,
FES_large_hydro_Lyndhurst_2035,Z3,PQ,,0.196,0.0,False,0.0,inf,,0.0,1.0,,,-inf,inf,0.0,1.0,large_hydro,0.0,0.0,True,0,inf,0.0,,,0.0,1.0,False,0.0,0.0,0.0,0,0,1,0,,,,,1.0,0.0,-3.017,56.481,,,,
FES_large_hydro_Milton_of_Craigie_2035,Z3,PQ,,1.133,0.0,False,0.0,inf,,0.0,1.0,,,-inf,inf,0.0,1.0,large_hydro,0.0,0.0,True,0,inf,0.0,,,0.0,1.0,False,0.0,0.0,0.0,0,0,1,0,,,,,1.0,0.0,-2.917,56.469,,,,
FES_large_hydro_Rannoch_2035,Z3,PQ,,62.554,0.0,False,0.0,inf,,0.0,1.0,,,-inf,inf,0.0,1.0,large_hydro,0.0,0.0,True,0,inf,0.0,,,0.0,1.0,False,0.0,0.0,0.0,0,0,1,0,,,,,1.0,0.0,-4.399,56.69,,,,
FES_large_hydro_Sloy_2035,Z3,PQ,,72.5,0.0,False,0.0,inf,,0.0,1.0,,,-inf,inf,0.0,1.0,large_hydro,0.0,0.0,True,0,inf,0.0,,,0.0,1.0,False,0.0,0.0,0.0,0,0,1,0,,,,,1.0,0.0,-4.704,56.246,,,,
FES_large_hydro_Stirling_2035,Z3,PQ,,0.433,0.0,False,0.0,inf,,0.0,1.0,,,-inf,inf,0.0,1.0,large_hydro,0.0,0.0,True,0,inf,0.0,,,0.0,1.0,False,0.0,0.0,0.0,0,0,1,0,,,,,1.0,0.0,-3.915,56.116,,,,
FES_large_hydro_Taynuilt_2035,Z3,PQ,,52.512,0.0,False,0.0,inf,,0.0,1.0,,,-inf,inf,0.0,1.0,large_hydro,0.0,0.0,True,0,inf,0.0,,,0.0,1.0,False,0.0,0.0,0.0,0,0,1,0,,,,,1.0,0.0,-5.214,56.43,,,,
FES_large_hydro_Tummel_Bridge_2035,Z3,PQ,,18.3,0.0,False,0.0,inf,,0.0,1.0,,,-inf,inf,0.0,1.0,large_hydro,0.0,0.0,True,0,inf,0.0,,,0.0,1.0,False,0.0,0.0,0.0,0,0,1,0,,,,,1.0,0.0,-4.016,56.706,,,,
FES_large_hydro_Carradale_2035,Z4,PQ,,1.47,0.0,False,0.0,inf,,0.0,1.0,,,-inf,inf,0.0,1.0,large_hydro,0.0,0.0,True,0,inf,0.0,,,0.0,1.0,False,0.0,0.0,0.0,0,0,1,0,,,,,1.0,0.0,-5.502,55.59,,,,
FES_large_hydro_Dunoon_2035,Z4,PQ,,11.13,0.0,False,0.0,inf,,0.0,1.0,,,-inf,inf,0.0,1.0,large_hydro,0.0,0.0,True,0,inf,0.0,,,0.0,1.0,False,0.0,0.0,0.0,0,0,1,0,,,,,1.0,0.0,-4.94,55.975,,,,
FES_large_hydro_Port_Ann_2035,Z4,PQ,,14.12,0.0,False,0.0,inf,,0.0,1.0,,,-inf,inf,0.0,1.0,large_hydro,0.0,0.0,True,0,inf,0.0,,,0.0,1.0,False,0.0,0.0,0.0,0,0,1,0,,,,,1.0,0.0,-5.35,56.026,,,,
FES_large_hydro_Saltcoats_A_2035,Z4,PQ,,1.181,0.0,False,0.0,inf,,0.0,1.0,,,-inf,inf,0.0,1.0,large_hydro,0.0,0.0,True,0,inf,0.0,,,0.0,1.0,False,0.0,0.0,0.0,0,0,1,0,,,,,1.0,0.0,-4.794,55.646,,,,
FES_large_hydro_Saltcoats_B_2035,Z4,PQ,,1.181,0.0,False,0.0,inf,,0.0,1.0,,,-inf,inf,0.0,1.0,large_hydro,0.0,0.0,True,0,inf,0.0,,,0.0,1.0,False,0.0,0.0,0.0,0,0,1,0,,,,,1.0,0.0,-4.794,55.646,,,,
FES_large_hydro_Spango_Valley_2035,Z4,PQ,,0.064,0.0,False,0.0,inf,,0.0,1.0,,,-inf,inf,0.0,1.0,large_hydro,0.0,0.0,True,0,inf,0.0,,,0.0,1.0,False,0.0,0.0,0.0,0,0,1,0,,,,,1.0,0.0,-4.811,55.936,,,,
FES_large_hydro_Bonnybridge_2035,Z5,PQ,,0.87,0.0,False,0.0,inf,,0.0,1.0,,,-inf,inf,0.0,1.0,large_hydro,0.0,0.0,True,0,inf,0.0,,,0.0,1.0,False,0.0,0.0,0.0,0,0,1,0,,,,,1.0,0.0,-3.86,56.007,,,,
FES_large_hydro_Cockenzie_2035,Z5,PQ,,0.038,0.0,False,0.0,inf,,0.0,1.0,,,-inf,inf,0.0,1.0,large_hydro,0.0,0.0,True,0,inf,0.0,,,0.0,1.0,False,0.0,0.0,0.0,0,0,1,0,,,,,1.0,0.0,-2.967,55.967,,,,
FES_large_hydro_Coylton_2035,Z5,PQ,,2.218,0.0,False,0.0,inf,,0.0,1.0,,,-inf,inf,0.0,1.0,large_hydro,0.0,0.0,True,0,inf,0.0,,,0.0,1.0,False,0.0,0.0,0.0,0,0,1,0,,,,,1.0,0.0,-4.429,55.447,,,,
FES_large_hydro_Devol_Moor_2035,Z5,PQ,,0.026,0.0,False,0.0,inf,,0.0,1.0,,,-inf,inf,0.0,1.0,large_hydro,0.0,0.0,True,0,inf,0.0,,,0.0,1.0,False,0.0,0.0,0.0,0,0,1,0,,,,,1.0,0.0,-4.677,55.927,,,,
FES_large_hydro_East_Kilbride_2035,Z5,PQ,,0.662,0.0,False,0.0,inf,,0.0,1.0,,,-inf,inf,0.0,1.0,large_hydro,0.0,0.0,True,0,inf,0.0,,,0.0,1.0,False,0.0,0.0,0.0,0,0,1,0,,,,,1.0,0.0,-4.192,55.785,,,,
FES_large_hydro_Kaimes_2035,Z5,PQ,,0.475,0.0,False,0.0,inf,,0.0,1.0,,,-inf,inf,0.0,1.0,large_hydro,0.0,0.0,True,0,inf,0.0,,,0.0,1.0,False,0.0,0.0,0.0,0,0,1,0,,,,,1.0,0.0,-3.163,55.891,,,,
FES_large_hydro_Maybole_2035,Z5,PQ,,1.035,0.0,False,0.0,inf,,0.0,1.0,,,-inf,inf,0.0,1.0,large_hydro,0.0,0.0,True,0,inf,0.0,,,0.0,1.0,False,0.0,0.0,0.0,0,0,1,0,,,,,1.0,0.0,-4.677,55.337,,,,
FES_large_hydro_Sighthill_2035,Z5,PQ,,0.285,0.0,False,0.0,inf,,0.0,1.0,,,-inf,inf,0.0,1.0,large_hydro,0.0,0.0,True,0,inf,0.0,,,0.0,1.0,False,0.0,0.0,0.0,0,0,1,0,,,,,1.0,0.0,-3.3,55.926,,,,
FES_large_hydro_Strathaven_2035,Z5,PQ,,0.099,0.0,False,0.0,inf,,0.0,1.0,,,-inf,inf,0.0,1.0,large_hydro,0.0,0.0,True,0,inf,0.0,,,0.0,1.0,False,0.0,0.0,0.0,0,0,1,0,,,,,1.0,0.0,-4.08,55.753,,,,
FES_large_hydro_Strathleven_2035,Z5,PQ,,2.967,0.0,False,0.0,inf,,0.0,1.0,,,-inf,inf,0.0,1.0,large_hydro,0.0,0.0,True,0,inf,0.0,,,0.0,1.0,False,0.0,0.0,0.0,0,0,1,0,,,,,1.0,0.0,-4.576,55.947,,,,
FES_large_hydro_Whitehouse_2035,Z5,PQ,,0.006,0.0,False,0.0,inf,,0.0,1.0,,,-inf,inf,0.0,1.0,large_hydro,0.0,0.0,True,0,inf,0.0,,,0.0,1.0,False,0.0,0.0,0.0,0,0,1,0,,,,,1.0,0.0,-3.199,55.93,,,,
FES_large_hydro_Chapelcross_2035,Z6,PQ,,0.628,0.0,False,0.0,inf,,0.0,1.0,,,-inf,inf,0.0,1.0,large_hydro,0.0,0.0,True,0,inf,0.0,,,0.0,1.0,False,0.0,0.0,0.0,0,0,1,0,,,,,1.0,0.0,-3.221,55.014,,,,
FES_large_hydro_Dumfries_11_2035,Z6,PQ,,0.301,0.0,False,0.0,inf,,0.0,1.0,,,-inf,inf,0.0,1.0,large_hydro,0.0,0.0,True,0,inf,0.0,,,0.0,1.0,False,0.0,0.0,0.0,0,0,1,0,,,,,1.0,0.0,-3.583,55.062,,,,
FES_large_hydro_Dumfries_33_2035,Z6,PQ,,0.301,0.0,False,0.0,inf,,0.0,1.0,,,-inf,inf,0.0,1.0,large_hydro,0.0,0.0,True,0,inf,0.0,,,0.0,1.0,False,0.0,0.0,0.0,0,0,1,0,,,,,1.0,0.0,-3.583,55.062,,,,
FES_large_hydro_Dumfries_ICI_2035,Z6,PQ,,0.301,0.0,False,0.0,inf,,0.0,1.0,,,-inf,inf,0.0,1.0,large_hydro,0.0,0.0,True,0,inf,0.0,,,0.0,1.0,False,0.0,0.0,0.0,0,0,1,0,,,,,1.0,0.0,-3.583,55.062,,,,
FES_large_hydro_Earlstoun_2035,Z6,PQ,,1.54,0.0,False,0.0,inf,,0.0,1.0,,,-inf,inf,0.0,1.0,large_hydro,0.0,0.0,True,0,inf,0.0,,,0.0,1.0,False,0.0,0.0,0.0,0,0,1,0,,,,,1.0,0.0,-4.169,55.11,,,,
FES_large_hydro_Galashiels_2035,Z6,PQ,,0.491,0.0,False,0.0,inf,,0.0,1.0,,,-inf,inf,0.0,1.0,large_hydro,0.0,0.0,True,0,inf,0.0,,,0.0,1.0,False,0.0,0.0,0.0,0,0,1,0,,,,,1.0,0.0,-2.767,55.608,,,,
FES_large_hydro_Glenlee_2035,Z6,PQ,,48.841,0.0,False,0.0,inf,,0.0,1.0,,,-inf,inf,0.0,1.0,large_hydro,0.0,0.0,True,0,inf,0.0,,,0.0,1.0,False,0.0,0.0,0.0,0,0,1,0,,,,,1.0,0.0,-4.181,55.097,,,,
FES_large_hydro_Glenluce_2035,Z6,PQ,,0.27,0.0,False,0.0,inf,,0.0,1.0,,,-inf,inf,0.0,1.0,large_hydro,0.0,0.0,True,0,inf,0.0,,,0.0,1.0,False,0.0,0.0,0.0,0,0,1,0,,,,,1.0,0.0,-4.798,54.877,,,,
FES_large_hydro_Harker_2035,Z6,PQ,,14.007,0.0,False,0.0,inf,,0.0,1.0,,,-inf,inf,0.0,1.0,large_hydro,0.0,0.0,True,0,inf,0.0,,,0.0,1.0,False,0.0,0.0,0.0,0,0,1,0,,,,,1.0,0.0,-2.964,54.942,,,,
FES_large_hydro_Hawick_2035,Z6,PQ,,0.017,0.0,False,0.0,inf,,0.0,1.0,,,-inf,inf,0.0,1.0,large_hydro,0.0,0.0,True,0,inf,0.0,,,0.0,1.0,False,0.0,0.0,0.0,0,0,1,0,,,,,1.0,0.0,-2.791,55.428,,,,
FES_large_hydro_Kendoon_2035,Z6,PQ,,51.668,0.0,False,0.0,inf,,0.0,1.0,,,-inf,inf,0.0,1.0,large_hydro,0.0,0.0,True,0,inf,0.0,,,0.0,1.0,False,0.0,0.0,0.0,0,0,1,0,,,,,1.0,0.0,-4.181,55.161,,,,
FES_large_hydro_Tongland_2035,Z6,PQ,,34.337,0.0,False,0.0,inf,,0.0,1.0,,,-inf,inf,0.0,1.0,large_hydro,0.0,0.0,True,0,inf,0.0,,,0.0,1.0,False,0.0,0.0,0.0,0,0,1,0,,,,,1.0,0.0,-4.026,54.855,,,,
FES_large_hydro_Blyth_132kV_2035,Z7,PQ,,0.035,0.0,False,0.0,inf,,0.0,1.0,,,-inf,inf,0.0,1.0,large_hydro,0.0,0.0,True,0,inf,0.0,,,0.0,1.0,False,0.0,0.0,0.0,0,0,1,0,,,,,1.0,0.0,-1.531,55.141,,,,
FES_large_hydro_Hutton_2035,Z7,PQ,,5.611,0.0,False,0.0,inf,,0.0,1.0,,,-inf,inf,0.0,1.0,large_hydro,0.0,0.0,True,0,inf,0.0,,,0.0,1.0,False,0.0,0.0,0.0,0,0,1,0,,,,,1.0,0.0,-2.672,54.298,,,,
FES_large_hydro_Norton_2035,Z7,PQ,,1.313,0.0,False,0.0,inf,,0.0,1.0,,,-inf,inf,0.0,1.0,large_hydro,0.0,0.0,True,0,inf,0.0,,,0.0,1.0,False,0.0,0.0,0.0,0,0,1,0,,,,,1.0,0.0,-1.363,54.592,,,,
FES_large_hydro_Spennymoor_2035,Z7,PQ,,1.341,0.0,False,0.0,inf,,0.0,1.0,,,-inf,inf,0.0,1.0,large_hydro,0.0,0.0,True,0,inf,0.0,,,0.0,1.0,False,0.0,0.0,0.0,0,0,1,0,,,,,1.0,0.0,-1.554,54.705,,,,
FES_large_hydro_Stella_South_2035,Z7,PQ,,0.221,0.0,False,0.0,inf,,0.0,1.0,,,-inf,inf,0.0,1.0,large_hydro,0.0,0.0,True,0,inf,0.0,,,0.0,1.0,False,0.0,0.0,0.0,0,0,1,0,,,,,1.0,0.0,-1.733,54.974,,,,
FES_large_hydro_Bradford_West_2035,Z8,PQ,,1.318,0.0,False,0.0,inf,,0.0,1.0,,,-inf,inf,0.0,1.0,large_hydro,0.0,0.0,True,0,inf,0.0,,,0.0,1.0,False,0.0,0.0,0.0,0,0,1,0,,,,,1.0,0.0,-1.867,53.81,,,,
FES_large_hydro_Camblesforth_66kV_Drax_2035,Z8,PQ,,0.36,0.0,False,0.0,inf,,0.0,1.0,,,-inf,inf,0.0,1.0,large_hydro,0.0,0.0,True,0,inf,0.0,,,0.0,1.0,False,0.0,0.0,0.0,0,0,1,0,,,,,1.0,0.0,-1.001,53.729,,,,
FES_large_hydro_Elland_2035,Z8,PQ,,0.099,0.0,False,0.0,inf,,0.0,1.0,,,-inf,inf,0.0,1.0,large_hydro,0.0,0.0,True,0,inf,0.0,,,0.0,1.0,False,0.0,0.0,0.0,0,0,1,0,,,,,1.0,0.0,-1.823,53.695,,,,
FES_large_hydro_Ferrybridge_B_2035,Z8,PQ,,0.831,0.0,False,0.0,inf,,0.0,1.0,,,-inf,inf,0.0,1.0,large_hydro,0.0,0.0,True,0,inf,0.0,,,0.0,1.0,False,0.0,0.0,0.0,0,0,1,0,,,,,1.0,0.0,-1.278,53.722,,,,
FES_large_hydro_Knaresborough_2035,Z8,PQ,,0.387,0.0,False,0.0,inf,,0.0,1.0,,,-inf,inf,0.0,1.0,large_hydro,0.0,0.0,True,0,inf,0.0,,,0.0,1.0,False,0.0,0.0,0.0,0,0,1,0,,,,,1.0,0.0,-1.488,54.031,,,,
FES_large_hydro_Norton_Lees_2035,Z8,PQ,,0.139,0.0,False,0.0,inf,,0.0,1.0,,,-inf,inf,0.0,1.0,large_hydro,0.0,0.0,True,0,inf,0.0,,,0.0,1.0,False,0.0,0.0,0.0,0,0,1,0,,,,,1.0,0.0,-1.47,53.35,,,,
FES_large_hydro_Osbaldwick_2035,Z8,PQ,,7.734,0.0,False,0.0,inf,,0.0,1.0,,,-inf,inf,0.0,1.0,large_hydro,0.0,0.0,True,0,inf,0.0,,,0.0,1.0,False,0.0,0.0,0.0,0,0,1,0,,,,,1.0,0.0,-1.024,53.956,,,,
FES_large_hydro_Thorpe_Marsh_2035,Z8,PQ,,0.116,0.0,False,0.0,inf,,0.0,1.0,,,-inf,inf,0.0,1.0,large_hydro,0.0,0.0,True,0,inf,0.0,,,0.0,1.0,False,0.0,0.0,0.0,0,0,1,0,,,,,1.0,0.0,-1.087,53.579,,,,
FES_large_hydro_Thurcroft_2035,Z8,PQ,,0.308,0.0,False,0.0,inf,,0.0,1.0,,,-inf,inf,0.0,1.0,large_hydro,0.0,0.0,True,0,inf,0.0,,,0.0,1.0,False,0.0,0.0,0.0,0,0,1,0,,,,,1.0,0.0,-1.267,53.405,,,,
FES_large_hydro_West_Melton_2035,Z8,PQ,,1.862,0.0,False,0.0,inf,,0.0,1.0,,,-inf,inf,0.0,1.0,large_hydro,0.0,0.0,True,0,inf,0.0,,,0.0,1.0,False,0.0,0.0,0.0,0,0,1,0,,,,,1.0,0.0,-1.378,53.502,,,,
FES_large_hydro_Bredbury_2035,Z9,PQ,,0.173,0.0,False,0.0,inf,,0.0,1.0,,,-inf,inf,0.0,1.0,large_hydro,0.0,0.0,True,0,inf,0.0,,,0.0,1.0,False,0.0,0.0,0.0,0,0,1,0,,,,,1.0,0.0,-2.131,53.415,,,,
FES_large_hydro_Carrington_2035,Z9,PQ,,0.792,0.0,False,0.0,inf,,0.0,1.0,,,-inf,inf,0.0,1.0,large_hydro,0.0,0.0,True,0,inf,0.0,,,0.0,1.0,False,0.0,0.0,0.0,0,0,1,0,,,,,1.0,0.0,-2.4,53.435,,,,
FES_large_hydro_Connahs_Quay_2035,Z9,PQ,,0.229,0.0,False,0.0,inf,,0.0,1.0,,,-inf,inf,0.0,1.0,large_hydro,0.0,0.0,True,0,inf,0.0,,,0.0,1.0,False,0.0,0.0,0.0,0,0,1,0,,,,,1.0,0.0,-3.073,53.228,,,,
FES_large_hydro_Fiddlers_Ferry_Cuerdley_132kV_2035,Z9,PQ,,0.095,0.0,False,0.0,inf,,0.0,1.0,,,-inf,inf,0.0,1.0,large_hydro,0.0,0.0,True,0,inf,0.0,,,0.0,1.0,False,0.0,0.0,0.0,0,0,1,0,,,,,1.0,0.0,-2.688,53.372,,,,
FES_large_hydro_Heysham_NGET_2035,Z9,PQ,,0.395,0.0,False,0.0,inf,,0.0,1.0,,,-inf,inf,0.0,1.0,large_hydro,0.0,0.0,True,0,inf,0.0,,,0.0,1.0,False,0.0,0.0,0.0,0,0,1,0,,,,,1.0,0.0,-2.889,54.033,,,,
FES_large_hydro_Kearsley_132kV_2035,Z9,PQ,,0.203,0.0,False,0.0,inf,,0.0,1.0,,,-inf,inf,0.0,1.0,large_hydro,0.0,0.0,True,0,inf,0.0,,,0.0,1.0,False,0.0,0.0,0.0,0,0,1,0,,,,,1.0,0.0,-2.359,53.538,,,,
FES_large_hydro_Legacy_2035,Z9,PQ,,1.912,0.0,False,0.0,inf,,0.0,1.0,,,-inf,inf,0.0,1.0,large_hydro,0.0,0.0,True,0,inf,0.0,,,0.0,1.0,False,0.0,0.0,0.0,0,0,1,0,,,,,1.0,0.0,-3.052,53.029,,,,
FES_large_hydro_Macclesfield_2035,Z9,PQ,,0.013,0.0,False,0.0,inf,,0.0,1.0,,,-inf,inf,0.0,1.0,large_hydro,0.0,0.0,True,0,inf,0.0,,,0.0,1.0,False,0.0,0.0,0.0,0,0,1,0,,,,,1.0,0.0,-2.121,53.269,,,,
FES_large_hydro_Padiham_2035,Z9,PQ,,0.258,0.0,False,0.0,inf,,0.0,1.0,,,-inf,inf,0.0,1.0,large_hydro,0.0,0.0,True,0,inf,0.0,,,0.0,1.0,False,0.0,0.0,0.0,0,0,1,0,,,,,1.0,0.0,-2.327,53.795,,,,
FES_large_hydro_Pentir_2035,Z9,PQ,,44.851,0.0,False,0.0,inf,,0.0,1.0,,,-inf,inf,0.0,1.0,large_hydro,0.0,0.0,True,0,inf,0.0,,,0.0,1.0,False,0.0,0.0,0.0,0,0,1,0,,,,,1.0,0.0,-4.16,53.187,,,,
FES_large_hydro_Penwortham_East_2035,Z9,PQ,,0.232,0.0,False,0.0,inf,,0.0,1.0,,,-inf,inf,0.0,1.0,large_hydro,0.0,0.0,True,0,inf,0.0,,,0.0,1.0,False,0.0,0.0,0.0,0,0,1,0,,,,,1.0,0.0,-2.755,53.744,,,,
FES_large_hydro_Penwortham_West_2035,Z9,PQ,,0.465,0.0,False,0.0,inf,,0.0,1.0,,,-inf,inf,0.0,1.0,large_hydro,0.0,0.0,True,0,inf,0.0,,,0.0,1.0,False,0.0,0.0,0.0,0,0,1,0,,,,,1.0,0.0,-2.755,53.744,,,,
FES_large_hydro_Rochdale_2035,Z9,PQ,,0.101,0.0,False,0.0,inf,,0.0,1.0,,,-inf,inf,0.0,1.0,large_hydro,0.0,0.0,True,0,inf,0.0,,,0.0,1.0,False,0.0,0.0,0.0,0,0,1,0,,,,,1.0,0.0,-2.215,53.622,,,,
FES_large_hydro_South_Manchester_2035,Z9,PQ,,0.065,0.0,False,0.0,inf,,0.0,1.0,,,-inf,inf,0.0,1.0,large_hydro,0.0,0.0,True,0,inf,0.0,,,0.0,1.0,False,0.0,0.0,0.0,0,0,1,0,,,,,1.0,0.0,-2.275,53.422,,,,
FES_large_hydro_Stalybridge_2035,Z9,PQ,,0.141,0.0,False,0.0,inf,,0.0,1.0,,,-inf,inf,0.0,1.0,large_hydro,0.0,0.0,True,0,inf,0.0,,,0.0,1.0,False,0.0,0.0,0.0,0,0,1,0,,,,,1.0,0.0,-2.044,53.492,,,,
FES_large_hydro_Trawsfynydd_2035,Z9,PQ,,52.058,0.0,False,0.0,inf,,0.0,1.0,,,-inf,inf,0.0,1.0,large_hydro,0.0,0.0,True,0,inf,0.0,,,0.0,1.0,False,0.0,0.0,0.0,0,0,1,0,,,,,1.0,0.0,-3.951,52.929,,,,
FES_marine_Melksham_2035,Z13,PQ,,183.858,0.0,False,0.0,inf,,0.0,1.0,,,-inf,inf,0.0,1.0,marine,0.0,0.0,True,0,inf,0.0,,,0.0,1.0,False,0.0,0.0,0.0,0,0,1,0,,,,,1.0,0.0,-2.15,51.392,,,,
FES_marine_Indian_Queens_2035,Z17,PQ,,87.5,0.0,False,0.0,inf,,0.0,1.0,,,-inf,inf,0.0,1.0,marine,0.0,0.0,True,0,inf,0.0,,,0.0,1.0,False,0.0,0.0,0.0,0,0,1,0,,,,,1.0,0.0,-4.901,50.395,,,,
FES_marine_DirectNGET_Z1_1_2035,Z1_1,PQ,,6.386554621848738,0.0,False,0.0,inf,,0.0,1.0,,,-inf,inf,0.0,1.0,marine,0.0,0.0,True,0,inf,0.0,,,0.0,1.0,False,0.0,0.0,0.0,0,0,1,0,,,,,1.0,0.0,-1.265955122496672,60.52966957672529,,,,
FES_marine_DirectSHETL_Z1_1_2035,Z1_1,PQ,,4.470588235294117,0.0,False,0.0,inf,,0.0,1.0,,,-inf,inf,0.0,1.0,marine,0.0,0.0,True,0,inf,0.0,,,0.0,1.0,False,0.0,0.0,0.0,0,0,1,0,,,,,1.0,0.0,-1.265955122496672,60.52966957672529,,,,
FES_marine_DirectNGET_Z1_3_2035,Z1_3,PQ,,33.613445378151255,0.0,False,0.0,inf,,0.0,1.0,,,-inf,inf,0.0,1.0,marine,0.0,0.0,True,0,inf,0.0,,,0.0,1.0,False,0.0,0.0,0.0,0,0,1,0,,,,,1.0,0.0,-2.909115996537654,59.00720349719086,,,,
FES_marine_DirectSHETL_Z1_3_2035,Z1_3,PQ,,23.529411764705877,0.0,False,0.0,inf,,0.0,1.0,,,-inf,inf,0.0,1.0,marine,0.0,0.0,True,0,inf,0.0,,,0.0,1.0,False,0.0,0.0,0.0,0,0,1,0,,,,,1.0,0.0,-2.909115996537654,59.00720349719086,,,,
FES_solar_pv_Bicker_Fen_2035,Z10,PQ,,801.145,0.0,False,0.0,inf,,0.0,1.0,,,-inf,inf,0.0,1.0,solar_pv,0.0,0.0,True,0,inf,0.0,,,0.0,1.0,False,0.0,0.0,0.0,0,0,1,0,,,,,1.0,0.0,-0.221,52.931,,,,
FES_solar_pv_Chesterfield_2035,Z10,PQ,,535.551,0.0,False,0.0,inf,,0.0,1.0,,,-inf,inf,0.0,1.0,solar_pv,0.0,0.0,True,0,inf,0.0,,,0.0,1.0,False,0.0,0.0,0.0,0,0,1,0,,,,,1.0,0.0,-1.387,53.224,,,,
FES_solar_pv_DirectNGET_Z10_2035,Z10,PQ,,1235.156558186453,0.0,False,0.0,inf,,0.0,1.0,,,-inf,inf,0.0,1.0,solar_pv,0.0,0.0,True,0,inf,0.0,,,0.0,1.0,False,0.0,0.0,0.0,0,0,1,0,,,,,1.0,0.0,-0.6396076992692863,53.15462462577444,,,,
FES_solar_pv_Grimsby_West_2035,Z10,PQ,,231.18900000000002,0.0,False,0.0,inf,,0.0,1.0,,,-inf,inf,0.0,1.0,solar_pv,0.0,0.0,True,0,inf,0.0,,,0.0,1.0,False,0.0,0.0,0.0,0,0,1,0,,,,,1.0,0.0,-0.151,53.566,,,,
FES_solar_pv_Staythorpe_2035,Z10,PQ,,773.805,0.0,False,0.0,inf,,0.0,1.0,,,-inf,inf,0.0,1.0,solar_pv,0.0,0.0,True,0,inf,0.0,,,0.0,1.0,False,0.0,0.0,0.0,0,0,1,0,,,,,1.0,0.0,-0.869,53.077,,,,
FES_solar_pv_Stoke_Bardolph_2035,Z10,PQ,,252.52800000000002,0.0,False,0.0,inf,,0.0,1.0,,,-inf,inf,0.0,1.0,solar_pv,0.0,0.0,True,0,inf,0.0,,,0.0,1.0,False,0.0,0.0,0.0,0,0,1,0,,,,,1.0,0.0,-1.051,52.96,,,,
FES_solar_pv_West_Burton_2035,Z10,PQ,,447.414,0.0,False,0.0,inf,,0.0,1.0,,,-inf,inf,0.0,1.0,solar_pv,0.0,0.0,True,0,inf,0.0,,,0.0,1.0,False,0.0,0.0,0.0,0,0,1,0,,,,,1.0,0.0,-0.807,53.36,,,,
FES_solar_pv_Berkswell_2035,Z11,PQ,,197.978,0.0,False,0.0,inf,,0.0,1.0,,,-inf,inf,0.0,1.0,solar_pv,0.0,0.0,True,0,inf,0.0,,,0.0,1.0,False,0.0,0.0,0.0,0,0,1,0,,,,,1.0,0.0,-1.614,52.387,,,,
FES_solar_pv_Bishops_Wood_2035,Z11,PQ,,525.795,0.0,False,0.0,inf,,0.0,1.0,,,-inf,inf,0.0,1.0,solar_pv,0.0,0.0,True,0,inf,0.0,,,0.0,1.0,False,0.0,0.0,0.0,0,0,1,0,,,,,1.0,0.0,-2.243,52.312,,,,
FES_solar_pv_Bushbury_2035,Z11,PQ,,133.681,0.0,False,0.0,inf,,0.0,1.0,,,-inf,inf,0.0,1.0,solar_pv,0.0,0.0,True,0,inf,0.0,,,0.0,1.0,False,0.0,0.0,0.0,0,0,1,0,,,,,1.0,0.0,-2.115,52.636,,,,
FES_solar_pv_Bustleholme_2035,Z11,PQ,,109.594,0.0,False,0.0,inf,,0.0,1.0,,,-inf,inf,0.0,1.0,solar_pv,0.0,0.0,True,0,inf,0.0,,,0.0,1.0,False,0.0,0.0,0.0,0,0,1,0,,,,,1.0,0.0,-1.964,52.553,,,,
FES_solar_pv_Cellarhead_2035,Z11,PQ,,416.288,0.0,False,0.0,inf,,0.0,1.0,,,-inf,inf,0.0,1.0,solar_pv,0.0,0.0,True,0,inf,0.0,,,0.0,1.0,False,0.0,0.0,0.0,0,0,1,0,,,,,1.0,0.0,-2.086,53.041,,,,
FES_solar_pv_Coventry_2035,Z11,PQ,,242.429,0.0,False,0.0,inf,,0.0,1.0,,,-inf,inf,0.0,1.0,solar_pv,0.0,0.0,True,0,inf,0.0,,,0.0,1.0,False,0.0,0.0,0.0,0,0,1,0,,,,,1.0,0.0,-1.464,52.456,,,,
FES_solar_pv_DirectNGET_Z11_2035,Z11,PQ,,1553.961856053815,0.0,False,0.0,inf,,0.0,1.0,,,-inf,inf,0.0,1.0,solar_pv,0.0,0.0,True,0,inf,0.0,,,0.0,1.0,False,0.0,0.0,0.0,0,0,1,0,,,,,1.0,0.0,-1.5387683464684017,52.50315067104964,,,,
FES_solar_pv_Drakelow_2035,Z11,PQ,,256.896,0.0,False,0.0,inf,,0.0,1.0,,,-inf,inf,0.0,1.0,solar_pv,0.0,0.0,True,0,inf,0.0,,,0.0,1.0,False,0.0,0.0,0.0,0,0,1,0,,,,,1.0,0.0,-1.649,52.773,,,,
FES_solar_pv_Enderby_2035,Z11,PQ,,372.73900000000003,0.0,False,0.0,inf,,0.0,1.0,,,-inf,inf,0.0,1.0,solar_pv,0.0,0.0,True,0,inf,0.0,,,0.0,1.0,False,0.0,0.0,0.0,0,0,1,0,,,,,1.0,0.0,-1.215,52.598,,,,
FES_solar_pv_Feckenham_2035,Z11,PQ,,588.395,0.0,False,0.0,inf,,0.0,1.0,,,-inf,inf,0.0,1.0,solar_pv,0.0,0.0,True,0,inf,0.0,,,0.0,1.0,False,0.0,0.0,0.0,0,0,1,0,,,,,1.0,0.0,-1.972,52.252,,,,
FES_solar_pv_Grendon_2035,Z11,PQ,,1178.362,0.0,False,0.0,inf,,0.0,1.0,,,-inf,inf,0.0,1.0,solar_pv,0.0,0.0,True,0,inf,0.0,,,0.0,1.0,False,0.0,0.0,0.0,0,0,1,0,,,,,1.0,0.0,-0.726,52.243,,,,
FES_solar_pv_Hams_Hall_Lea_Marston_132kV_2035,Z11,PQ,,187.57999999999998,0.0,False,0.0,inf,,0.0,1.0,,,-inf,inf,0.0,1.0,solar_pv,0.0,0.0,True,0,inf,0.0,,,0.0,1.0,False,0.0,0.0,0.0,0,0,1,0,,,,,1.0,0.0,-1.709,52.529,,,,
FES_solar_pv_Ironbridge_2035,Z11,PQ,,259.033,0.0,False,0.0,inf,,0.0,1.0,,,-inf,inf,0.0,1.0,solar_pv,0.0,0.0,True,0,inf,0.0,,,0.0,1.0,False,0.0,0.0,0.0,0,0,1,0,,,,,1.0,0.0,-2.51,52.632,,,,
FES_solar_pv_Kitwell_2035,Z11,PQ,,90.299,0.0,False,0.0,inf,,0.0,1.0,,,-inf,inf,0.0,1.0,solar_pv,0.0,0.0,True,0,inf,0.0,,,0.0,1.0,False,0.0,0.0,0.0,0,0,1,0,,,,,1.0,0.0,-2.013,52.431,,,,
FES_solar_pv_Nechells_2035,Z11,PQ,,162.66,0.0,False,0.0,inf,,0.0,1.0,,,-inf,inf,0.0,1.0,solar_pv,0.0,0.0,True,0,inf,0.0,,,0.0,1.0,False,0.0,0.0,0.0,0,0,1,0,,,,,1.0,0.0,-1.851,52.507,,,,
FES_solar_pv_Ocker_Hill_2035,Z11,PQ,,51.897999999999996,0.0,False,0.0,inf,,0.0,1.0,,,-inf,inf,0.0,1.0,solar_pv,0.0,0.0,True,0,inf,0.0,,,0.0,1.0,False,0.0,0.0,0.0,0,0,1,0,,,,,1.0,0.0,-2.033,52.541,,,,
FES_solar_pv_Oldbury_2035,Z11,PQ,,63.230000000000004,0.0,False,0.0,inf,,0.0,1.0,,,-inf,inf,0.0,1.0,solar_pv,0.0,0.0,True,0,inf,0.0,,,0.0,1.0,False,0.0,0.0,0.0,0,0,1,0,,,,,1.0,0.0,-2.022,52.499,,,,
FES_solar_pv_Penn_2035,Z11,PQ,,19.289,0.0,False,0.0,inf,,0.0,1.0,,,-inf,inf,0.0,1.0,solar_pv,0.0,0.0,True,0,inf,0.0,,,0.0,1.0,False,0.0,0.0,0.0,0,0,1,0,,,,,1.0,0.0,-2.208,52.556,,,,
FES_solar_pv_Ratcliffe_2035,Z11,PQ,,482.15,0.0,False,0.0,inf,,0.0,1.0,,,-inf,inf,0.0,1.0,solar_pv,0.0,0.0,True,0,inf,0.0,,,0.0,1.0,False,0.0,0.0,0.0,0,0,1,0,,,,,1.0,0.0,-1.253,52.863,,,,
FES_solar_pv_Rugeley_2035,Z11,PQ,,180.58,0.0,False,0.0,inf,,0.0,1.0,,,-inf,inf,0.0,1.0,solar_pv,0.0,0.0,True,0,inf,0.0,,,0.0,1.0,False,0.0,0.0,0.0,0,0,1,0,,,,,1.0,0.0,-1.913,52.754,,,,
FES_solar_pv_Shrewsbury_2035,Z11,PQ,,371.21299999999997,0.0,False,0.0,inf,,0.0,1.0,,,-inf,inf,0.0,1.0,solar_pv,0.0,0.0,True,0,inf,0.0,,,0.0,1.0,False,0.0,0.0,0.0,0,0,1,0,,,,,1.0,0.0,-2.693,52.71,,,,
FES_solar_pv_Willenhall_2035,Z11,PQ,,97.522,0.0,False,0.0,inf,,0.0,1.0,,,-inf,inf,0.0,1.0,solar_pv,0.0,0.0,True,0,inf,0.0,,,0.0,1.0,False,0.0,0.0,0.0,0,0,1,0,,,,,1.0,0.0,-2.06,52.577,,,,
FES_solar_pv_Willington_2035,Z11,PQ,,348.196,0.0,False,0.0,inf,,0.0,1.0,,,-inf,inf,0.0,1.0,solar_pv,0.0,0.0,True,0,inf,0.0,,,0.0,1.0,False,0.0,0.0,0.0,0,0,1,0,,,,,1.0,0.0,-1.549,52.856,,,,
FES_solar_pv_Braintree_2035,Z12,PQ,,211.41,0.0,False,0.0,inf,,0.0,1.0,,,-inf,inf,0.0,1.0,solar_pv,0.0,0.0,True,0,inf,0.0,,,0.0,1.0,False,0.0,0.0,0.0,0,0,1,0,,,,,1.0,0.0,0.576,51.865,,,,
FES_solar_pv_Bramford_2035,Z12,PQ,,921.0719999999999,0.0,False,0.0,inf,,0.0,1.0,,,-inf,inf,0.0,1.0,solar_pv,0.0,0.0,True,0,inf,0.0,,,0.0,1.0,False,0.0,0.0,0.0,0,0,1,0,,,,,1.0,0.0,1.063,52.07,,,,
FES_solar_pv_Burwell_Main_2035,Z12,PQ,,1426.818,0.0,False,0.0,inf,,0.0,1.0,,,-inf,inf,0.0,1.0,solar_pv,0.0,0.0,True,0,inf,0.0,,,0.0,1.0,False,0.0,0.0,0.0,0,0,1,0,,,,,1.0,0.0,0.312,52.28,,,,
FES_solar_pv_DirectNGET_Z12_2035,Z12,PQ,,2318.2124704644334,0.0,False,0.0,inf,,0.0,1.0,,,-inf,inf,0.0,1.0,solar_pv,0.0,0.0,True,0,inf,0.0,,,0.0,1.0,False,0.0,0.0,0.0,0,0,1,0,,,,,1.0,0.0,0.5603525115061968,52.33312652099435,,,,
FES_solar_pv_Eaton_Socon_2035,Z12,PQ,,672.534,0.0,False,0.0,inf,,0.0,1.0,,,-inf,inf,0.0,1.0,solar_pv,0.0,0.0,True,0,inf,0.0,,,0.0,1.0,False,0.0,0.0,0.0,0,0,1,0,,,,,1.0,0.0,-0.303,52.215,,,,
FES_solar_pv_Norwich_Main_2035,Z12,PQ,,1345.131,0.0,False,0.0,inf,,0.0,1.0,,,-inf,inf,0.0,1.0,solar_pv,0.0,0.0,True,0,inf,0.0,,,0.0,1.0,False,0.0,0.0,0.0,0,0,1,0,,,,,1.0,0.0,1.272,52.573,,,,
FES_solar_pv_Pelham_2035,Z12,PQ,,436.422,0.0,False,0.0,inf,,0.0,1.0,,,-inf,inf,0.0,1.0,solar_pv,0.0,0.0,True,0,inf,0.0,,,0.0,1.0,False,0.0,0.0,0.0,0,0,1,0,,,,,1.0,0.0,0.117,51.935,,,,
FES_solar_pv_Walpole__A_2035,Z12,PQ,,809.558,0.0,False,0.0,inf,,0.0,1.0,,,-inf,inf,0.0,1.0,solar_pv,0.0,0.0,True,0,inf,0.0,,,0.0,1.0,False,0.0,0.0,0.0,0,0,1,0,,,,,1.0,0.0,0.199,52.728,,,,
FES_solar_pv_Walpole__B_2035,Z12,PQ,,503.424,0.0,False,0.0,inf,,0.0,1.0,,,-inf,inf,0.0,1.0,solar_pv,0.0,0.0,True,0,inf,0.0,,,0.0,1.0,False,0.0,0.0,0.0,0,0,1,0,,,,,1.0,0.0,0.199,52.728,,,,
FES_solar_pv_Aberthaw_2035,Z13,PQ,,186.471,0.0,False,0.0,inf,,0.0,1.0,,,-inf,inf,0.0,1.0,solar_pv,0.0,0.0,True,0,inf,0.0,,,0.0,1.0,False,0.0,0.0,0.0,0,0,1,0,,,,,1.0,0.0,-3.403,51.385,,,,
FES_solar_pv_Alpha_Steel_Uskmouth_2035,Z13,PQ,,13.919,0.0,False,0.0,inf,,0.0,1.0,,,-inf,inf,0.0,1.0,solar_pv,0.0,0.0,True,0,inf,0.0,,,0.0,1.0,False,0.0,0.0,0.0,0,0,1,0,,,,,1.0,0.0,-2.976,51.549,,,,
FES_solar_pv_Cardiff_East_2035,Z13,PQ,,92.963,0.0,False,0.0,inf,,0.0,1.0,,,-inf,inf,0.0,1.0,solar_pv,0.0,0.0,True,0,inf,0.0,,,0.0,1.0,False,0.0,0.0,0.0,0,0,1,0,,,,,1.0,0.0,-3.145,51.495,,,,
FES_solar_pv_DirectNGET_Z13_2035,Z13,PQ,,2974.2052997916676,0.0,False,0.0,inf,,0.0,1.0,,,-inf,inf,0.0,1.0,solar_pv,0.0,0.0,True,0,inf,0.0,,,0.0,1.0,False,0.0,0.0,0.0,0,0,1,0,,,,,1.0,0.0,-2.98377643208857,51.61298425527892,,,,
FES_solar_pv_Imperial_Park_2035,Z13,PQ,,250.594,0.0,False,0.0,inf,,0.0,1.0,,,-inf,inf,0.0,1.0,solar_pv,0.0,0.0,True,0,inf,0.0,,,0.0,1.0,False,0.0,0.0,0.0,0,0,1,0,,,,,1.0,0.0,-3.031,51.547,,,,
FES_solar_pv_Iron_Acton_2035,Z13,PQ,,739.527,0.0,False,0.0,inf,,0.0,1.0,,,-inf,inf,0.0,1.0,solar_pv,0.0,0.0,True,0,inf,0.0,,,0.0,1.0,False,0.0,0.0,0.0,0,0,1,0,,,,,1.0,0.0,-2.481,51.569,,,,
FES_solar_pv_Margam_Grange_66kV_2035,Z13,PQ,,47.686,0.0,False,0.0,inf,,0.0,1.0,,,-inf,inf,0.0,1.0,solar_pv,0.0,0.0,True,0,inf,0.0,,,0.0,1.0,False,0.0,0.0,0.0,0,0,1,0,,,,,1.0,0.0,-3.754,51.56,,,,
FES_solar_pv_Melksham_2035,Z13,PQ,,1222.684,0.0,False,0.0,inf,,0.0,1.0,,,-inf,inf,0.0,1.0,solar_pv,0.0,0.0,True,0,inf,0.0,,,0.0,1.0,False,0.0,0.0,0.0,0,0,1,0,,,,,1.0,0.0,-2.15,51.392,,,,
FES_solar_pv_Minety_2035,Z13,PQ,,917.473,0.0,False,0.0,inf,,0.0,1.0,,,-inf,inf,0.0,1.0,solar_pv,0.0,0.0,True,0,inf,0.0,,,0.0,1.0,False,0.0,0.0,0.0,0,0,1,0,,,,,1.0,0.0,-2.001,51.607,,,,
FES_solar_pv_Pyle_2035,Z13,PQ,,132.148,0.0,False,0.0,inf,,0.0,1.0,,,-inf,inf,0.0,1.0,solar_pv,0.0,0.0,True,0,inf,0.0,,,0.0,1.0,False,0.0,0.0,0.0,0,0,1,0,,,,,1.0,0.0,-3.688,51.536,,,,
FES_solar_pv_Rassau_2035,Z13,PQ,,469.10900000000004,0.0,False,0.0,inf,,0.0,1.0,,,-inf,inf,0.0,1.0,solar_pv,0.0,0.0,True,0,inf,0.0,,,0.0,1.0,False,0.0,0.0,0.0,0,0,1,0,,,,,1.0,0.0,-3.226,51.809,,,,
FES_solar_pv_Seabank_2035,Z13,PQ,,509.605,0.0,False,0.0,inf,,0.0,1.0,,,-inf,inf,0.0,1.0,solar_pv,0.0,0.0,True,0,inf,0.0,,,0.0,1.0,False,0.0,0.0,0.0,0,0,1,0,,,,,1.0,0.0,-2.67,51.536,,,,
FES_solar_pv_Swansea_North_2035,Z13,PQ,,834.061,0.0,False,0.0,inf,,0.0,1.0,,,-inf,inf,0.0,1.0,solar_pv,0.0,0.0,True,0,inf,0.0,,,0.0,1.0,False,0.0,0.0,0.0,0,0,1,0,,,,,1.0,0.0,-3.961,51.683,,,,
FES_solar_pv_Upper_Boat_132kV_2035,Z13,PQ,,144.499,0.0,False,0.0,inf,,0.0,1.0,,,-inf,inf,0.0,1.0,solar_pv,0.0,0.0,True,0,inf,0.0,,,0.0,1.0,False,0.0,0.0,0.0,0,0,1,0,,,,,1.0,0.0,-3.298,51.575,,,,
FES_solar_pv_Upper_Boat_33kV_2035,Z13,PQ,,41.005,0.0,False,0.0,inf,,0.0,1.0,,,-inf,inf,0.0,1.0,solar_pv,0.0,0.0,True,0,inf,0.0,,,0.0,1.0,False,0.0,0.0,0.0,0,0,1,0,,,,,1.0,0.0,-3.3,51.576,,,,
FES_solar_pv_Uskmouth_2035,Z13,PQ,,346.613,0.0,False,0.0,inf,,0.0,1.0,,,-inf,inf,0.0,1.0,solar_pv,0.0,0.0,True,0,inf,0.0,,,0.0,1.0,False,0.0,0.0,0.0,0,0,1,0,,,,,1.0,0.0,-2.976,51.549,,,,
FES_solar_pv_Walham_2035,Z13,PQ,,408.77,0.0,False,0.0,inf,,0.0,1.0,,,-inf,inf,0.0,1.0,solar_pv,0.0,0.0,True,0,inf,0.0,,,0.0,1.0,False,0.0,0.0,0.0,0,0,1,0,,,,,1.0,0.0,-2.266,51.872,,,,
FES_solar_pv_Acton_Lane_22kV_2035,Z14,PQ,,7.59,0.0,False,0.0,inf,,0.0,1.0,,,-inf,inf,0.0,1.0,solar_pv,0.0,0.0,True,0,inf,0.0,,,0.0,1.0,False,0.0,0.0,0.0,0,0,1,0,,,,,1.0,0.0,-0.257,51.535,,,,
FES_solar_pv_Acton_Lane_66kV_2035,Z14,PQ,,23.96,0.0,False,0.0,inf,,0.0,1.0,,,-inf,inf,0.0,1.0,solar_pv,0.0,0.0,True,0,inf,0.0,,,0.0,1.0,False,0.0,0.0,0.0,0,0,1,0,,,,,1.0,0.0,-0.257,51.535,,,,
FES_solar_pv_Amersham_Main_2035,Z14,PQ,,52.474999999999994,0.0,False,0.0,inf,,0.0,1.0,,,-inf,inf,0.0,1.0,solar_pv,0.0,0.0,True,0,inf,0.0,,,0.0,1.0,False,0.0,0.0,0.0,0,0,1,0,,,,,1.0,0.0,-0.655,51.664,,,,
FES_solar_pv_Barking_West_2035,Z14,PQ,,10.437,0.0,False,0.0,inf,,0.0,1.0,,,-inf,inf,0.0,1.0,solar_pv,0.0,0.0,True,0,inf,0.0,,,0.0,1.0,False,0.0,0.0,0.0,0,0,1,0,,,,,1.0,0.0,0.107,51.516,,,,
FES_solar_pv_Barking_2035,Z14,PQ,,71.929,0.0,False,0.0,inf,,0.0,1.0,,,-inf,inf,0.0,1.0,solar_pv,0.0,0.0,True,0,inf,0.0,,,0.0,1.0,False,0.0,0.0,0.0,0,0,1,0,,,,,1.0,0.0,0.113,51.518,,,,
FES_solar_pv_Beddington_LPN_2035,Z14,PQ,,29.12,0.0,False,0.0,inf,,0.0,1.0,,,-inf,inf,0.0,1.0,solar_pv,0.0,0.0,True,0,inf,0.0,,,0.0,1.0,False,0.0,0.0,0.0,0,0,1,0,,,,,1.0,0.0,-0.129,51.374,,,,
FES_solar_pv_Beddington_SPN_2035,Z14,PQ,,85.137,0.0,False,0.0,inf,,0.0,1.0,,,-inf,inf,0.0,1.0,solar_pv,0.0,0.0,True,0,inf,0.0,,,0.0,1.0,False,0.0,0.0,0.0,0,0,1,0,,,,,1.0,0.0,-0.129,51.374,,,,
FES_solar_pv_Brimsdown_2035,Z14,PQ,,142.562,0.0,False,0.0,inf,,0.0,1.0,,,-inf,inf,0.0,1.0,solar_pv,0.0,0.0,True,0,inf,0.0,,,0.0,1.0,False,0.0,0.0,0.0,0,0,1,0,,,,,1.0,0.0,-0.025,51.664,,,,
FES_solar_pv_Canal_Bank_Willesden_66kV_2035,Z14,PQ,,7.59,0.0,False,0.0,inf,,0.0,1.0,,,-inf,inf,0.0,1.0,solar_pv,0.0,0.0,True,0,inf,0.0,,,0.0,1.0,False,0.0,0.0,0.0,0,0,1,0,,,,,1.0,0.0,-0.257,51.535,,,,
FES_solar_pv_Chessington_2035,Z14,PQ,,69.85300000000001,0.0,False,0.0,inf,,0.0,1.0,,,-inf,inf,0.0,1.0,solar_pv,0.0,0.0,True,0,inf,0.0,,,0.0,1.0,False,0.0,0.0,0.0,0,0,1,0,,,,,1.0,0.0,-0.323,51.343,,,,
FES_solar_pv_City_Road_2035,Z14,PQ,,11.664,0.0,False,0.0,inf,,0.0,1.0,,,-inf,inf,0.0,1.0,solar_pv,0.0,0.0,True,0,inf,0.0,,,0.0,1.0,False,0.0,0.0,0.0,0,0,1,0,,,,,1.0,0.0,-0.096,51.531,,,,
FES_solar_pv_Cowley_2035,Z14,PQ,,895.1460000000001,0.0,False,0.0,inf,,0.0,1.0,,,-inf,inf,0.0,1.0,solar_pv,0.0,0.0,True,0,inf,0.0,,,0.0,1.0,False,0.0,0.0,0.0,0,0,1,0,,,,,1.0,0.0,-1.191,51.71,,,,
FES_solar_pv_DirectNGET_Z14_2035,Z14,PQ,,669.1934937191662,0.0,False,0.0,inf,,0.0,1.0,,,-inf,inf,0.0,1.0,solar_pv,0.0,0.0,True,0,inf,0.0,,,0.0,1.0,False,0.0,0.0,0.0,0,0,1,0,,,,,1.0,0.0,-0.49626243165426454,51.7477375274269,,,,
FES_solar_pv_Ealing_2035,Z14,PQ,,29.098,0.0,False,0.0,inf,,0.0,1.0,,,-inf,inf,0.0,1.0,solar_pv,0.0,0.0,True,0,inf,0.0,,,0.0,1.0,False,0.0,0.0,0.0,0,0,1,0,,,,,1.0,0.0,-0.297,51.502,,,,
FES_solar_pv_East_Claydon_2035,Z14,PQ,,447.125,0.0,False,0.0,inf,,0.0,1.0,,,-inf,inf,0.0,1.0,solar_pv,0.0,0.0,True,0,inf,0.0,,,0.0,1.0,False,0.0,0.0,0.0,0,0,1,0,,,,,1.0,0.0,-0.908,51.927,,,,
FES_solar_pv_Elstree_2035,Z14,PQ,,83.77199999999999,0.0,False,0.0,inf,,0.0,1.0,,,-inf,inf,0.0,1.0,solar_pv,0.0,0.0,True,0,inf,0.0,,,0.0,1.0,False,0.0,0.0,0.0,0,0,1,0,,,,,1.0,0.0,-0.342,51.66,,,,
FES_solar_pv_Greenford_Willesden_66kV_2035,Z14,PQ,,7.59,0.0,False,0.0,inf,,0.0,1.0,,,-inf,inf,0.0,1.0,solar_pv,0.0,0.0,True,0,inf,0.0,,,0.0,1.0,False,0.0,0.0,0.0,0,0,1,0,,,,,1.0,0.0,-0.257,51.535,,,,
FES_solar_pv_Hackney_132kV_2035,Z14,PQ,,43.727,0.0,False,0.0,inf,,0.0,1.0,,,-inf,inf,0.0,1.0,solar_pv,0.0,0.0,True,0,inf,0.0,,,0.0,1.0,False,0.0,0.0,0.0,0,0,1,0,,,,,1.0,0.0,-0.041,51.559,,,,
FES_solar_pv_Hackney_66kV_2035,Z14,PQ,,10.437,0.0,False,0.0,inf,,0.0,1.0,,,-inf,inf,0.0,1.0,solar_pv,0.0,0.0,True,0,inf,0.0,,,0.0,1.0,False,0.0,0.0,0.0,0,0,1,0,,,,,1.0,0.0,-0.044,51.56,,,,
FES_solar_pv_Hurst_2035,Z14,PQ,,51.224,0.0,False,0.0,inf,,0.0,1.0,,,-inf,inf,0.0,1.0,solar_pv,0.0,0.0,True,0,inf,0.0,,,0.0,1.0,False,0.0,0.0,0.0,0,0,1,0,,,,,1.0,0.0,0.154,51.436,,,,
FES_solar_pv_Iver_132kV_2035,Z14,PQ,,77.112,0.0,False,0.0,inf,,0.0,1.0,,,-inf,inf,0.0,1.0,solar_pv,0.0,0.0,True,0,inf,0.0,,,0.0,1.0,False,0.0,0.0,0.0,0,0,1,0,,,,,1.0,0.0,-0.498,51.542,,,,
FES_solar_pv_Iver_66kV_2035,Z14,PQ,,27.225,0.0,False,0.0,inf,,0.0,1.0,,,-inf,inf,0.0,1.0,solar_pv,0.0,0.0,True,0,inf,0.0,,,0.0,1.0,False,0.0,0.0,0.0,0,0,1,0,,,,,1.0,0.0,-0.497,51.541,,,,
FES_solar_pv_Laleham_2035,Z14,PQ,,36.191,0.0,False,0.0,inf,,0.0,1.0,,,-inf,inf,0.0,1.0,solar_pv,0.0,0.0,True,0,inf,0.0,,,0.0,1.0,False,0.0,0.0,0.0,0,0,1,0,,,,,1.0,0.0,-0.469,51.424,,,,
FES_solar_pv_Littlebrook_LPN_2035,Z14,PQ,,41.525999999999996,0.0,False,0.0,inf,,0.0,1.0,,,-inf,inf,0.0,1.0,solar_pv,0.0,0.0,True,0,inf,0.0,,,0.0,1.0,False,0.0,0.0,0.0,0,0,1,0,,,,,1.0,0.0,0.244,51.461,,,,
FES_solar_pv_Littlebrook_SPN_2035,Z14,PQ,,12.805,0.0,False,0.0,inf,,0.0,1.0,,,-inf,inf,0.0,1.0,solar_pv,0.0,0.0,True,0,inf,0.0,,,0.0,1.0,False,0.0,0.0,0.0,0,0,1,0,,,,,1.0,0.0,0.244,51.461,,,,
FES_solar_pv_Lodge_Road_St_Johns_Wood_2035,Z14,PQ,,16.401,0.0,False,0.0,inf,,0.0,1.0,,,-inf,inf,0.0,1.0,solar_pv,0.0,0.0,True,0,inf,0.0,,,0.0,1.0,False,0.0,0.0,0.0,0,0,1,0,,,,,1.0,0.0,-0.171,51.528,,,,
FES_solar_pv_Loudwater_Amersham_2035,Z14,PQ,,25.208,0.0,False,0.0,inf,,0.0,1.0,,,-inf,inf,0.0,1.0,solar_pv,0.0,0.0,True,0,inf,0.0,,,0.0,1.0,False,0.0,0.0,0.0,0,0,1,0,,,,,1.0,0.0,-0.655,51.664,,,,
FES_solar_pv_Mill_Hill_2035,Z14,PQ,,29.403,0.0,False,0.0,inf,,0.0,1.0,,,-inf,inf,0.0,1.0,solar_pv,0.0,0.0,True,0,inf,0.0,,,0.0,1.0,False,0.0,0.0,0.0,0,0,1,0,,,,,1.0,0.0,-0.21,51.618,,,,
FES_solar_pv_New_Cross_66kV_2035,Z14,PQ,,58.869,0.0,False,0.0,inf,,0.0,1.0,,,-inf,inf,0.0,1.0,solar_pv,0.0,0.0,True,0,inf,0.0,,,0.0,1.0,False,0.0,0.0,0.0,0,0,1,0,,,,,1.0,0.0,-0.061,51.484,,,,
FES_solar_pv_North_Hyde_2035,Z14,PQ,,42.345,0.0,False,0.0,inf,,0.0,1.0,,,-inf,inf,0.0,1.0,solar_pv,0.0,0.0,True,0,inf,0.0,,,0.0,1.0,False,0.0,0.0,0.0,0,0,1,0,,,,,1.0,0.0,-0.411,51.499,,,,
FES_solar_pv_Northfleet_East_2035,Z14,PQ,,338.786,0.0,False,0.0,inf,,0.0,1.0,,,-inf,inf,0.0,1.0,solar_pv,0.0,0.0,True,0,inf,0.0,,,0.0,1.0,False,0.0,0.0,0.0,0,0,1,0,,,,,1.0,0.0,0.33,51.428,,,,
FES_solar_pv_Perivale_Willesden_66kV_2035,Z14,PQ,,7.59,0.0,False,0.0,inf,,0.0,1.0,,,-inf,inf,0.0,1.0,solar_pv,0.0,0.0,True,0,inf,0.0,,,0.0,1.0,False,0.0,0.0,0.0,0,0,1,0,,,,,1.0,0.0,-0.257,51.535,,,,
FES_solar_pv_Redbridge_2035,Z14,PQ,,29.089,0.0,False,0.0,inf,,0.0,1.0,,,-inf,inf,0.0,1.0,solar_pv,0.0,0.0,True,0,inf,0.0,,,0.0,1.0,False,0.0,0.0,0.0,0,0,1,0,,,,,1.0,0.0,0.044,51.589,,,,
FES_solar_pv_Rye_House_2035,Z14,PQ,,179.839,0.0,False,0.0,inf,,0.0,1.0,,,-inf,inf,0.0,1.0,solar_pv,0.0,0.0,True,0,inf,0.0,,,0.0,1.0,False,0.0,0.0,0.0,0,0,1,0,,,,,1.0,0.0,0.003,51.758,,,,
FES_solar_pv_St_Johns_Wood_2035,Z14,PQ,,19.236,0.0,False,0.0,inf,,0.0,1.0,,,-inf,inf,0.0,1.0,solar_pv,0.0,0.0,True,0,inf,0.0,,,0.0,1.0,False,0.0,0.0,0.0,0,0,1,0,,,,,1.0,0.0,-0.172,51.527,,,,
FES_solar_pv_Sundon_2035,Z14,PQ,,496.905,0.0,False,0.0,inf,,0.0,1.0,,,-inf,inf,0.0,1.0,solar_pv,0.0,0.0,True,0,inf,0.0,,,0.0,1.0,False,0.0,0.0,0.0,0,0,1,0,,,,,1.0,0.0,-0.502,51.933,,,,
FES_solar_pv_Tottenham_2035,Z14,PQ,,51.559999999999995,0.0,False,0.0,inf,,0.0,1.0,,,-inf,inf,0.0,1.0,solar_pv,0.0,0.0,True,0,inf,0.0,,,0.0,1.0,False,0.0,0.0,0.0,0,0,1,0,,,,,1.0,0.0,-0.049,51.604,,,,
FES_solar_pv_Warley_2035,Z14,PQ,,255.722,0.0,False,0.0,inf,,0.0,1.0,,,-inf,inf,0.0,1.0,solar_pv,0.0,0.0,True,0,inf,0.0,,,0.0,1.0,False,0.0,0.0,0.0,0,0,1,0,,,,,1.0,0.0,0.301,51.553,,,,
FES_solar_pv_Watford_South_2035,Z14,PQ,,79.272,0.0,False,0.0,inf,,0.0,1.0,,,-inf,inf,0.0,1.0,solar_pv,0.0,0.0,True,0,inf,0.0,,,0.0,1.0,False,0.0,0.0,0.0,0,0,1,0,,,,,1.0,0.0,-0.405,51.642,,,,
FES_solar_pv_West_Ham_2035,Z14,PQ,,48.565999999999995,0.0,False,0.0,inf,,0.0,1.0,,,-inf,inf,0.0,1.0,solar_pv,0.0,0.0,True,0,inf,0.0,,,0.0,1.0,False,0.0,0.0,0.0,0,0,1,0,,,,,1.0,0.0,0.002,51.52,,,,
FES_solar_pv_West_Thurrock_2035,Z14,PQ,,23.070999999999998,0.0,False,0.0,inf,,0.0,1.0,,,-inf,inf,0.0,1.0,solar_pv,0.0,0.0,True,0,inf,0.0,,,0.0,1.0,False,0.0,0.0,0.0,0,0,1,0,,,,,1.0,0.0,0.289,51.472,,,,
FES_solar_pv_West_Weybridge_2035,Z14,PQ,,132.09799999999998,0.0,False,0.0,inf,,0.0,1.0,,,-inf,inf,0.0,1.0,solar_pv,0.0,0.0,True,0,inf,0.0,,,0.0,1.0,False,0.0,0.0,0.0,0,0,1,0,,,,,1.0,0.0,-0.489,51.348,,,,
FES_solar_pv_Willesden_132kV_2035,Z14,PQ,,12.105,0.0,False,0.0,inf,,0.0,1.0,,,-inf,inf,0.0,1.0,solar_pv,0.0,0.0,True,0,inf,0.0,,,0.0,1.0,False,0.0,0.0,0.0,0,0,1,0,,,,,1.0,0.0,-0.257,51.535,,,,
FES_solar_pv_Willesden_66kV_2035,Z14,PQ,,19.333,0.0,False,0.0,inf,,0.0,1.0,,,-inf,inf,0.0,1.0,solar_pv,0.0,0.0,True,0,inf,0.0,,,0.0,1.0,False,0.0,0.0,0.0,0,0,1,0,,,,,1.0,0.0,-0.257,51.535,,,,
FES_solar_pv_Wimbledon_North_2035,Z14,PQ,,27.848,0.0,False,0.0,inf,,0.0,1.0,,,-inf,inf,0.0,1.0,solar_pv,0.0,0.0,True,0,inf,0.0,,,0.0,1.0,False,0.0,0.0,0.0,0,0,1,0,,,,,1.0,0.0,-0.188,51.431,,,,
FES_solar_pv_Wimbledon_South_2035,Z14,PQ,,86.21000000000001,0.0,False,0.0,inf,,0.0,1.0,,,-inf,inf,0.0,1.0,solar_pv,0.0,0.0,True,0,inf,0.0,,,0.0,1.0,False,0.0,0.0,0.0,0,0,1,0,,,,,1.0,0.0,-0.188,51.431,,,,
FES_solar_pv_Wymondley_2035,Z14,PQ,,222.709,0.0,False,0.0,inf,,0.0,1.0,,,-inf,inf,0.0,1.0,solar_pv,0.0,0.0,True,0,inf,0.0,,,0.0,1.0,False,0.0,0.0,0.0,0,0,1,0,,,,,1.0,0.0,-0.25,51.929,,,,
FES_solar_pv_Canterbury_2035,Z15,PQ,,324.295,0.0,False,0.0,inf,,0.0,1.0,,,-inf,inf,0.0,1.0,solar_pv,0.0,0.0,True,0,inf,0.0,,,0.0,1.0,False,0.0,0.0,0.0,0,0,1,0,,,,,1.0,0.0,1.094,51.292,,,,
FES_solar_pv_Clacton_Bramford_2035,Z15,PQ,,74.557,0.0,False,0.0,inf,,0.0,1.0,,,-inf,inf,0.0,1.0,solar_pv,0.0,0.0,True,0,inf,0.0,,,0.0,1.0,False,0.0,0.0,0.0,0,0,1,0,,,,,1.0,0.0,1.179,51.826,,,,
FES_solar_pv_DirectNGET_Z15_2035,Z15,PQ,,1285.5380658598765,0.0,False,0.0,inf,,0.0,1.0,,,-inf,inf,0.0,1.0,solar_pv,0.0,0.0,True,0,inf,0.0,,,0.0,1.0,False,0.0,0.0,0.0,0,0,1,0,,,,,1.0,0.0,0.824030638529015,51.277385611069555,,,,
FES_solar_pv_Kemsley_2035,Z15,PQ,,320.143,0.0,False,0.0,inf,,0.0,1.0,,,-inf,inf,0.0,1.0,solar_pv,0.0,0.0,True,0,inf,0.0,,,0.0,1.0,False,0.0,0.0,0.0,0,0,1,0,,,,,1.0,0.0,0.741,51.367,,,,
FES_solar_pv_Kingsnorth_2035,Z15,PQ,,156.87400000000002,0.0,False,0.0,inf,,0.0,1.0,,,-inf,inf,0.0,1.0,solar_pv,0.0,0.0,True,0,inf,0.0,,,0.0,1.0,False,0.0,0.0,0.0,0,0,1,0,,,,,1.0,0.0,0.596,51.42,,,,
FES_solar_pv_Ninfield_2035,Z15,PQ,,401.549,0.0,False,0.0,inf,,0.0,1.0,,,-inf,inf,0.0,1.0,solar_pv,0.0,0.0,True,0,inf,0.0,,,0.0,1.0,False,0.0,0.0,0.0,0,0,1,0,,,,,1.0,0.0,0.45,50.881,,,,
FES_solar_pv_Rayleigh_2035,Z15,PQ,,492.581,0.0,False,0.0,inf,,0.0,1.0,,,-inf,inf,0.0,1.0,solar_pv,0.0,0.0,True,0,inf,0.0,,,0.0,1.0,False,0.0,0.0,0.0,0,0,1,0,,,,,1.0,0.0,0.569,51.594,,,,
FES_solar_pv_Richborough_2035,Z15,PQ,,264.939,0.0,False,0.0,inf,,0.0,1.0,,,-inf,inf,0.0,1.0,solar_pv,0.0,0.0,True,0,inf,0.0,,,0.0,1.0,False,0.0,0.0,0.0,0,0,1,0,,,,,1.0,0.0,1.346,51.309,,,,
FES_solar_pv_Sellindge_2035,Z15,PQ,,415.224,0.0,False,0.0,inf,,0.0,1.0,,,-inf,inf,0.0,1.0,solar_pv,0.0,0.0,True,0,inf,0.0,,,0.0,1.0,False,0.0,0.0,0.0,0,0,1,0,,,,,1.0,0.0,0.978,51.106,,,,
FES_solar_pv_Tilbury_2035,Z15,PQ,,267.43399999999997,0.0,False,0.0,inf,,0.0,1.0,,,-inf,inf,0.0,1.0,solar_pv,0.0,0.0,True,0,inf,0.0,,,0.0,1.0,False,0.0,0.0,0.0,0,0,1,0,,,,,1.0,0.0,0.392,51.461,,,,
FES_solar_pv_Bolney_2035,Z16,PQ,,389.947,0.0,False,0.0,inf,,0.0,1.0,,,-inf,inf,0.0,1.0,solar_pv,0.0,0.0,True,0,inf,0.0,,,0.0,1.0,False,0.0,0.0,0.0,0,0,1,0,,,,,1.0,0.0,-0.236,50.974,,,,
FES_solar_pv_Botley_Wood_2035,Z16,PQ,,311.664,0.0,False,0.0,inf,,0.0,1.0,,,-inf,inf,0.0,1.0,solar_pv,0.0,0.0,True,0,inf,0.0,,,0.0,1.0,False,0.0,0.0,0.0,0,0,1,0,,,,,1.0,0.0,-1.233,50.885,,,,
FES_solar_pv_Bramley_2035,Z16,PQ,,338.036,0.0,False,0.0,inf,,0.0,1.0,,,-inf,inf,0.0,1.0,solar_pv,0.0,0.0,True,0,inf,0.0,,,0.0,1.0,False,0.0,0.0,0.0,0,0,1,0,,,,,1.0,0.0,-1.077,51.335,,,,
FES_solar_pv_DirectNGET_Z16_2035,Z16,PQ,,1784.8809548912297,0.0,False,0.0,inf,,0.0,1.0,,,-inf,inf,0.0,1.0,solar_pv,0.0,0.0,True,0,inf,0.0,,,0.0,1.0,False,0.0,0.0,0.0,0,0,1,0,,,,,1.0,0.0,-1.1890668121683334,51.00688457975133,,,,
FES_solar_pv_Fawley_2035,Z16,PQ,,395.057,0.0,False,0.0,inf,,0.0,1.0,,,-inf,inf,0.0,1.0,solar_pv,0.0,0.0,True,0,inf,0.0,,,0.0,1.0,False,0.0,0.0,0.0,0,0,1,0,,,,,1.0,0.0,-1.33,50.821,,,,
FES_solar_pv_Fleet_2035,Z16,PQ,,459.462,0.0,False,0.0,inf,,0.0,1.0,,,-inf,inf,0.0,1.0,solar_pv,0.0,0.0,True,0,inf,0.0,,,0.0,1.0,False,0.0,0.0,0.0,0,0,1,0,,,,,1.0,0.0,-0.881,51.25,,,,
FES_solar_pv_Lovedean_2035,Z16,PQ,,704.741,0.0,False,0.0,inf,,0.0,1.0,,,-inf,inf,0.0,1.0,solar_pv,0.0,0.0,True,0,inf,0.0,,,0.0,1.0,False,0.0,0.0,0.0,0,0,1,0,,,,,1.0,0.0,-1.04,50.916,,,,
FES_solar_pv_Mannington_2035,Z16,PQ,,1110.272,0.0,False,0.0,inf,,0.0,1.0,,,-inf,inf,0.0,1.0,solar_pv,0.0,0.0,True,0,inf,0.0,,,0.0,1.0,False,0.0,0.0,0.0,0,0,1,0,,,,,1.0,0.0,-1.895,50.847,,,,
FES_solar_pv_Nursling_2035,Z16,PQ,,433.18600000000004,0.0,False,0.0,inf,,0.0,1.0,,,-inf,inf,0.0,1.0,solar_pv,0.0,0.0,True,0,inf,0.0,,,0.0,1.0,False,0.0,0.0,0.0,0,0,1,0,,,,,1.0,0.0,-1.488,50.941,,,,
FES_solar_pv_Abham_2035,Z17,PQ,,690.1179999999999,0.0,False,0.0,inf,,0.0,1.0,,,-inf,inf,0.0,1.0,solar_pv,0.0,0.0,True,0,inf,0.0,,,0.0,1.0,False,0.0,0.0,0.0,0,0,1,0,,,,,1.0,0.0,-3.729,50.472,,,,
FES_solar_pv_Alverdiscott_2035,Z17,PQ,,790.24,0.0,False,0.0,inf,,0.0,1.0,,,-inf,inf,0.0,1.0,solar_pv,0.0,0.0,True,0,inf,0.0,,,0.0,1.0,False,0.0,0.0,0.0,0,0,1,0,,,,,1.0,0.0,-4.137,51.006,,,,
FES_solar_pv_Axminster_2035,Z17,PQ,,613.024,0.0,False,0.0,inf,,0.0,1.0,,,-inf,inf,0.0,1.0,solar_pv,0.0,0.0,True,0,inf,0.0,,,0.0,1.0,False,0.0,0.0,0.0,0,0,1,0,,,,,1.0,0.0,-2.924,50.787,,,,
FES_solar_pv_Bridgewater_2035,Z17,PQ,,769.512,0.0,False,0.0,inf,,0.0,1.0,,,-inf,inf,0.0,1.0,solar_pv,0.0,0.0,True,0,inf,0.0,,,0.0,1.0,False,0.0,0.0,0.0,0,0,1,0,,,,,1.0,0.0,-2.969,51.117,,,,
FES_solar_pv_Chickerell_2035,Z17,PQ,,408.884,0.0,False,0.0,inf,,0.0,1.0,,,-inf,inf,0.0,1.0,solar_pv,0.0,0.0,True,0,inf,0.0,,,0.0,1.0,False,0.0,0.0,0.0,0,0,1,0,,,,,1.0,0.0,-2.489,50.624,,,,
FES_solar_pv_DirectNGET_Z17_2035,Z17,PQ,,2210.2168481084536,0.0,False,0.0,inf,,0.0,1.0,,,-inf,inf,0.0,1.0,solar_pv,0.0,0.0,True,0,inf,0.0,,,0.0,1.0,False,0.0,0.0,0.0,0,0,1,0,,,,,1.0,0.0,-3.8249917380544725,50.71464719042239,,,,
FES_solar_pv_Exeter_2035,Z17,PQ,,647.992,0.0,False,0.0,inf,,0.0,1.0,,,-inf,inf,0.0,1.0,solar_pv,0.0,0.0,True,0,inf,0.0,,,0.0,1.0,False,0.0,0.0,0.0,0,0,1,0,,,,,1.0,0.0,-3.406,50.767,,,,
FES_solar_pv_Indian_Queens_2035,Z17,PQ,,1059.274,0.0,False,0.0,inf,,0.0,1.0,,,-inf,inf,0.0,1.0,solar_pv,0.0,0.0,True,0,inf,0.0,,,0.0,1.0,False,0.0,0.0,0.0,0,0,1,0,,,,,1.0,0.0,-4.901,50.395,,,,
FES_solar_pv_Landulph_2035,Z17,PQ,,560.269,0.0,False,0.0,inf,,0.0,1.0,,,-inf,inf,0.0,1.0,solar_pv,0.0,0.0,True,0,inf,0.0,,,0.0,1.0,False,0.0,0.0,0.0,0,0,1,0,,,,,1.0,0.0,-4.242,50.444,,,,
FES_solar_pv_Pembroke_2035,Z17,PQ,,594.958,0.0,False,0.0,inf,,0.0,1.0,,,-inf,inf,0.0,1.0,solar_pv,0.0,0.0,True,0,inf,0.0,,,0.0,1.0,False,0.0,0.0,0.0,0,0,1,0,,,,,1.0,0.0,-4.987,51.682,,,,
FES_solar_pv_Taunton_2035,Z17,PQ,,270.555,0.0,False,0.0,inf,,0.0,1.0,,,-inf,inf,0.0,1.0,solar_pv,0.0,0.0,True,0,inf,0.0,,,0.0,1.0,False,0.0,0.0,0.0,0,0,1,0,,,,,1.0,0.0,-3.153,51.017,,,,
FES_solar_pv_Ardmore_2035,Z1_2,PQ,,45.407000000000004,0.0,False,0.0,inf,,0.0,1.0,,,-inf,inf,0.0,1.0,solar_pv,0.0,0.0,True,0,inf,0.0,,,0.0,1.0,False,0.0,0.0,0.0,0,0,1,0,,,,,1.0,0.0,-6.645,57.554,,,,
FES_solar_pv_Dunvegan_2035,Z1_2,PQ,,3.791,0.0,False,0.0,inf,,0.0,1.0,,,-inf,inf,0.0,1.0,solar_pv,0.0,0.0,True,0,inf,0.0,,,0.0,1.0,False,0.0,0.0,0.0,0,0,1,0,,,,,1.0,0.0,-6.531,57.428,,,,
FES_solar_pv_Alness_2035,Z1_3,PQ,,28.080000000000002,0.0,False,0.0,inf,,0.0,1.0,,,-inf,inf,0.0,1.0,solar_pv,0.0,0.0,True,0,inf,0.0,,,0.0,1.0,False,0.0,0.0,0.0,0,0,1,0,,,,,1.0,0.0,-4.274,57.708,,,,
FES_solar_pv_Brora_2035,Z1_3,PQ,,3.84,0.0,False,0.0,inf,,0.0,1.0,,,-inf,inf,0.0,1.0,solar_pv,0.0,0.0,True,0,inf,0.0,,,0.0,1.0,False,0.0,0.0,0.0,0,0,1,0,,,,,1.0,0.0,-3.875,58.02,,,,
FES_solar_pv_DirectSHETL_Z1_3_2035,Z1_3,PQ,,16.10083185840708,0.0,False,0.0,inf,,0.0,1.0,,,-inf,inf,0.0,1.0,solar_pv,0.0,0.0,True,0,inf,0.0,,,0.0,1.0,False,0.0,0.0,0.0,0,0,1,0,,,,,1.0,0.0,-4.167337952529053,57.69288589101272,,,,
FES_solar_pv_Dounreay_2035,Z1_3,PQ,,20.493000000000002,0.0,False,0.0,inf,,0.0,1.0,,,-inf,inf,0.0,1.0,solar_pv,0.0,0.0,True,0,inf,0.0,,,0.0,1.0,False,0.0,0.0,0.0,0,0,1,0,,,,,1.0,0.0,-3.754,58.576,,,,
FES_solar_pv_Lairg_2035,Z1_3,PQ,,15.371,0.0,False,0.0,inf,,0.0,1.0,,,-inf,inf,0.0,1.0,solar_pv,0.0,0.0,True,0,inf,0.0,,,0.0,1.0,False,0.0,0.0,0.0,0,0,1,0,,,,,1.0,0.0,-4.395,58.008,,,,
FES_solar_pv_Mybster_2035,Z1_3,PQ,,31.23,0.0,False,0.0,inf,,0.0,1.0,,,-inf,inf,0.0,1.0,solar_pv,0.0,0.0,True,0,inf,0.0,,,0.0,1.0,False,0.0,0.0,0.0,0,0,1,0,,,,,1.0,0.0,-3.422,58.445,,,,
FES_solar_pv_Shin_2035,Z1_3,PQ,,1.13,0.0,False,0.0,inf,,0.0,1.0,,,-inf,inf,0.0,1.0,solar_pv,0.0,0.0,True,0,inf,0.0,,,0.0,1.0,False,0.0,0.0,0.0,0,0,1,0,,,,,1.0,0.0,-4.404,57.938,,,,
FES_solar_pv_Thurso_2035,Z1_3,PQ,,78.118,0.0,False,0.0,inf,,0.0,1.0,,,-inf,inf,0.0,1.0,solar_pv,0.0,0.0,True,0,inf,0.0,,,0.0,1.0,False,0.0,0.0,0.0,0,0,1,0,,,,,1.0,0.0,-3.509,58.572,,,,
FES_solar_pv_Beauly_2035,Z1_4,PQ,,16.497,0.0,False,0.0,inf,,0.0,1.0,,,-inf,inf,0.0,1.0,solar_pv,0.0,0.0,True,0,inf,0.0,,,0.0,1.0,False,0.0,0.0,0.0,0,0,1,0,,,,,1.0,0.0,-4.49,57.468,,,,
FES_solar_pv_Broadford_2035,Z1_4,PQ,,6.308,0.0,False,0.0,inf,,0.0,1.0,,,-inf,inf,0.0,1.0,solar_pv,0.0,0.0,True,0,inf,0.0,,,0.0,1.0,False,0.0,0.0,0.0,0,0,1,0,,,,,1.0,0.0,-5.936,57.248,,,,
FES_solar_pv_DirectSPTL_Z1_4_2035,Z1_4,PQ,,1.4901127922971114,0.0,False,0.0,inf,,0.0,1.0,,,-inf,inf,0.0,1.0,solar_pv,0.0,0.0,True,0,inf,0.0,,,0.0,1.0,False,0.0,0.0,0.0,0,0,1,0,,,,,1.0,0.0,-5.077542530194388,56.83680184114099,,,,
FES_solar_pv_Fasnakyle_2035,Z1_4,PQ,,2.875,0.0,False,0.0,inf,,0.0,1.0,,,-inf,inf,0.0,1.0,solar_pv,0.0,0.0,True,0,inf,0.0,,,0.0,1.0,False,0.0,0.0,0.0,0,0,1,0,,,,,1.0,0.0,-4.789,57.323,,,,
FES_solar_pv_Fort_Augustus_2035,Z1_4,PQ,,10.051,0.0,False,0.0,inf,,0.0,1.0,,,-inf,inf,0.0,1.0,solar_pv,0.0,0.0,True,0,inf,0.0,,,0.0,1.0,False,0.0,0.0,0.0,0,0,1,0,,,,,1.0,0.0,-4.715,57.137,,,,
FES_solar_pv_Fort_William_2035,Z1_4,PQ,,38.053000000000004,0.0,False,0.0,inf,,0.0,1.0,,,-inf,inf,0.0,1.0,solar_pv,0.0,0.0,True,0,inf,0.0,,,0.0,1.0,False,0.0,0.0,0.0,0,0,1,0,,,,,1.0,0.0,-5.074,56.819,,,,
FES_solar_pv_Grudie_Bridge_2035,Z1_4,PQ,,26.381,0.0,False,0.0,inf,,0.0,1.0,,,-inf,inf,0.0,1.0,solar_pv,0.0,0.0,True,0,inf,0.0,,,0.0,1.0,False,0.0,0.0,0.0,0,0,1,0,,,,,1.0,0.0,-4.83,57.615,,,,
FES_solar_pv_Inverness_2035,Z1_4,PQ,,25.009,0.0,False,0.0,inf,,0.0,1.0,,,-inf,inf,0.0,1.0,solar_pv,0.0,0.0,True,0,inf,0.0,,,0.0,1.0,False,0.0,0.0,0.0,0,0,1,0,,,,,1.0,0.0,-4.241,57.452,,,,
FES_solar_pv_Kinlochleven_2035,Z1_4,PQ,,0.471,0.0,False,0.0,inf,,0.0,1.0,,,-inf,inf,0.0,1.0,solar_pv,0.0,0.0,True,0,inf,0.0,,,0.0,1.0,False,0.0,0.0,0.0,0,0,1,0,,,,,1.0,0.0,-4.95,56.714,,,,
FES_solar_pv_Quoich_2035,Z1_4,PQ,,3.963,0.0,False,0.0,inf,,0.0,1.0,,,-inf,inf,0.0,1.0,solar_pv,0.0,0.0,True,0,inf,0.0,,,0.0,1.0,False,0.0,0.0,0.0,0,0,1,0,,,,,1.0,0.0,-5.108,57.07,,,,
FES_solar_pv_Arbroath_2035,Z2,PQ,,91.309,0.0,False,0.0,inf,,0.0,1.0,,,-inf,inf,0.0,1.0,solar_pv,0.0,0.0,True,0,inf,0.0,,,0.0,1.0,False,0.0,0.0,0.0,0,0,1,0,,,,,1.0,0.0,-2.619,56.564,,,,
FES_solar_pv_Boat_of_Garten_2035,Z2,PQ,,15.635000000000002,0.0,False,0.0,inf,,0.0,1.0,,,-inf,inf,0.0,1.0,solar_pv,0.0,0.0,True,0,inf,0.0,,,0.0,1.0,False,0.0,0.0,0.0,0,0,1,0,,,,,1.0,0.0,-3.723,57.249,,,,
FES_solar_pv_Bridge_of_Dun_2035,Z2,PQ,,21.301,0.0,False,0.0,inf,,0.0,1.0,,,-inf,inf,0.0,1.0,solar_pv,0.0,0.0,True,0,inf,0.0,,,0.0,1.0,False,0.0,0.0,0.0,0,0,1,0,,,,,1.0,0.0,-2.557,56.72,,,,
FES_solar_pv_Clayhills_2035,Z2,PQ,,6.213,0.0,False,0.0,inf,,0.0,1.0,,,-inf,inf,0.0,1.0,solar_pv,0.0,0.0,True,0,inf,0.0,,,0.0,1.0,False,0.0,0.0,0.0,0,0,1,0,,,,,1.0,0.0,-2.099,57.14,,,,
FES_solar_pv_Craigiebuckler_2035,Z2,PQ,,1.316,0.0,False,0.0,inf,,0.0,1.0,,,-inf,inf,0.0,1.0,solar_pv,0.0,0.0,True,0,inf,0.0,,,0.0,1.0,False,0.0,0.0,0.0,0,0,1,0,,,,,1.0,0.0,-2.153,57.131,,,,
FES_solar_pv_DirectSHETL_Z2_2035,Z2,PQ,,893.5961681415929,0.0,False,0.0,inf,,0.0,1.0,,,-inf,inf,0.0,1.0,solar_pv,0.0,0.0,True,0,inf,0.0,,,0.0,1.0,False,0.0,0.0,0.0,0,0,1,0,,,,,1.0,0.0,-2.446103212854839,57.39627129440131,,,,
FES_solar_pv_DirectSPTL_Z2_2035,Z2,PQ,,125.41782668500687,0.0,False,0.0,inf,,0.0,1.0,,,-inf,inf,0.0,1.0,solar_pv,0.0,0.0,True,0,inf,0.0,,,0.0,1.0,False,0.0,0.0,0.0,0,0,1,0,,,,,1.0,0.0,-2.6429256712448876,56.6399628077372,,,,
FES_solar_pv_Dyce_2035,Z2,PQ,,41.647000000000006,0.0,False,0.0,inf,,0.0,1.0,,,-inf,inf,0.0,1.0,solar_pv,0.0,0.0,True,0,inf,0.0,,,0.0,1.0,False,0.0,0.0,0.0,0,0,1,0,,,,,1.0,0.0,-2.181,57.211,,,,
FES_solar_pv_Elgin_2035,Z2,PQ,,103.679,0.0,False,0.0,inf,,0.0,1.0,,,-inf,inf,0.0,1.0,solar_pv,0.0,0.0,True,0,inf,0.0,,,0.0,1.0,False,0.0,0.0,0.0,0,0,1,0,,,,,1.0,0.0,-3.317,57.662,,,,
FES_solar_pv_Fiddes_2035,Z2,PQ,,55.154,0.0,False,0.0,inf,,0.0,1.0,,,-inf,inf,0.0,1.0,solar_pv,0.0,0.0,True,0,inf,0.0,,,0.0,1.0,False,0.0,0.0,0.0,0,0,1,0,,,,,1.0,0.0,-2.292,56.921,,,,
FES_solar_pv_Fraserburgh_2035,Z2,PQ,,5.196,0.0,False,0.0,inf,,0.0,1.0,,,-inf,inf,0.0,1.0,solar_pv,0.0,0.0,True,0,inf,0.0,,,0.0,1.0,False,0.0,0.0,0.0,0,0,1,0,,,,,1.0,0.0,-2.024,57.686,,,,
FES_solar_pv_Keith_2035,Z2,PQ,,69.75,0.0,False,0.0,inf,,0.0,1.0,,,-inf,inf,0.0,1.0,solar_pv,0.0,0.0,True,0,inf,0.0,,,0.0,1.0,False,0.0,0.0,0.0,0,0,1,0,,,,,1.0,0.0,-2.933,57.538,,,,
FES_solar_pv_Kintore_2035,Z2,PQ,,87.346,0.0,False,0.0,inf,,0.0,1.0,,,-inf,inf,0.0,1.0,solar_pv,0.0,0.0,True,0,inf,0.0,,,0.0,1.0,False,0.0,0.0,0.0,0,0,1,0,,,,,1.0,0.0,-2.374,57.213,,,,
FES_solar_pv_Lunanhead_2035,Z2,PQ,,81.642,0.0,False,0.0,inf,,0.0,1.0,,,-inf,inf,0.0,1.0,solar_pv,0.0,0.0,True,0,inf,0.0,,,0.0,1.0,False,0.0,0.0,0.0,0,0,1,0,,,,,1.0,0.0,-2.865,56.654,,,,
FES_solar_pv_Macduff_2035,Z2,PQ,,59.516999999999996,0.0,False,0.0,inf,,0.0,1.0,,,-inf,inf,0.0,1.0,solar_pv,0.0,0.0,True,0,inf,0.0,,,0.0,1.0,False,0.0,0.0,0.0,0,0,1,0,,,,,1.0,0.0,-2.491,57.659,,,,
FES_solar_pv_Nairn_2035,Z2,PQ,,16.101,0.0,False,0.0,inf,,0.0,1.0,,,-inf,inf,0.0,1.0,solar_pv,0.0,0.0,True,0,inf,0.0,,,0.0,1.0,False,0.0,0.0,0.0,0,0,1,0,,,,,1.0,0.0,-3.845,57.574,,,,
FES_solar_pv_Persley_2035,Z2,PQ,,24.553,0.0,False,0.0,inf,,0.0,1.0,,,-inf,inf,0.0,1.0,solar_pv,0.0,0.0,True,0,inf,0.0,,,0.0,1.0,False,0.0,0.0,0.0,0,0,1,0,,,,,1.0,0.0,-2.138,57.174,,,,
FES_solar_pv_Peterhead_Grange_2035,Z2,PQ,,35.0,0.0,False,0.0,inf,,0.0,1.0,,,-inf,inf,0.0,1.0,solar_pv,0.0,0.0,True,0,inf,0.0,,,0.0,1.0,False,0.0,0.0,0.0,0,0,1,0,,,,,1.0,0.0,-1.784,57.505,,,,
FES_solar_pv_Peterhead_Shell_2035,Z2,PQ,,37.756,0.0,False,0.0,inf,,0.0,1.0,,,-inf,inf,0.0,1.0,solar_pv,0.0,0.0,True,0,inf,0.0,,,0.0,1.0,False,0.0,0.0,0.0,0,0,1,0,,,,,1.0,0.0,-1.784,57.508,,,,
FES_solar_pv_Redmoss_2035,Z2,PQ,,21.225,0.0,False,0.0,inf,,0.0,1.0,,,-inf,inf,0.0,1.0,solar_pv,0.0,0.0,True,0,inf,0.0,,,0.0,1.0,False,0.0,0.0,0.0,0,0,1,0,,,,,1.0,0.0,-2.092,57.108,,,,
FES_solar_pv_St_Fergus_Gas_Terminal_2035,Z2,PQ,,21.274,0.0,False,0.0,inf,,0.0,1.0,,,-inf,inf,0.0,1.0,solar_pv,0.0,0.0,True,0,inf,0.0,,,0.0,1.0,False,0.0,0.0,0.0,0,0,1,0,,,,,1.0,0.0,-1.841,57.579,,,,
FES_solar_pv_Strichen_2035,Z2,PQ,,109.919,0.0,False,0.0,inf,,0.0,1.0,,,-inf,inf,0.0,1.0,solar_pv,0.0,0.0,True,0,inf,0.0,,,0.0,1.0,False,0.0,0.0,0.0,0,0,1,0,,,,,1.0,0.0,-2.07,57.586,,,,
FES_solar_pv_Tarland_2035,Z2,PQ,,28.259999999999998,0.0,False,0.0,inf,,0.0,1.0,,,-inf,inf,0.0,1.0,solar_pv,0.0,0.0,True,0,inf,0.0,,,0.0,1.0,False,0.0,0.0,0.0,0,0,1,0,,,,,1.0,0.0,-2.788,57.152,,,,
FES_solar_pv_Willowdale_2035,Z2,PQ,,1.534,0.0,False,0.0,inf,,0.0,1.0,,,-inf,inf,0.0,1.0,solar_pv,0.0,0.0,True,0,inf,0.0,,,0.0,1.0,False,0.0,0.0,0.0,0,0,1,0,,,,,1.0,0.0,-2.097,57.154,,,,
FES_solar_pv_Woodhill_2035,Z2,PQ,,16.931,0.0,False,0.0,inf,,0.0,1.0,,,-inf,inf,0.0,1.0,solar_pv,0.0,0.0,True,0,inf,0.0,,,0.0,1.0,False,0.0,0.0,0.0,0,0,1,0,,,,,1.0,0.0,-2.146,57.154,,,,
FES_solar_pv_Abernethy_2035,Z3,PQ,,100.233,0.0,False,0.0,inf,,0.0,1.0,,,-inf,inf,0.0,1.0,solar_pv,0.0,0.0,True,0,inf,0.0,,,0.0,1.0,False,0.0,0.0,0.0,0,0,1,0,,,,,1.0,0.0,-3.294,56.339,,,,
FES_solar_pv_Ardkinglas_2035,Z3,PQ,,5.976,0.0,False,0.0,inf,,0.0,1.0,,,-inf,inf,0.0,1.0,solar_pv,0.0,0.0,True,0,inf,0.0,,,0.0,1.0,False,0.0,0.0,0.0,0,0,1,0,,,,,1.0,0.0,-4.956,56.287,,,,
FES_solar_pv_Braco_West_2035,Z3,PQ,,31.727,0.0,False,0.0,inf,,0.0,1.0,,,-inf,inf,0.0,1.0,solar_pv,0.0,0.0,True,0,inf,0.0,,,0.0,1.0,False,0.0,0.0,0.0,0,0,1,0,,,,,1.0,0.0,-3.878,56.276,,,,
FES_solar_pv_Burghmuir_2035,Z3,PQ,,19.279,0.0,False,0.0,inf,,0.0,1.0,,,-inf,inf,0.0,1.0,solar_pv,0.0,0.0,True,0,inf,0.0,,,0.0,1.0,False,0.0,0.0,0.0,0,0,1,0,,,,,1.0,0.0,-3.488,56.397,,,,
FES_solar_pv_Cassley_2035,Z3,PQ,,5.178,0.0,False,0.0,inf,,0.0,1.0,,,-inf,inf,0.0,1.0,solar_pv,0.0,0.0,True,0,inf,0.0,,,0.0,1.0,False,0.0,0.0,0.0,0,0,1,0,,,,,1.0,0.0,-4.517,56.542,,,,
FES_solar_pv_Charleston_2035,Z3,PQ,,45.0,0.0,False,0.0,inf,,0.0,1.0,,,-inf,inf,0.0,1.0,solar_pv,0.0,0.0,True,0,inf,0.0,,,0.0,1.0,False,0.0,0.0,0.0,0,0,1,0,,,,,1.0,0.0,-3.045,56.474,,,,
FES_solar_pv_Clachan_2035,Z3,PQ,,12.873000000000001,0.0,False,0.0,inf,,0.0,1.0,,,-inf,inf,0.0,1.0,solar_pv,0.0,0.0,True,0,inf,0.0,,,0.0,1.0,False,0.0,0.0,0.0,0,0,1,0,,,,,1.0,0.0,-4.922,56.277,,,,
FES_solar_pv_Coupar_Angus_2035,Z3,PQ,,43.120999999999995,0.0,False,0.0,inf,,0.0,1.0,,,-inf,inf,0.0,1.0,solar_pv,0.0,0.0,True,0,inf,0.0,,,0.0,1.0,False,0.0,0.0,0.0,0,0,1,0,,,,,1.0,0.0,-3.273,56.538,,,,
FES_solar_pv_Cupar_2035,Z3,PQ,,76.70500000000001,0.0,False,0.0,inf,,0.0,1.0,,,-inf,inf,0.0,1.0,solar_pv,0.0,0.0,True,0,inf,0.0,,,0.0,1.0,False,0.0,0.0,0.0,0,0,1,0,,,,,1.0,0.0,-3.035,56.314,,,,
FES_solar_pv_Devonside_2035,Z3,PQ,,79.123,0.0,False,0.0,inf,,0.0,1.0,,,-inf,inf,0.0,1.0,solar_pv,0.0,0.0,True,0,inf,0.0,,,0.0,1.0,False,0.0,0.0,0.0,0,0,1,0,,,,,1.0,0.0,-3.779,56.137,,,,
FES_solar_pv_DirectSPTL_Z3_2035,Z3,PQ,,132.0239933975241,0.0,False,0.0,inf,,0.0,1.0,,,-inf,inf,0.0,1.0,solar_pv,0.0,0.0,True,0,inf,0.0,,,0.0,1.0,False,0.0,0.0,0.0,0,0,1,0,,,,,1.0,0.0,-3.3152180404961316,56.3714259139157,,,,
FES_solar_pv_Dudhope_2035,Z3,PQ,,17.138,0.0,False,0.0,inf,,0.0,1.0,,,-inf,inf,0.0,1.0,solar_pv,0.0,0.0,True,0,inf,0.0,,,0.0,1.0,False,0.0,0.0,0.0,0,0,1,0,,,,,1.0,0.0,-2.95,56.462,,,,
FES_solar_pv_Glenrothes_2035,Z3,PQ,,33.035000000000004,0.0,False,0.0,inf,,0.0,1.0,,,-inf,inf,0.0,1.0,solar_pv,0.0,0.0,True,0,inf,0.0,,,0.0,1.0,False,0.0,0.0,0.0,0,0,1,0,,,,,1.0,0.0,-3.196,56.204,,,,
FES_solar_pv_Killin_2035,Z3,PQ,,15.0,0.0,False,0.0,inf,,0.0,1.0,,,-inf,inf,0.0,1.0,solar_pv,0.0,0.0,True,0,inf,0.0,,,0.0,1.0,False,0.0,0.0,0.0,0,0,1,0,,,,,1.0,0.0,-4.325,56.475,,,,
FES_solar_pv_Leven_2035,Z3,PQ,,36.541000000000004,0.0,False,0.0,inf,,0.0,1.0,,,-inf,inf,0.0,1.0,solar_pv,0.0,0.0,True,0,inf,0.0,,,0.0,1.0,False,0.0,0.0,0.0,0,0,1,0,,,,,1.0,0.0,-2.997,56.208,,,,
FES_solar_pv_Lyndhurst_2035,Z3,PQ,,5.803,0.0,False,0.0,inf,,0.0,1.0,,,-inf,inf,0.0,1.0,solar_pv,0.0,0.0,True,0,inf,0.0,,,0.0,1.0,False,0.0,0.0,0.0,0,0,1,0,,,,,1.0,0.0,-3.017,56.481,,,,
FES_solar_pv_Milton_of_Craigie_2035,Z3,PQ,,57.277,0.0,False,0.0,inf,,0.0,1.0,,,-inf,inf,0.0,1.0,solar_pv,0.0,0.0,True,0,inf,0.0,,,0.0,1.0,False,0.0,0.0,0.0,0,0,1,0,,,,,1.0,0.0,-2.917,56.469,,,,
FES_solar_pv_Rannoch_2035,Z3,PQ,,18.129,0.0,False,0.0,inf,,0.0,1.0,,,-inf,inf,0.0,1.0,solar_pv,0.0,0.0,True,0,inf,0.0,,,0.0,1.0,False,0.0,0.0,0.0,0,0,1,0,,,,,1.0,0.0,-4.399,56.69,,,,
FES_solar_pv_Sloy_2035,Z3,PQ,,2.303,0.0,False,0.0,inf,,0.0,1.0,,,-inf,inf,0.0,1.0,solar_pv,0.0,0.0,True,0,inf,0.0,,,0.0,1.0,False,0.0,0.0,0.0,0,0,1,0,,,,,1.0,0.0,-4.704,56.246,,,,
FES_solar_pv_Stirling_2035,Z3,PQ,,76.215,0.0,False,0.0,inf,,0.0,1.0,,,-inf,inf,0.0,1.0,solar_pv,0.0,0.0,True,0,inf,0.0,,,0.0,1.0,False,0.0,0.0,0.0,0,0,1,0,,,,,1.0,0.0,-3.915,56.116,,,,
FES_solar_pv_Taynuilt_2035,Z3,PQ,,38.371,0.0,False,0.0,inf,,0.0,1.0,,,-inf,inf,0.0,1.0,solar_pv,0.0,0.0,True,0,inf,0.0,,,0.0,1.0,False,0.0,0.0,0.0,0,0,1,0,,,,,1.0,0.0,-5.214,56.43,,,,
FES_solar_pv_Tummel_Bridge_2035,Z3,PQ,,13.195,0.0,False,0.0,inf,,0.0,1.0,,,-inf,inf,0.0,1.0,solar_pv,0.0,0.0,True,0,inf,0.0,,,0.0,1.0,False,0.0,0.0,0.0,0,0,1,0,,,,,1.0,0.0,-4.016,56.706,,,,
FES_solar_pv_Carradale_2035,Z4,PQ,,8.797,0.0,False,0.0,inf,,0.0,1.0,,,-inf,inf,0.0,1.0,solar_pv,0.0,0.0,True,0,inf,0.0,,,0.0,1.0,False,0.0,0.0,0.0,0,0,1,0,,,,,1.0,0.0,-5.502,55.59,,,,
FES_solar_pv_Dunoon_2035,Z4,PQ,,30.453000000000003,0.0,False,0.0,inf,,0.0,1.0,,,-inf,inf,0.0,1.0,solar_pv,0.0,0.0,True,0,inf,0.0,,,0.0,1.0,False,0.0,0.0,0.0,0,0,1,0,,,,,1.0,0.0,-4.94,55.975,,,,
FES_solar_pv_Hunterston_Farm_2035,Z4,PQ,,2.639,0.0,False,0.0,inf,,0.0,1.0,,,-inf,inf,0.0,1.0,solar_pv,0.0,0.0,True,0,inf,0.0,,,0.0,1.0,False,0.0,0.0,0.0,0,0,1,0,,,,,1.0,0.0,-4.864,55.743,,,,
FES_solar_pv_Port_Ann_2035,Z4,PQ,,43.492,0.0,False,0.0,inf,,0.0,1.0,,,-inf,inf,0.0,1.0,solar_pv,0.0,0.0,True,0,inf,0.0,,,0.0,1.0,False,0.0,0.0,0.0,0,0,1,0,,,,,1.0,0.0,-5.35,56.026,,,,
FES_solar_pv_Saltcoats_A_2035,Z4,PQ,,11.951,0.0,False,0.0,inf,,0.0,1.0,,,-inf,inf,0.0,1.0,solar_pv,0.0,0.0,True,0,inf,0.0,,,0.0,1.0,False,0.0,0.0,0.0,0,0,1,0,,,,,1.0,0.0,-4.794,55.646,,,,
FES_solar_pv_Saltcoats_B_2035,Z4,PQ,,14.59,0.0,False,0.0,inf,,0.0,1.0,,,-inf,inf,0.0,1.0,solar_pv,0.0,0.0,True,0,inf,0.0,,,0.0,1.0,False,0.0,0.0,0.0,0,0,1,0,,,,,1.0,0.0,-4.794,55.646,,,,
FES_solar_pv_Spango_Valley_2035,Z4,PQ,,4.373,0.0,False,0.0,inf,,0.0,1.0,,,-inf,inf,0.0,1.0,solar_pv,0.0,0.0,True,0,inf,0.0,,,0.0,1.0,False,0.0,0.0,0.0,0,0,1,0,,,,,1.0,0.0,-4.811,55.936,,,,
FES_solar_pv_Ayr_2035,Z5,PQ,,6.606,0.0,False,0.0,inf,,0.0,1.0,,,-inf,inf,0.0,1.0,solar_pv,0.0,0.0,True,0,inf,0.0,,,0.0,1.0,False,0.0,0.0,0.0,0,0,1,0,,,,,1.0,0.0,-4.587,55.457,,,,
FES_solar_pv_Bainsford_2035,Z5,PQ,,27.999000000000002,0.0,False,0.0,inf,,0.0,1.0,,,-inf,inf,0.0,1.0,solar_pv,0.0,0.0,True,0,inf,0.0,,,0.0,1.0,False,0.0,0.0,0.0,0,0,1,0,,,,,1.0,0.0,-3.768,56.014,,,,
FES_solar_pv_Bathgate_2035,Z5,PQ,,40.836,0.0,False,0.0,inf,,0.0,1.0,,,-inf,inf,0.0,1.0,solar_pv,0.0,0.0,True,0,inf,0.0,,,0.0,1.0,False,0.0,0.0,0.0,0,0,1,0,,,,,1.0,0.0,-3.674,55.9,,,,
FES_solar_pv_Bonnybridge_2035,Z5,PQ,,39.267,0.0,False,0.0,inf,,0.0,1.0,,,-inf,inf,0.0,1.0,solar_pv,0.0,0.0,True,0,inf,0.0,,,0.0,1.0,False,0.0,0.0,0.0,0,0,1,0,,,,,1.0,0.0,-3.86,56.007,,,,
FES_solar_pv_Braehead_Park_2035,Z5,PQ,,8.31,0.0,False,0.0,inf,,0.0,1.0,,,-inf,inf,0.0,1.0,solar_pv,0.0,0.0,True,0,inf,0.0,,,0.0,1.0,False,0.0,0.0,0.0,0,0,1,0,,,,,1.0,0.0,-4.381,55.881,,,,
FES_solar_pv_Carntyne_2035,Z5,PQ,,3.6639999999999997,0.0,False,0.0,inf,,0.0,1.0,,,-inf,inf,0.0,1.0,solar_pv,0.0,0.0,True,0,inf,0.0,,,0.0,1.0,False,0.0,0.0,0.0,0,0,1,0,,,,,1.0,0.0,-4.197,55.857,,,,
FES_solar_pv_Charlotte_Street_2035,Z5,PQ,,7.26,0.0,False,0.0,inf,,0.0,1.0,,,-inf,inf,0.0,1.0,solar_pv,0.0,0.0,True,0,inf,0.0,,,0.0,1.0,False,0.0,0.0,0.0,0,0,1,0,,,,,1.0,0.0,-4.239,55.855,,,,
FES_solar_pv_Coatbridge_2035,Z5,PQ,,20.526,0.0,False,0.0,inf,,0.0,1.0,,,-inf,inf,0.0,1.0,solar_pv,0.0,0.0,True,0,inf,0.0,,,0.0,1.0,False,0.0,0.0,0.0,0,0,1,0,,,,,1.0,0.0,-4.013,55.851,,,,
FES_solar_pv_Cockenzie_2035,Z5,PQ,,21.388,0.0,False,0.0,inf,,0.0,1.0,,,-inf,inf,0.0,1.0,solar_pv,0.0,0.0,True,0,inf,0.0,,,0.0,1.0,False,0.0,0.0,0.0,0,0,1,0,,,,,1.0,0.0,-2.967,55.967,,,,
FES_solar_pv_Coylton_2035,Z5,PQ,,20.892,0.0,False,0.0,inf,,0.0,1.0,,,-inf,inf,0.0,1.0,solar_pv,0.0,0.0,True,0,inf,0.0,,,0.0,1.0,False,0.0,0.0,0.0,0,0,1,0,,,,,1.0,0.0,-4.429,55.447,,,,
FES_solar_pv_Crookston_A_2035,Z5,PQ,,4.015,0.0,False,0.0,inf,,0.0,1.0,,,-inf,inf,0.0,1.0,solar_pv,0.0,0.0,True,0,inf,0.0,,,0.0,1.0,False,0.0,0.0,0.0,0,0,1,0,,,,,1.0,0.0,-4.364,55.821,,,,
FES_solar_pv_Crookston_B_2035,Z5,PQ,,6.654,0.0,False,0.0,inf,,0.0,1.0,,,-inf,inf,0.0,1.0,solar_pv,0.0,0.0,True,0,inf,0.0,,,0.0,1.0,False,0.0,0.0,0.0,0,0,1,0,,,,,1.0,0.0,-4.364,55.821,,,,
FES_solar_pv_Cumbernauld_2035,Z5,PQ,,35.937,0.0,False,0.0,inf,,0.0,1.0,,,-inf,inf,0.0,1.0,solar_pv,0.0,0.0,True,0,inf,0.0,,,0.0,1.0,False,0.0,0.0,0.0,0,0,1,0,,,,,1.0,0.0,-3.964,55.947,,,,
FES_solar_pv_Currie_2035,Z5,PQ,,0.363,0.0,False,0.0,inf,,0.0,1.0,,,-inf,inf,0.0,1.0,solar_pv,0.0,0.0,True,0,inf,0.0,,,0.0,1.0,False,0.0,0.0,0.0,0,0,1,0,,,,,1.0,0.0,-3.309,55.902,,,,
FES_solar_pv_Dalmarnock_2035,Z5,PQ,,13.399,0.0,False,0.0,inf,,0.0,1.0,,,-inf,inf,0.0,1.0,solar_pv,0.0,0.0,True,0,inf,0.0,,,0.0,1.0,False,0.0,0.0,0.0,0,0,1,0,,,,,1.0,0.0,-4.204,55.835,,,,
FES_solar_pv_Devol_Moor_2035,Z5,PQ,,8.68,0.0,False,0.0,inf,,0.0,1.0,,,-inf,inf,0.0,1.0,solar_pv,0.0,0.0,True,0,inf,0.0,,,0.0,1.0,False,0.0,0.0,0.0,0,0,1,0,,,,,1.0,0.0,-4.677,55.927,,,,
FES_solar_pv_Dewar_Place_2035,Z5,PQ,,1.766,0.0,False,0.0,inf,,0.0,1.0,,,-inf,inf,0.0,1.0,solar_pv,0.0,0.0,True,0,inf,0.0,,,0.0,1.0,False,0.0,0.0,0.0,0,0,1,0,,,,,1.0,0.0,-3.209,55.947,,,,
FES_solar_pv_DirectSPTL_Z5_2035,Z5,PQ,,102.1720671251719,0.0,False,0.0,inf,,0.0,1.0,,,-inf,inf,0.0,1.0,solar_pv,0.0,0.0,True,0,inf,0.0,,,0.0,1.0,False,0.0,0.0,0.0,0,0,1,0,,,,,1.0,0.0,-3.5704451592011845,55.94386200571291,,,,
FES_solar_pv_Drumchapel_2035,Z5,PQ,,6.559,0.0,False,0.0,inf,,0.0,1.0,,,-inf,inf,0.0,1.0,solar_pv,0.0,0.0,True,0,inf,0.0,,,0.0,1.0,False,0.0,0.0,0.0,0,0,1,0,,,,,1.0,0.0,-4.349,55.916,,,,
FES_solar_pv_Drumcross_2035,Z5,PQ,,22.67,0.0,False,0.0,inf,,0.0,1.0,,,-inf,inf,0.0,1.0,solar_pv,0.0,0.0,True,0,inf,0.0,,,0.0,1.0,False,0.0,0.0,0.0,0,0,1,0,,,,,1.0,0.0,-3.588,55.906,,,,
FES_solar_pv_Dunbar_2035,Z5,PQ,,18.226,0.0,False,0.0,inf,,0.0,1.0,,,-inf,inf,0.0,1.0,solar_pv,0.0,0.0,True,0,inf,0.0,,,0.0,1.0,False,0.0,0.0,0.0,0,0,1,0,,,,,1.0,0.0,-2.573,55.977,,,,
FES_solar_pv_Dunfermline_2035,Z5,PQ,,31.691000000000003,0.0,False,0.0,inf,,0.0,1.0,,,-inf,inf,0.0,1.0,solar_pv,0.0,0.0,True,0,inf,0.0,,,0.0,1.0,False,0.0,0.0,0.0,0,0,1,0,,,,,1.0,0.0,-3.449,56.09,,,,
FES_solar_pv_East_Kilbride_South_2035,Z5,PQ,,2.639,0.0,False,0.0,inf,,0.0,1.0,,,-inf,inf,0.0,1.0,solar_pv,0.0,0.0,True,0,inf,0.0,,,0.0,1.0,False,0.0,0.0,0.0,0,0,1,0,,,,,1.0,0.0,-4.161,55.74,,,,
FES_solar_pv_East_Kilbride_2035,Z5,PQ,,26.328,0.0,False,0.0,inf,,0.0,1.0,,,-inf,inf,0.0,1.0,solar_pv,0.0,0.0,True,0,inf,0.0,,,0.0,1.0,False,0.0,0.0,0.0,0,0,1,0,,,,,1.0,0.0,-4.192,55.785,,,,
FES_solar_pv_Easterhouse_2035,Z5,PQ,,19.473,0.0,False,0.0,inf,,0.0,1.0,,,-inf,inf,0.0,1.0,solar_pv,0.0,0.0,True,0,inf,0.0,,,0.0,1.0,False,0.0,0.0,0.0,0,0,1,0,,,,,1.0,0.0,-4.073,55.879,,,,
FES_solar_pv_Elderslie_2035,Z5,PQ,,10.988,0.0,False,0.0,inf,,0.0,1.0,,,-inf,inf,0.0,1.0,solar_pv,0.0,0.0,True,0,inf,0.0,,,0.0,1.0,False,0.0,0.0,0.0,0,0,1,0,,,,,1.0,0.0,-4.463,55.84,,,,
FES_solar_pv_Erskine_2035,Z5,PQ,,4.179,0.0,False,0.0,inf,,0.0,1.0,,,-inf,inf,0.0,1.0,solar_pv,0.0,0.0,True,0,inf,0.0,,,0.0,1.0,False,0.0,0.0,0.0,0,0,1,0,,,,,1.0,0.0,-4.481,55.904,,,,
FES_solar_pv_Giffnock_2035,Z5,PQ,,8.985,0.0,False,0.0,inf,,0.0,1.0,,,-inf,inf,0.0,1.0,solar_pv,0.0,0.0,True,0,inf,0.0,,,0.0,1.0,False,0.0,0.0,0.0,0,0,1,0,,,,,1.0,0.0,-4.298,55.798,,,,
FES_solar_pv_Glenniston_2035,Z5,PQ,,30.388,0.0,False,0.0,inf,,0.0,1.0,,,-inf,inf,0.0,1.0,solar_pv,0.0,0.0,True,0,inf,0.0,,,0.0,1.0,False,0.0,0.0,0.0,0,0,1,0,,,,,1.0,0.0,-3.267,56.108,,,,
FES_solar_pv_Gorgie_2035,Z5,PQ,,2.035,0.0,False,0.0,inf,,0.0,1.0,,,-inf,inf,0.0,1.0,solar_pv,0.0,0.0,True,0,inf,0.0,,,0.0,1.0,False,0.0,0.0,0.0,0,0,1,0,,,,,1.0,0.0,-3.235,55.935,,,,
FES_solar_pv_Govan_2035,Z5,PQ,,7.896,0.0,False,0.0,inf,,0.0,1.0,,,-inf,inf,0.0,1.0,solar_pv,0.0,0.0,True,0,inf,0.0,,,0.0,1.0,False,0.0,0.0,0.0,0,0,1,0,,,,,1.0,0.0,-4.314,55.854,,,,
FES_solar_pv_Grangemouth_A_2035,Z5,PQ,,8.666,0.0,False,0.0,inf,,0.0,1.0,,,-inf,inf,0.0,1.0,solar_pv,0.0,0.0,True,0,inf,0.0,,,0.0,1.0,False,0.0,0.0,0.0,0,0,1,0,,,,,1.0,0.0,-3.689,56.002,,,,
FES_solar_pv_Grangemouth_C_2035,Z5,PQ,,11.305,0.0,False,0.0,inf,,0.0,1.0,,,-inf,inf,0.0,1.0,solar_pv,0.0,0.0,True,0,inf,0.0,,,0.0,1.0,False,0.0,0.0,0.0,0,0,1,0,,,,,1.0,0.0,-3.689,56.002,,,,
FES_solar_pv_Haggs_Road_2035,Z5,PQ,,4.326,0.0,False,0.0,inf,,0.0,1.0,,,-inf,inf,0.0,1.0,solar_pv,0.0,0.0,True,0,inf,0.0,,,0.0,1.0,False,0.0,0.0,0.0,0,0,1,0,,,,,1.0,0.0,-4.296,55.83,,,,
FES_solar_pv_Helensburgh_2035,Z5,PQ,,5.94,0.0,False,0.0,inf,,0.0,1.0,,,-inf,inf,0.0,1.0,solar_pv,0.0,0.0,True,0,inf,0.0,,,0.0,1.0,False,0.0,0.0,0.0,0,0,1,0,,,,,1.0,0.0,-4.701,56.02,,,,
FES_solar_pv_Inverkeithing_2035,Z5,PQ,,36.584,0.0,False,0.0,inf,,0.0,1.0,,,-inf,inf,0.0,1.0,solar_pv,0.0,0.0,True,0,inf,0.0,,,0.0,1.0,False,0.0,0.0,0.0,0,0,1,0,,,,,1.0,0.0,-3.39,56.042,,,,
FES_solar_pv_Johnstone_2035,Z5,PQ,,12.401,0.0,False,0.0,inf,,0.0,1.0,,,-inf,inf,0.0,1.0,solar_pv,0.0,0.0,True,0,inf,0.0,,,0.0,1.0,False,0.0,0.0,0.0,0,0,1,0,,,,,1.0,0.0,-4.504,55.844,,,,
FES_solar_pv_Kaimes_2035,Z5,PQ,,52.647,0.0,False,0.0,inf,,0.0,1.0,,,-inf,inf,0.0,1.0,solar_pv,0.0,0.0,True,0,inf,0.0,,,0.0,1.0,False,0.0,0.0,0.0,0,0,1,0,,,,,1.0,0.0,-3.163,55.891,,,,
FES_solar_pv_Kilbowie_11_2035,Z5,PQ,,4.196,0.0,False,0.0,inf,,0.0,1.0,,,-inf,inf,0.0,1.0,solar_pv,0.0,0.0,True,0,inf,0.0,,,0.0,1.0,False,0.0,0.0,0.0,0,0,1,0,,,,,1.0,0.0,-4.412,55.905,,,,
FES_solar_pv_Kilbowie_33_2035,Z5,PQ,,26.866,0.0,False,0.0,inf,,0.0,1.0,,,-inf,inf,0.0,1.0,solar_pv,0.0,0.0,True,0,inf,0.0,,,0.0,1.0,False,0.0,0.0,0.0,0,0,1,0,,,,,1.0,0.0,-4.412,55.905,,,,
FES_solar_pv_Killermont_2035,Z5,PQ,,33.146,0.0,False,0.0,inf,,0.0,1.0,,,-inf,inf,0.0,1.0,solar_pv,0.0,0.0,True,0,inf,0.0,,,0.0,1.0,False,0.0,0.0,0.0,0,0,1,0,,,,,1.0,0.0,-4.31,55.903,,,,
FES_solar_pv_Kilwinning_2035,Z5,PQ,,13.995999999999999,0.0,False,0.0,inf,,0.0,1.0,,,-inf,inf,0.0,1.0,solar_pv,0.0,0.0,True,0,inf,0.0,,,0.0,1.0,False,0.0,0.0,0.0,0,0,1,0,,,,,1.0,0.0,-4.678,55.664,,,,
FES_solar_pv_Livingston_East_2035,Z5,PQ,,22.005,0.0,False,0.0,inf,,0.0,1.0,,,-inf,inf,0.0,1.0,solar_pv,0.0,0.0,True,0,inf,0.0,,,0.0,1.0,False,0.0,0.0,0.0,0,0,1,0,,,,,1.0,0.0,-3.507,55.907,,,,
FES_solar_pv_Maybole_2035,Z5,PQ,,10.205,0.0,False,0.0,inf,,0.0,1.0,,,-inf,inf,0.0,1.0,solar_pv,0.0,0.0,True,0,inf,0.0,,,0.0,1.0,False,0.0,0.0,0.0,0,0,1,0,,,,,1.0,0.0,-4.677,55.337,,,,
FES_solar_pv_Newarthill_2035,Z5,PQ,,8.702,0.0,False,0.0,inf,,0.0,1.0,,,-inf,inf,0.0,1.0,solar_pv,0.0,0.0,True,0,inf,0.0,,,0.0,1.0,False,0.0,0.0,0.0,0,0,1,0,,,,,1.0,0.0,-3.936,55.821,,,,
FES_solar_pv_Paisley_2035,Z5,PQ,,1.599,0.0,False,0.0,inf,,0.0,1.0,,,-inf,inf,0.0,1.0,solar_pv,0.0,0.0,True,0,inf,0.0,,,0.0,1.0,False,0.0,0.0,0.0,0,0,1,0,,,,,1.0,0.0,-4.411,55.839,,,,
FES_solar_pv_Partick_2035,Z5,PQ,,1.031,0.0,False,0.0,inf,,0.0,1.0,,,-inf,inf,0.0,1.0,solar_pv,0.0,0.0,True,0,inf,0.0,,,0.0,1.0,False,0.0,0.0,0.0,0,0,1,0,,,,,1.0,0.0,-4.316,55.87,,,,
FES_solar_pv_Port_Dundas_2035,Z5,PQ,,29.352000000000004,0.0,False,0.0,inf,,0.0,1.0,,,-inf,inf,0.0,1.0,solar_pv,0.0,0.0,True,0,inf,0.0,,,0.0,1.0,False,0.0,0.0,0.0,0,0,1,0,,,,,1.0,0.0,-4.254,55.873,,,,
FES_solar_pv_Portobello_2035,Z5,PQ,,16.548000000000002,0.0,False,0.0,inf,,0.0,1.0,,,-inf,inf,0.0,1.0,solar_pv,0.0,0.0,True,0,inf,0.0,,,0.0,1.0,False,0.0,0.0,0.0,0,0,1,0,,,,,1.0,0.0,-3.123,55.952,,,,
FES_solar_pv_Redhouse_2035,Z5,PQ,,68.096,0.0,False,0.0,inf,,0.0,1.0,,,-inf,inf,0.0,1.0,solar_pv,0.0,0.0,True,0,inf,0.0,,,0.0,1.0,False,0.0,0.0,0.0,0,0,1,0,,,,,1.0,0.0,-3.148,56.145,,,,
FES_solar_pv_Shrubhill_2035,Z5,PQ,,1.975,0.0,False,0.0,inf,,0.0,1.0,,,-inf,inf,0.0,1.0,solar_pv,0.0,0.0,True,0,inf,0.0,,,0.0,1.0,False,0.0,0.0,0.0,0,0,1,0,,,,,1.0,0.0,-3.185,55.965,,,,
FES_solar_pv_Sighthill_2035,Z5,PQ,,17.324,0.0,False,0.0,inf,,0.0,1.0,,,-inf,inf,0.0,1.0,solar_pv,0.0,0.0,True,0,inf,0.0,,,0.0,1.0,False,0.0,0.0,0.0,0,0,1,0,,,,,1.0,0.0,-3.3,55.926,,,,
FES_solar_pv_Strathaven_2035,Z5,PQ,,11.44,0.0,False,0.0,inf,,0.0,1.0,,,-inf,inf,0.0,1.0,solar_pv,0.0,0.0,True,0,inf,0.0,,,0.0,1.0,False,0.0,0.0,0.0,0,0,1,0,,,,,1.0,0.0,-4.08,55.753,,,,
FES_solar_pv_Strathleven_2035,Z5,PQ,,44.945,0.0,False,0.0,inf,,0.0,1.0,,,-inf,inf,0.0,1.0,solar_pv,0.0,0.0,True,0,inf,0.0,,,0.0,1.0,False,0.0,0.0,0.0,0,0,1,0,,,,,1.0,0.0,-4.576,55.947,,,,
FES_solar_pv_Telford_Road_2035,Z5,PQ,,7.8420000000000005,0.0,False,0.0,inf,,0.0,1.0,,,-inf,inf,0.0,1.0,solar_pv,0.0,0.0,True,0,inf,0.0,,,0.0,1.0,False,0.0,0.0,0.0,0,0,1,0,,,,,1.0,0.0,-3.241,55.962,,,,
FES_solar_pv_Westfield_2035,Z5,PQ,,31.315,0.0,False,0.0,inf,,0.0,1.0,,,-inf,inf,0.0,1.0,solar_pv,0.0,0.0,True,0,inf,0.0,,,0.0,1.0,False,0.0,0.0,0.0,0,0,1,0,,,,,1.0,0.0,-3.296,56.163,,,,
FES_solar_pv_Whitehouse_2035,Z5,PQ,,6.301,0.0,False,0.0,inf,,0.0,1.0,,,-inf,inf,0.0,1.0,solar_pv,0.0,0.0,True,0,inf,0.0,,,0.0,1.0,False,0.0,0.0,0.0,0,0,1,0,,,,,1.0,0.0,-3.199,55.93,,,,
FES_solar_pv_Wishaw_2035,Z5,PQ,,22.123,0.0,False,0.0,inf,,0.0,1.0,,,-inf,inf,0.0,1.0,solar_pv,0.0,0.0,True,0,inf,0.0,,,0.0,1.0,False,0.0,0.0,0.0,0,0,1,0,,,,,1.0,0.0,-3.929,55.764,,,,
FES_solar_pv_Carsfad_2035,Z6,PQ,,2.639,0.0,False,0.0,inf,,0.0,1.0,,,-inf,inf,0.0,1.0,solar_pv,0.0,0.0,True,0,inf,0.0,,,0.0,1.0,False,0.0,0.0,0.0,0,0,1,0,,,,,1.0,0.0,-4.189,55.144,,,,
FES_solar_pv_Chapelcross_2035,Z6,PQ,,23.737,0.0,False,0.0,inf,,0.0,1.0,,,-inf,inf,0.0,1.0,solar_pv,0.0,0.0,True,0,inf,0.0,,,0.0,1.0,False,0.0,0.0,0.0,0,0,1,0,,,,,1.0,0.0,-3.221,55.014,,,,
FES_solar_pv_DirectNGET_Z6_2035,Z6,PQ,,53.66625243450017,0.0,False,0.0,inf,,0.0,1.0,,,-inf,inf,0.0,1.0,solar_pv,0.0,0.0,True,0,inf,0.0,,,0.0,1.0,False,0.0,0.0,0.0,0,0,1,0,,,,,1.0,0.0,-3.34794966321574,54.7402903238282,,,,
FES_solar_pv_Dumfries_11_2035,Z6,PQ,,9.547,0.0,False,0.0,inf,,0.0,1.0,,,-inf,inf,0.0,1.0,solar_pv,0.0,0.0,True,0,inf,0.0,,,0.0,1.0,False,0.0,0.0,0.0,0,0,1,0,,,,,1.0,0.0,-3.583,55.062,,,,
FES_solar_pv_Dumfries_33_2035,Z6,PQ,,12.186,0.0,False,0.0,inf,,0.0,1.0,,,-inf,inf,0.0,1.0,solar_pv,0.0,0.0,True,0,inf,0.0,,,0.0,1.0,False,0.0,0.0,0.0,0,0,1,0,,,,,1.0,0.0,-3.583,55.062,,,,
FES_solar_pv_Dumfries_ICI_2035,Z6,PQ,,9.547,0.0,False,0.0,inf,,0.0,1.0,,,-inf,inf,0.0,1.0,solar_pv,0.0,0.0,True,0,inf,0.0,,,0.0,1.0,False,0.0,0.0,0.0,0,0,1,0,,,,,1.0,0.0,-3.583,55.062,,,,
FES_solar_pv_Earlstoun_2035,Z6,PQ,,2.639,0.0,False,0.0,inf,,0.0,1.0,,,-inf,inf,0.0,1.0,solar_pv,0.0,0.0,True,0,inf,0.0,,,0.0,1.0,False,0.0,0.0,0.0,0,0,1,0,,,,,1.0,0.0,-4.169,55.11,,,,
FES_solar_pv_Eccles_2035,Z6,PQ,,37.36,0.0,False,0.0,inf,,0.0,1.0,,,-inf,inf,0.0,1.0,solar_pv,0.0,0.0,True,0,inf,0.0,,,0.0,1.0,False,0.0,0.0,0.0,0,0,1,0,,,,,1.0,0.0,-2.328,55.668,,,,
FES_solar_pv_Galashiels_2035,Z6,PQ,,26.832,0.0,False,0.0,inf,,0.0,1.0,,,-inf,inf,0.0,1.0,solar_pv,0.0,0.0,True,0,inf,0.0,,,0.0,1.0,False,0.0,0.0,0.0,0,0,1,0,,,,,1.0,0.0,-2.767,55.608,,,,
FES_solar_pv_Glenlee_2035,Z6,PQ,,2.639,0.0,False,0.0,inf,,0.0,1.0,,,-inf,inf,0.0,1.0,solar_pv,0.0,0.0,True,0,inf,0.0,,,0.0,1.0,False,0.0,0.0,0.0,0,0,1,0,,,,,1.0,0.0,-4.181,55.097,,,,
FES_solar_pv_Glenluce_2035,Z6,PQ,,16.661,0.0,False,0.0,inf,,0.0,1.0,,,-inf,inf,0.0,1.0,solar_pv,0.0,0.0,True,0,inf,0.0,,,0.0,1.0,False,0.0,0.0,0.0,0,0,1,0,,,,,1.0,0.0,-4.798,54.877,,,,
FES_solar_pv_Harker_2035,Z6,PQ,,296.554,0.0,False,0.0,inf,,0.0,1.0,,,-inf,inf,0.0,1.0,solar_pv,0.0,0.0,True,0,inf,0.0,,,0.0,1.0,False,0.0,0.0,0.0,0,0,1,0,,,,,1.0,0.0,-2.964,54.942,,,,
FES_solar_pv_Hawick_2035,Z6,PQ,,13.199,0.0,False,0.0,inf,,0.0,1.0,,,-inf,inf,0.0,1.0,solar_pv,0.0,0.0,True,0,inf,0.0,,,0.0,1.0,False,0.0,0.0,0.0,0,0,1,0,,,,,1.0,0.0,-2.791,55.428,,,,
FES_solar_pv_Kendoon_2035,Z6,PQ,,2.639,0.0,False,0.0,inf,,0.0,1.0,,,-inf,inf,0.0,1.0,solar_pv,0.0,0.0,True,0,inf,0.0,,,0.0,1.0,False,0.0,0.0,0.0,0,0,1,0,,,,,1.0,0.0,-4.181,55.161,,,,
FES_solar_pv_Newton_Stewart_2035,Z6,PQ,,2.639,0.0,False,0.0,inf,,0.0,1.0,,,-inf,inf,0.0,1.0,solar_pv,0.0,0.0,True,0,inf,0.0,,,0.0,1.0,False,0.0,0.0,0.0,0,0,1,0,,,,,1.0,0.0,-4.491,54.948,,,,
FES_solar_pv_Tongland_2035,Z6,PQ,,53.781000000000006,0.0,False,0.0,inf,,0.0,1.0,,,-inf,inf,0.0,1.0,solar_pv,0.0,0.0,True,0,inf,0.0,,,0.0,1.0,False,0.0,0.0,0.0,0,0,1,0,,,,,1.0,0.0,-4.026,54.855,,,,
FES_solar_pv_Berwick_2035,Z7,PQ,,25.551,0.0,False,0.0,inf,,0.0,1.0,,,-inf,inf,0.0,1.0,solar_pv,0.0,0.0,True,0,inf,0.0,,,0.0,1.0,False,0.0,0.0,0.0,0,0,1,0,,,,,1.0,0.0,-2.079,55.777,,,,
FES_solar_pv_Blyth_132kV_2035,Z7,PQ,,108.309,0.0,False,0.0,inf,,0.0,1.0,,,-inf,inf,0.0,1.0,solar_pv,0.0,0.0,True,0,inf,0.0,,,0.0,1.0,False,0.0,0.0,0.0,0,0,1,0,,,,,1.0,0.0,-1.531,55.141,,,,
FES_solar_pv_Blyth_66kV_2035,Z7,PQ,,151.52100000000002,0.0,False,0.0,inf,,0.0,1.0,,,-inf,inf,0.0,1.0,solar_pv,0.0,0.0,True,0,inf,0.0,,,0.0,1.0,False,0.0,0.0,0.0,0,0,1,0,,,,,1.0,0.0,-1.531,55.141,,,,
FES_solar_pv_DirectNGET_Z7_2035,Z7,PQ,,231.15041889101235,0.0,False,0.0,inf,,0.0,1.0,,,-inf,inf,0.0,1.0,solar_pv,0.0,0.0,True,0,inf,0.0,,,0.0,1.0,False,0.0,0.0,0.0,0,0,1,0,,,,,1.0,0.0,-1.9971517782738222,54.64363883335991,,,,
FES_solar_pv_Fourstones_2035,Z7,PQ,,64.525,0.0,False,0.0,inf,,0.0,1.0,,,-inf,inf,0.0,1.0,solar_pv,0.0,0.0,True,0,inf,0.0,,,0.0,1.0,False,0.0,0.0,0.0,0,0,1,0,,,,,1.0,0.0,-2.163,55.012,,,,
FES_solar_pv_Hartmoor_2035,Z7,PQ,,65.25200000000001,0.0,False,0.0,inf,,0.0,1.0,,,-inf,inf,0.0,1.0,solar_pv,0.0,0.0,True,0,inf,0.0,,,0.0,1.0,False,0.0,0.0,0.0,0,0,1,0,,,,,1.0,0.0,-1.291,54.701,,,,
FES_solar_pv_Hawthorn_Pit_2035,Z7,PQ,,111.796,0.0,False,0.0,inf,,0.0,1.0,,,-inf,inf,0.0,1.0,solar_pv,0.0,0.0,True,0,inf,0.0,,,0.0,1.0,False,0.0,0.0,0.0,0,0,1,0,,,,,1.0,0.0,-1.402,54.806,,,,
FES_solar_pv_Hutton_2035,Z7,PQ,,259.899,0.0,False,0.0,inf,,0.0,1.0,,,-inf,inf,0.0,1.0,solar_pv,0.0,0.0,True,0,inf,0.0,,,0.0,1.0,False,0.0,0.0,0.0,0,0,1,0,,,,,1.0,0.0,-2.672,54.298,,,,
FES_solar_pv_Norton_2035,Z7,PQ,,337.45000000000005,0.0,False,0.0,inf,,0.0,1.0,,,-inf,inf,0.0,1.0,solar_pv,0.0,0.0,True,0,inf,0.0,,,0.0,1.0,False,0.0,0.0,0.0,0,0,1,0,,,,,1.0,0.0,-1.363,54.592,,,,
FES_solar_pv_Offerton_2035,Z7,PQ,,31.829,0.0,False,0.0,inf,,0.0,1.0,,,-inf,inf,0.0,1.0,solar_pv,0.0,0.0,True,0,inf,0.0,,,0.0,1.0,False,0.0,0.0,0.0,0,0,1,0,,,,,1.0,0.0,-1.458,54.881,,,,
FES_solar_pv_Saltholme_2035,Z7,PQ,,62.651,0.0,False,0.0,inf,,0.0,1.0,,,-inf,inf,0.0,1.0,solar_pv,0.0,0.0,True,0,inf,0.0,,,0.0,1.0,False,0.0,0.0,0.0,0,0,1,0,,,,,1.0,0.0,-1.238,54.607,,,,
FES_solar_pv_South_Shields_2035,Z7,PQ,,54.69199999999999,0.0,False,0.0,inf,,0.0,1.0,,,-inf,inf,0.0,1.0,solar_pv,0.0,0.0,True,0,inf,0.0,,,0.0,1.0,False,0.0,0.0,0.0,0,0,1,0,,,,,1.0,0.0,-1.45,54.973,,,,
FES_solar_pv_Spennymoor_2035,Z7,PQ,,183.869,0.0,False,0.0,inf,,0.0,1.0,,,-inf,inf,0.0,1.0,solar_pv,0.0,0.0,True,0,inf,0.0,,,0.0,1.0,False,0.0,0.0,0.0,0,0,1,0,,,,,1.0,0.0,-1.554,54.705,,,,
FES_solar_pv_Stella_North_2035,Z7,PQ,,91.747,0.0,False,0.0,inf,,0.0,1.0,,,-inf,inf,0.0,1.0,solar_pv,0.0,0.0,True,0,inf,0.0,,,0.0,1.0,False,0.0,0.0,0.0,0,0,1,0,,,,,1.0,0.0,-1.724,54.978,,,,
FES_solar_pv_Stella_South_2035,Z7,PQ,,167.99099999999999,0.0,False,0.0,inf,,0.0,1.0,,,-inf,inf,0.0,1.0,solar_pv,0.0,0.0,True,0,inf,0.0,,,0.0,1.0,False,0.0,0.0,0.0,0,0,1,0,,,,,1.0,0.0,-1.733,54.974,,,,
FES_solar_pv_Tynemouth_132kV_2035,Z7,PQ,,111.138,0.0,False,0.0,inf,,0.0,1.0,,,-inf,inf,0.0,1.0,solar_pv,0.0,0.0,True,0,inf,0.0,,,0.0,1.0,False,0.0,0.0,0.0,0,0,1,0,,,,,1.0,0.0,-1.499,55.024,,,,
FES_solar_pv_West_Boldon_2035,Z7,PQ,,106.777,0.0,False,0.0,inf,,0.0,1.0,,,-inf,inf,0.0,1.0,solar_pv,0.0,0.0,True,0,inf,0.0,,,0.0,1.0,False,0.0,0.0,0.0,0,0,1,0,,,,,1.0,0.0,-1.472,54.94,,,,
FES_solar_pv_Bradford_West_2035,Z8,PQ,,145.62099999999998,0.0,False,0.0,inf,,0.0,1.0,,,-inf,inf,0.0,1.0,solar_pv,0.0,0.0,True,0,inf,0.0,,,0.0,1.0,False,0.0,0.0,0.0,0,0,1,0,,,,,1.0,0.0,-1.867,53.81,,,,
FES_solar_pv_Camblesforth_66kV_Drax_2035,Z8,PQ,,508.257,0.0,False,0.0,inf,,0.0,1.0,,,-inf,inf,0.0,1.0,solar_pv,0.0,0.0,True,0,inf,0.0,,,0.0,1.0,False,0.0,0.0,0.0,0,0,1,0,,,,,1.0,0.0,-1.001,53.729,,,,
FES_solar_pv_Creyke_Beck_2035,Z8,PQ,,338.095,0.0,False,0.0,inf,,0.0,1.0,,,-inf,inf,0.0,1.0,solar_pv,0.0,0.0,True,0,inf,0.0,,,0.0,1.0,False,0.0,0.0,0.0,0,0,1,0,,,,,1.0,0.0,-0.414,53.801,,,,
FES_solar_pv_DirectNGET_Z8_2035,Z8,PQ,,245.3226275080542,0.0,False,0.0,inf,,0.0,1.0,,,-inf,inf,0.0,1.0,solar_pv,0.0,0.0,True,0,inf,0.0,,,0.0,1.0,False,0.0,0.0,0.0,0,0,1,0,,,,,1.0,0.0,-1.2211530031351008,53.875829393978535,,,,
FES_solar_pv_Elland_2035,Z8,PQ,,137.516,0.0,False,0.0,inf,,0.0,1.0,,,-inf,inf,0.0,1.0,solar_pv,0.0,0.0,True,0,inf,0.0,,,0.0,1.0,False,0.0,0.0,0.0,0,0,1,0,,,,,1.0,0.0,-1.823,53.695,,,,
FES_solar_pv_Ferrybridge_A_2035,Z8,PQ,,90.578,0.0,False,0.0,inf,,0.0,1.0,,,-inf,inf,0.0,1.0,solar_pv,0.0,0.0,True,0,inf,0.0,,,0.0,1.0,False,0.0,0.0,0.0,0,0,1,0,,,,,1.0,0.0,-1.273,53.72,,,,
FES_solar_pv_Ferrybridge_B_2035,Z8,PQ,,249.161,0.0,False,0.0,inf,,0.0,1.0,,,-inf,inf,0.0,1.0,solar_pv,0.0,0.0,True,0,inf,0.0,,,0.0,1.0,False,0.0,0.0,0.0,0,0,1,0,,,,,1.0,0.0,-1.278,53.722,,,,
FES_solar_pv_Jordanthorpe_2035,Z8,PQ,,29.542,0.0,False,0.0,inf,,0.0,1.0,,,-inf,inf,0.0,1.0,solar_pv,0.0,0.0,True,0,inf,0.0,,,0.0,1.0,False,0.0,0.0,0.0,0,0,1,0,,,,,1.0,0.0,-1.453,53.33,,,,
FES_solar_pv_Keadby_2035,Z8,PQ,,407.265,0.0,False,0.0,inf,,0.0,1.0,,,-inf,inf,0.0,1.0,solar_pv,0.0,0.0,True,0,inf,0.0,,,0.0,1.0,False,0.0,0.0,0.0,0,0,1,0,,,,,1.0,0.0,-0.758,53.597,,,,
FES_solar_pv_Kirkstall_B_2035,Z8,PQ,,60.818999999999996,0.0,False,0.0,inf,,0.0,1.0,,,-inf,inf,0.0,1.0,solar_pv,0.0,0.0,True,0,inf,0.0,,,0.0,1.0,False,0.0,0.0,0.0,0,0,1,0,,,,,1.0,0.0,-1.597,53.806,,,,
FES_solar_pv_Knaresborough_2035,Z8,PQ,,130.889,0.0,False,0.0,inf,,0.0,1.0,,,-inf,inf,0.0,1.0,solar_pv,0.0,0.0,True,0,inf,0.0,,,0.0,1.0,False,0.0,0.0,0.0,0,0,1,0,,,,,1.0,0.0,-1.488,54.031,,,,
FES_solar_pv_Lackenby_2035,Z8,PQ,,132.25900000000001,0.0,False,0.0,inf,,0.0,1.0,,,-inf,inf,0.0,1.0,solar_pv,0.0,0.0,True,0,inf,0.0,,,0.0,1.0,False,0.0,0.0,0.0,0,0,1,0,,,,,1.0,0.0,-1.133,54.568,,,,
FES_solar_pv_Neepsend_2035,Z8,PQ,,40.239999999999995,0.0,False,0.0,inf,,0.0,1.0,,,-inf,inf,0.0,1.0,solar_pv,0.0,0.0,True,0,inf,0.0,,,0.0,1.0,False,0.0,0.0,0.0,0,0,1,0,,,,,1.0,0.0,-1.489,53.406,,,,
FES_solar_pv_Norton_Lees_2035,Z8,PQ,,25.141,0.0,False,0.0,inf,,0.0,1.0,,,-inf,inf,0.0,1.0,solar_pv,0.0,0.0,True,0,inf,0.0,,,0.0,1.0,False,0.0,0.0,0.0,0,0,1,0,,,,,1.0,0.0,-1.47,53.35,,,,
FES_solar_pv_Osbaldwick_2035,Z8,PQ,,236.13,0.0,False,0.0,inf,,0.0,1.0,,,-inf,inf,0.0,1.0,solar_pv,0.0,0.0,True,0,inf,0.0,,,0.0,1.0,False,0.0,0.0,0.0,0,0,1,0,,,,,1.0,0.0,-1.024,53.956,,,,
FES_solar_pv_Pitsmoor_2035,Z8,PQ,,33.052,0.0,False,0.0,inf,,0.0,1.0,,,-inf,inf,0.0,1.0,solar_pv,0.0,0.0,True,0,inf,0.0,,,0.0,1.0,False,0.0,0.0,0.0,0,0,1,0,,,,,1.0,0.0,-1.446,53.4,,,,
FES_solar_pv_Poppleton_2035,Z8,PQ,,51.203,0.0,False,0.0,inf,,0.0,1.0,,,-inf,inf,0.0,1.0,solar_pv,0.0,0.0,True,0,inf,0.0,,,0.0,1.0,False,0.0,0.0,0.0,0,0,1,0,,,,,1.0,0.0,-1.133,53.974,,,,
FES_solar_pv_Saltend_North_2035,Z8,PQ,,101.55099999999999,0.0,False,0.0,inf,,0.0,1.0,,,-inf,inf,0.0,1.0,solar_pv,0.0,0.0,True,0,inf,0.0,,,0.0,1.0,False,0.0,0.0,0.0,0,0,1,0,,,,,1.0,0.0,-0.238,53.743,,,,
FES_solar_pv_Sheffield_City_2035,Z8,PQ,,19.264,0.0,False,0.0,inf,,0.0,1.0,,,-inf,inf,0.0,1.0,solar_pv,0.0,0.0,True,0,inf,0.0,,,0.0,1.0,False,0.0,0.0,0.0,0,0,1,0,,,,,1.0,0.0,-1.477,53.375,,,,
FES_solar_pv_Skelton_Grange_2035,Z8,PQ,,215.43900000000002,0.0,False,0.0,inf,,0.0,1.0,,,-inf,inf,0.0,1.0,solar_pv,0.0,0.0,True,0,inf,0.0,,,0.0,1.0,False,0.0,0.0,0.0,0,0,1,0,,,,,1.0,0.0,-1.496,53.776,,,,
FES_solar_pv_Templeborough_2035,Z8,PQ,,16.703,0.0,False,0.0,inf,,0.0,1.0,,,-inf,inf,0.0,1.0,solar_pv,0.0,0.0,True,0,inf,0.0,,,0.0,1.0,False,0.0,0.0,0.0,0,0,1,0,,,,,1.0,0.0,-1.385,53.412,,,,
FES_solar_pv_Thorpe_Marsh_2035,Z8,PQ,,323.954,0.0,False,0.0,inf,,0.0,1.0,,,-inf,inf,0.0,1.0,solar_pv,0.0,0.0,True,0,inf,0.0,,,0.0,1.0,False,0.0,0.0,0.0,0,0,1,0,,,,,1.0,0.0,-1.087,53.579,,,,
FES_solar_pv_Thurcroft_2035,Z8,PQ,,97.683,0.0,False,0.0,inf,,0.0,1.0,,,-inf,inf,0.0,1.0,solar_pv,0.0,0.0,True,0,inf,0.0,,,0.0,1.0,False,0.0,0.0,0.0,0,0,1,0,,,,,1.0,0.0,-1.267,53.405,,,,
FES_solar_pv_West_Melton_2035,Z8,PQ,,145.89000000000001,0.0,False,0.0,inf,,0.0,1.0,,,-inf,inf,0.0,1.0,solar_pv,0.0,0.0,True,0,inf,0.0,,,0.0,1.0,False,0.0,0.0,0.0,0,0,1,0,,,,,1.0,0.0,-1.378,53.502,,,,
FES_solar_pv_Wincobank_2035,Z8,PQ,,16.703,0.0,False,0.0,inf,,0.0,1.0,,,-inf,inf,0.0,1.0,solar_pv,0.0,0.0,True,0,inf,0.0,,,0.0,1.0,False,0.0,0.0,0.0,0,0,1,0,,,,,1.0,0.0,-1.418,53.413,,,,
FES_solar_pv_Birkenhead_2035,Z9,PQ,,64.95100000000001,0.0,False,0.0,inf,,0.0,1.0,,,-inf,inf,0.0,1.0,solar_pv,0.0,0.0,True,0,inf,0.0,,,0.0,1.0,False,0.0,0.0,0.0,0,0,1,0,,,,,1.0,0.0,-3.061,53.366,,,,
FES_solar_pv_Bredbury_2035,Z9,PQ,,102.924,0.0,False,0.0,inf,,0.0,1.0,,,-inf,inf,0.0,1.0,solar_pv,0.0,0.0,True,0,inf,0.0,,,0.0,1.0,False,0.0,0.0,0.0,0,0,1,0,,,,,1.0,0.0,-2.131,53.415,,,,
FES_solar_pv_Capenhurst_2035,Z9,PQ,,77.99,0.0,False,0.0,inf,,0.0,1.0,,,-inf,inf,0.0,1.0,solar_pv,0.0,0.0,True,0,inf,0.0,,,0.0,1.0,False,0.0,0.0,0.0,0,0,1,0,,,,,1.0,0.0,-2.948,53.266,,,,
FES_solar_pv_Carrington_2035,Z9,PQ,,57.831,0.0,False,0.0,inf,,0.0,1.0,,,-inf,inf,0.0,1.0,solar_pv,0.0,0.0,True,0,inf,0.0,,,0.0,1.0,False,0.0,0.0,0.0,0,0,1,0,,,,,1.0,0.0,-2.4,53.435,,,,
FES_solar_pv_Connahs_Quay_2035,Z9,PQ,,288.532,0.0,False,0.0,inf,,0.0,1.0,,,-inf,inf,0.0,1.0,solar_pv,0.0,0.0,True,0,inf,0.0,,,0.0,1.0,False,0.0,0.0,0.0,0,0,1,0,,,,,1.0,0.0,-3.073,53.228,,,,
FES_solar_pv_DirectNGET_Z9_2035,Z9,PQ,,665.0451540913269,0.0,False,0.0,inf,,0.0,1.0,,,-inf,inf,0.0,1.0,solar_pv,0.0,0.0,True,0,inf,0.0,,,0.0,1.0,False,0.0,0.0,0.0,0,0,1,0,,,,,1.0,0.0,-2.896101364675129,53.371643326858425,,,,
FES_solar_pv_Fiddlers_Ferry_Cuerdley_132kV_2035,Z9,PQ,,130.875,0.0,False,0.0,inf,,0.0,1.0,,,-inf,inf,0.0,1.0,solar_pv,0.0,0.0,True,0,inf,0.0,,,0.0,1.0,False,0.0,0.0,0.0,0,0,1,0,,,,,1.0,0.0,-2.688,53.372,,,,
FES_solar_pv_Frodsham_2035,Z9,PQ,,212.73700000000002,0.0,False,0.0,inf,,0.0,1.0,,,-inf,inf,0.0,1.0,solar_pv,0.0,0.0,True,0,inf,0.0,,,0.0,1.0,False,0.0,0.0,0.0,0,0,1,0,,,,,1.0,0.0,-2.717,53.309,,,,
FES_solar_pv_Heysham_NGET_2035,Z9,PQ,,190.562,0.0,False,0.0,inf,,0.0,1.0,,,-inf,inf,0.0,1.0,solar_pv,0.0,0.0,True,0,inf,0.0,,,0.0,1.0,False,0.0,0.0,0.0,0,0,1,0,,,,,1.0,0.0,-2.889,54.033,,,,
FES_solar_pv_Kearsley_132kV_2035,Z9,PQ,,191.415,0.0,False,0.0,inf,,0.0,1.0,,,-inf,inf,0.0,1.0,solar_pv,0.0,0.0,True,0,inf,0.0,,,0.0,1.0,False,0.0,0.0,0.0,0,0,1,0,,,,,1.0,0.0,-2.359,53.538,,,,
FES_solar_pv_Kearsley_33kV_2035,Z9,PQ,,24.783,0.0,False,0.0,inf,,0.0,1.0,,,-inf,inf,0.0,1.0,solar_pv,0.0,0.0,True,0,inf,0.0,,,0.0,1.0,False,0.0,0.0,0.0,0,0,1,0,,,,,1.0,0.0,-2.359,53.538,,,,
FES_solar_pv_Kirkby_SPEN_2035,Z9,PQ,,117.265,0.0,False,0.0,inf,,0.0,1.0,,,-inf,inf,0.0,1.0,solar_pv,0.0,0.0,True,0,inf,0.0,,,0.0,1.0,False,0.0,0.0,0.0,0,0,1,0,,,,,1.0,0.0,-2.849,53.469,,,,
FES_solar_pv_Legacy_2035,Z9,PQ,,350.743,0.0,False,0.0,inf,,0.0,1.0,,,-inf,inf,0.0,1.0,solar_pv,0.0,0.0,True,0,inf,0.0,,,0.0,1.0,False,0.0,0.0,0.0,0,0,1,0,,,,,1.0,0.0,-3.052,53.029,,,,
FES_solar_pv_Lister_Drive_2035,Z9,PQ,,105.235,0.0,False,0.0,inf,,0.0,1.0,,,-inf,inf,0.0,1.0,solar_pv,0.0,0.0,True,0,inf,0.0,,,0.0,1.0,False,0.0,0.0,0.0,0,0,1,0,,,,,1.0,0.0,-2.924,53.419,,,,
FES_solar_pv_Macclesfield_2035,Z9,PQ,,67.98400000000001,0.0,False,0.0,inf,,0.0,1.0,,,-inf,inf,0.0,1.0,solar_pv,0.0,0.0,True,0,inf,0.0,,,0.0,1.0,False,0.0,0.0,0.0,0,0,1,0,,,,,1.0,0.0,-2.121,53.269,,,,
FES_solar_pv_Padiham_2035,Z9,PQ,,129.05100000000002,0.0,False,0.0,inf,,0.0,1.0,,,-inf,inf,0.0,1.0,solar_pv,0.0,0.0,True,0,inf,0.0,,,0.0,1.0,False,0.0,0.0,0.0,0,0,1,0,,,,,1.0,0.0,-2.327,53.795,,,,
FES_solar_pv_Pentir_2035,Z9,PQ,,313.484,0.0,False,0.0,inf,,0.0,1.0,,,-inf,inf,0.0,1.0,solar_pv,0.0,0.0,True,0,inf,0.0,,,0.0,1.0,False,0.0,0.0,0.0,0,0,1,0,,,,,1.0,0.0,-4.16,53.187,,,,
FES_solar_pv_Penwortham_East_2035,Z9,PQ,,158.701,0.0,False,0.0,inf,,0.0,1.0,,,-inf,inf,0.0,1.0,solar_pv,0.0,0.0,True,0,inf,0.0,,,0.0,1.0,False,0.0,0.0,0.0,0,0,1,0,,,,,1.0,0.0,-2.755,53.744,,,,
FES_solar_pv_Penwortham_West_2035,Z9,PQ,,183.31099999999998,0.0,False,0.0,inf,,0.0,1.0,,,-inf,inf,0.0,1.0,solar_pv,0.0,0.0,True,0,inf,0.0,,,0.0,1.0,False,0.0,0.0,0.0,0,0,1,0,,,,,1.0,0.0,-2.755,53.744,,,,
FES_solar_pv_Rainhill_2035,Z9,PQ,,84.228,0.0,False,0.0,inf,,0.0,1.0,,,-inf,inf,0.0,1.0,solar_pv,0.0,0.0,True,0,inf,0.0,,,0.0,1.0,False,0.0,0.0,0.0,0,0,1,0,,,,,1.0,0.0,-2.738,53.421,,,,
FES_solar_pv_Rochdale_2035,Z9,PQ,,101.103,0.0,False,0.0,inf,,0.0,1.0,,,-inf,inf,0.0,1.0,solar_pv,0.0,0.0,True,0,inf,0.0,,,0.0,1.0,False,0.0,0.0,0.0,0,0,1,0,,,,,1.0,0.0,-2.215,53.622,,,,
FES_solar_pv_South_Manchester_2035,Z9,PQ,,92.907,0.0,False,0.0,inf,,0.0,1.0,,,-inf,inf,0.0,1.0,solar_pv,0.0,0.0,True,0,inf,0.0,,,0.0,1.0,False,0.0,0.0,0.0,0,0,1,0,,,,,1.0,0.0,-2.275,53.422,,,,
FES_solar_pv_Stalybridge_2035,Z9,PQ,,156.343,0.0,False,0.0,inf,,0.0,1.0,,,-inf,inf,0.0,1.0,solar_pv,0.0,0.0,True,0,inf,0.0,,,0.0,1.0,False,0.0,0.0,0.0,0,0,1,0,,,,,1.0,0.0,-2.044,53.492,,,,
FES_solar_pv_Stanah_2035,Z9,PQ,,106.801,0.0,False,0.0,inf,,0.0,1.0,,,-inf,inf,0.0,1.0,solar_pv,0.0,0.0,True,0,inf,0.0,,,0.0,1.0,False,0.0,0.0,0.0,0,0,1,0,,,,,1.0,0.0,-2.99,53.88,,,,
FES_solar_pv_Trawsfynydd_2035,Z9,PQ,,118.5,0.0,False,0.0,inf,,0.0,1.0,,,-inf,inf,0.0,1.0,solar_pv,0.0,0.0,True,0,inf,0.0,,,0.0,1.0,False,0.0,0.0,0.0,0,0,1,0,,,,,1.0,0.0,-3.951,52.929,,,,
FES_solar_pv_Washway_Farm_2035,Z9,PQ,,20.279,0.0,False,0.0,inf,,0.0,1.0,,,-inf,inf,0.0,1.0,solar_pv,0.0,0.0,True,0,inf,0.0,,,0.0,1.0,False,0.0,0.0,0.0,0,0,1,0,,,,,1.0,0.0,-2.82,53.562,,,,
FES_solar_pv_Whitegate_2035,Z9,PQ,,122.709,0.0,False,0.0,inf,,0.0,1.0,,,-inf,inf,0.0,1.0,solar_pv,0.0,0.0,True,0,inf,0.0,,,0.0,1.0,False,0.0,0.0,0.0,0,0,1,0,,,,,1.0,0.0,-2.164,53.53,,,,
FES_solar_pv_Wylfa_2035,Z9,PQ,,185.20000000000002,0.0,False,0.0,inf,,0.0,1.0,,,-inf,inf,0.0,1.0,solar_pv,0.0,0.0,True,0,inf,0.0,,,0.0,1.0,False,0.0,0.0,0.0,0,0,1,0,,,,,1.0,0.0,-4.482,53.414,,,,
FES_wind_offshore_Bicker_Fen_2035,Z10,PQ,,211.064,0.0,False,0.0,inf,,0.0,1.0,,,-inf,inf,0.0,1.0,wind_offshore,0.0,0.0,True,0,inf,0.0,,,0.0,1.0,False,0.0,0.0,0.0,0,0,1,0,,,,,1.0,0.0,-0.221,52.931,,,,
FES_wind_offshore_DirectNGET_Z10_2035,Z10,PQ,,24225.353026691486,0.0,False,0.0,inf,,0.0,1.0,,,-inf,inf,0.0,1.0,wind_offshore,0.0,0.0,True,0,inf,0.0,,,0.0,1.0,False,0.0,0.0,0.0,0,0,1,0,,,,,1.0,0.0,0.7683668186464621,53.28098455051202,,,,
FES_wind_offshore_Bramford_2035,Z12,PQ,,13.029,0.0,False,0.0,inf,,0.0,1.0,,,-inf,inf,0.0,1.0,wind_offshore,0.0,0.0,True,0,inf,0.0,,,0.0,1.0,False,0.0,0.0,0.0,0,0,1,0,,,,,1.0,0.0,1.063,52.07,,,,
FES_wind_offshore_DirectNGET_Z12_2035,Z12,PQ,,3359.8694147076903,0.0,False,0.0,inf,,0.0,1.0,,,-inf,inf,0.0,1.0,wind_offshore,0.0,0.0,True,0,inf,0.0,,,0.0,1.0,False,0.0,0.0,0.0,0,0,1,0,,,,,1.0,0.0,1.9808608738003781,52.39046764852107,,,,
FES_wind_offshore_Norwich_Main_2035,Z12,PQ,,82.515,0.0,False,0.0,inf,,0.0,1.0,,,-inf,inf,0.0,1.0,wind_offshore,0.0,0.0,True,0,inf,0.0,,,0.0,1.0,False,0.0,0.0,0.0,0,0,1,0,,,,,1.0,0.0,1.272,52.573,,,,
FES_wind_offshore_Canterbury_2035,Z15,PQ,,151.458,0.0,False,0.0,inf,,0.0,1.0,,,-inf,inf,0.0,1.0,wind_offshore,0.0,0.0,True,0,inf,0.0,,,0.0,1.0,False,0.0,0.0,0.0,0,0,1,0,,,,,1.0,0.0,1.094,51.292,,,,
FES_wind_offshore_DirectNGET_Z15_2035,Z15,PQ,,9164.977125674868,0.0,False,0.0,inf,,0.0,1.0,,,-inf,inf,0.0,1.0,wind_offshore,0.0,0.0,True,0,inf,0.0,,,0.0,1.0,False,0.0,0.0,0.0,0,0,1,0,,,,,1.0,0.0,1.4363948030480285,51.657882863498635,,,,
FES_wind_offshore_DirectNGET_Z16_2035,Z16,PQ,,1736.366622587954,0.0,False,0.0,inf,,0.0,1.0,,,-inf,inf,0.0,1.0,wind_offshore,0.0,0.0,True,0,inf,0.0,,,0.0,1.0,False,0.0,0.0,0.0,0,0,1,0,,,,,1.0,0.0,-0.1799780061560866,50.63998685103538,,,,
FES_wind_offshore_Indian_Queens_2035,Z17,PQ,,0.109,0.0,False,0.0,inf,,0.0,1.0,,,-inf,inf,0.0,1.0,wind_offshore,0.0,0.0,True,0,inf,0.0,,,0.0,1.0,False,0.0,0.0,0.0,0,0,1,0,,,,,1.0,0.0,-4.901,50.395,,,,
FES_wind_offshore_DirectSHETL_Z1_3_2035,Z1_3,PQ,,8333.544900883688,0.0,False,0.0,inf,,0.0,1.0,,,-inf,inf,0.0,1.0,wind_offshore,0.0,0.0,True,0,inf,0.0,,,0.0,1.0,False,0.0,0.0,0.0,0,0,1,0,,,,,1.0,0.0,-2.9192998482496444,58.170506234638324,,,,
FES_wind_offshore_DirectSHETL_Z2_2035,Z2,PQ,,15005.955099116314,0.0,False,0.0,inf,,0.0,1.0,,,-inf,inf,0.0,1.0,wind_offshore,0.0,0.0,True,0,inf,0.0,,,0.0,1.0,False,0.0,0.0,0.0,0,0,1,0,,,,,1.0,0.0,-2.1019804087644562,57.54031504988657,,,,
FES_wind_offshore_DirectSPTL_Z2_2035,Z2,PQ,,12776.466637207246,0.0,False,0.0,inf,,0.0,1.0,,,-inf,inf,0.0,1.0,wind_offshore,0.0,0.0,True,0,inf,0.0,,,0.0,1.0,False,0.0,0.0,0.0,0,0,1,0,,,,,1.0,0.0,-1.9002234834390217,56.81638340317281,,,,
FES_wind_offshore_Peterhead_Grange_2035,Z2,PQ,,30.0,0.0,False,0.0,inf,,0.0,1.0,,,-inf,inf,0.0,1.0,wind_offshore,0.0,0.0,True,0,inf,0.0,,,0.0,1.0,False,0.0,0.0,0.0,0,0,1,0,,,,,1.0,0.0,-1.784,57.505,,,,
FES_wind_offshore_Redmoss_2035,Z2,PQ,,49.6,0.0,False,0.0,inf,,0.0,1.0,,,-inf,inf,0.0,1.0,wind_offshore,0.0,0.0,True,0,inf,0.0,,,0.0,1.0,False,0.0,0.0,0.0,0,0,1,0,,,,,1.0,0.0,-2.092,57.108,,,,
FES_wind_offshore_DirectSPTL_Z5_2035,Z5,PQ,,79.53336279275298,0.0,False,0.0,inf,,0.0,1.0,,,-inf,inf,0.0,1.0,wind_offshore,0.0,0.0,True,0,inf,0.0,,,0.0,1.0,False,0.0,0.0,0.0,0,0,1,0,,,,,1.0,0.0,-2.9579654880986967,56.16068734374035,,,,
FES_wind_offshore_DirectNGET_Z6_2035,Z6,PQ,,755.3194808257599,0.0,False,0.0,inf,,0.0,1.0,,,-inf,inf,0.0,1.0,wind_offshore,0.0,0.0,True,0,inf,0.0,,,0.0,1.0,False,0.0,0.0,0.0,0,0,1,0,,,,,1.0,0.0,-3.712413082198286,54.75575758576956,,,,
FES_wind_offshore_Blyth_66kV_2035,Z7,PQ,,49.183,0.0,False,0.0,inf,,0.0,1.0,,,-inf,inf,0.0,1.0,wind_offshore,0.0,0.0,True,0,inf,0.0,,,0.0,1.0,False,0.0,0.0,0.0,0,0,1,0,,,,,1.0,0.0,-1.531,55.141,,,,
FES_wind_offshore_DirectNGET_Z7_2035,Z7,PQ,,449.28486359463307,0.0,False,0.0,inf,,0.0,1.0,,,-inf,inf,0.0,1.0,wind_offshore,0.0,0.0,True,0,inf,0.0,,,0.0,1.0,False,0.0,0.0,0.0,0,0,1,0,,,,,1.0,0.0,-1.229927660989131,54.906132803933815,,,,
FES_wind_offshore_Lackenby_2035,Z8,PQ,,67.315,0.0,False,0.0,inf,,0.0,1.0,,,-inf,inf,0.0,1.0,wind_offshore,0.0,0.0,True,0,inf,0.0,,,0.0,1.0,False,0.0,0.0,0.0,0,0,1,0,,,,,1.0,0.0,-1.133,54.568,,,,
FES_wind_offshore_Connahs_Quay_2035,Z9,PQ,,99.886,0.0,False,0.0,inf,,0.0,1.0,,,-inf,inf,0.0,1.0,wind_offshore,0.0,0.0,True,0,inf,0.0,,,0.0,1.0,False,0.0,0.0,0.0,0,0,1,0,,,,,1.0,0.0,-3.073,53.228,,,,
FES_wind_offshore_DirectNGET_Z9_2035,Z9,PQ,,11847.229465917611,0.0,False,0.0,inf,,0.0,1.0,,,-inf,inf,0.0,1.0,wind_offshore,0.0,0.0,True,0,inf,0.0,,,0.0,1.0,False,0.0,0.0,0.0,0,0,1,0,,,,,1.0,0.0,-3.475811206304591,53.772074624611406,,,,
FES_wind_offshore_Pentir_2035,Z9,PQ,,65.143,0.0,False,0.0,inf,,0.0,1.0,,,-inf,inf,0.0,1.0,wind_offshore,0.0,0.0,True,0,inf,0.0,,,0.0,1.0,False,0.0,0.0,0.0,0,0,1,0,,,,,1.0,0.0,-4.16,53.187,,,,
FES_wind_onshore_Bicker_Fen_2035,Z10,PQ,,1.596,0.0,False,0.0,inf,,0.0,1.0,,,-inf,inf,0.0,1.0,wind_onshore,0.0,0.0,True,0,inf,0.0,,,0.0,1.0,False,0.0,0.0,0.0,0,0,1,0,,,,,1.0,0.0,-0.221,52.931,,,,
FES_wind_onshore_Chesterfield_2035,Z10,PQ,,53.554,0.0,False,0.0,inf,,0.0,1.0,,,-inf,inf,0.0,1.0,wind_onshore,0.0,0.0,True,0,inf,0.0,,,0.0,1.0,False,0.0,0.0,0.0,0,0,1,0,,,,,1.0,0.0,-1.387,53.224,,,,
FES_wind_onshore_DirectNGET_Z10_2035,Z10,PQ,,103.45981721286573,0.0,False,0.0,inf,,0.0,1.0,,,-inf,inf,0.0,1.0,wind_onshore,0.0,0.0,True,0,inf,0.0,,,0.0,1.0,False,0.0,0.0,0.0,0,0,1,0,,,,,1.0,0.0,-0.29549297445306305,53.25390583916629,,,,
FES_wind_onshore_Grimsby_West_2035,Z10,PQ,,51.241,0.0,False,0.0,inf,,0.0,1.0,,,-inf,inf,0.0,1.0,wind_onshore,0.0,0.0,True,0,inf,0.0,,,0.0,1.0,False,0.0,0.0,0.0,0,0,1,0,,,,,1.0,0.0,-0.151,53.566,,,,
FES_wind_onshore_Staythorpe_2035,Z10,PQ,,9.315,0.0,False,0.0,inf,,0.0,1.0,,,-inf,inf,0.0,1.0,wind_onshore,0.0,0.0,True,0,inf,0.0,,,0.0,1.0,False,0.0,0.0,0.0,0,0,1,0,,,,,1.0,0.0,-0.869,53.077,,,,
FES_wind_onshore_Stoke_Bardolph_2035,Z10,PQ,,6.785,0.0,False,0.0,inf,,0.0,1.0,,,-inf,inf,0.0,1.0,wind_onshore,0.0,0.0,True,0,inf,0.0,,,0.0,1.0,False,0.0,0.0,0.0,0,0,1,0,,,,,1.0,0.0,-1.051,52.96,,,,
FES_wind_onshore_West_Burton_2035,Z10,PQ,,4.737,0.0,False,0.0,inf,,0.0,1.0,,,-inf,inf,0.0,1.0,wind_onshore,0.0,0.0,True,0,inf,0.0,,,0.0,1.0,False,0.0,0.0,0.0,0,0,1,0,,,,,1.0,0.0,-0.807,53.36,,,,
FES_wind_onshore_Berkswell_2035,Z11,PQ,,0.063,0.0,False,0.0,inf,,0.0,1.0,,,-inf,inf,0.0,1.0,wind_onshore,0.0,0.0,True,0,inf,0.0,,,0.0,1.0,False,0.0,0.0,0.0,0,0,1,0,,,,,1.0,0.0,-1.614,52.387,,,,
FES_wind_onshore_Bishops_Wood_2035,Z11,PQ,,65.856,0.0,False,0.0,inf,,0.0,1.0,,,-inf,inf,0.0,1.0,wind_onshore,0.0,0.0,True,0,inf,0.0,,,0.0,1.0,False,0.0,0.0,0.0,0,0,1,0,,,,,1.0,0.0,-2.243,52.312,,,,
FES_wind_onshore_Bushbury_2035,Z11,PQ,,9.802,0.0,False,0.0,inf,,0.0,1.0,,,-inf,inf,0.0,1.0,wind_onshore,0.0,0.0,True,0,inf,0.0,,,0.0,1.0,False,0.0,0.0,0.0,0,0,1,0,,,,,1.0,0.0,-2.115,52.636,,,,
FES_wind_onshore_Cellarhead_2035,Z11,PQ,,5.598,0.0,False,0.0,inf,,0.0,1.0,,,-inf,inf,0.0,1.0,wind_onshore,0.0,0.0,True,0,inf,0.0,,,0.0,1.0,False,0.0,0.0,0.0,0,0,1,0,,,,,1.0,0.0,-2.086,53.041,,,,
FES_wind_onshore_Coventry_2035,Z11,PQ,,169.167,0.0,False,0.0,inf,,0.0,1.0,,,-inf,inf,0.0,1.0,wind_onshore,0.0,0.0,True,0,inf,0.0,,,0.0,1.0,False,0.0,0.0,0.0,0,0,1,0,,,,,1.0,0.0,-1.464,52.456,,,,
FES_wind_onshore_DirectNGET_Z11_2035,Z11,PQ,,88.79143708788727,0.0,False,0.0,inf,,0.0,1.0,,,-inf,inf,0.0,1.0,wind_onshore,0.0,0.0,True,0,inf,0.0,,,0.0,1.0,False,0.0,0.0,0.0,0,0,1,0,,,,,1.0,0.0,-1.2593477686288557,52.57705391164166,,,,
FES_wind_onshore_Drakelow_2035,Z11,PQ,,2.282,0.0,False,0.0,inf,,0.0,1.0,,,-inf,inf,0.0,1.0,wind_onshore,0.0,0.0,True,0,inf,0.0,,,0.0,1.0,False,0.0,0.0,0.0,0,0,1,0,,,,,1.0,0.0,-1.649,52.773,,,,
FES_wind_onshore_Enderby_2035,Z11,PQ,,4.009,0.0,False,0.0,inf,,0.0,1.0,,,-inf,inf,0.0,1.0,wind_onshore,0.0,0.0,True,0,inf,0.0,,,0.0,1.0,False,0.0,0.0,0.0,0,0,1,0,,,,,1.0,0.0,-1.215,52.598,,,,
FES_wind_onshore_Feckenham_2035,Z11,PQ,,1.025,0.0,False,0.0,inf,,0.0,1.0,,,-inf,inf,0.0,1.0,wind_onshore,0.0,0.0,True,0,inf,0.0,,,0.0,1.0,False,0.0,0.0,0.0,0,0,1,0,,,,,1.0,0.0,-1.972,52.252,,,,
FES_wind_onshore_Grendon_2035,Z11,PQ,,200.42499999999998,0.0,False,0.0,inf,,0.0,1.0,,,-inf,inf,0.0,1.0,wind_onshore,0.0,0.0,True,0,inf,0.0,,,0.0,1.0,False,0.0,0.0,0.0,0,0,1,0,,,,,1.0,0.0,-0.726,52.243,,,,
FES_wind_onshore_Hams_Hall_Lea_Marston_132kV_2035,Z11,PQ,,0.243,0.0,False,0.0,inf,,0.0,1.0,,,-inf,inf,0.0,1.0,wind_onshore,0.0,0.0,True,0,inf,0.0,,,0.0,1.0,False,0.0,0.0,0.0,0,0,1,0,,,,,1.0,0.0,-1.709,52.529,,,,
FES_wind_onshore_Ironbridge_2035,Z11,PQ,,0.81,0.0,False,0.0,inf,,0.0,1.0,,,-inf,inf,0.0,1.0,wind_onshore,0.0,0.0,True,0,inf,0.0,,,0.0,1.0,False,0.0,0.0,0.0,0,0,1,0,,,,,1.0,0.0,-2.51,52.632,,,,
FES_wind_onshore_Ocker_Hill_2035,Z11,PQ,,0.006,0.0,False,0.0,inf,,0.0,1.0,,,-inf,inf,0.0,1.0,wind_onshore,0.0,0.0,True,0,inf,0.0,,,0.0,1.0,False,0.0,0.0,0.0,0,0,1,0,,,,,1.0,0.0,-2.033,52.541,,,,
FES_wind_onshore_Penn_2035,Z11,PQ,,0.014,0.0,False,0.0,inf,,0.0,1.0,,,-inf,inf,0.0,1.0,wind_onshore,0.0,0.0,True,0,inf,0.0,,,0.0,1.0,False,0.0,0.0,0.0,0,0,1,0,,,,,1.0,0.0,-2.208,52.556,,,,
FES_wind_onshore_Ratcliffe_2035,Z11,PQ,,21.916999999999998,0.0,False,0.0,inf,,0.0,1.0,,,-inf,inf,0.0,1.0,wind_onshore,0.0,0.0,True,0,inf,0.0,,,0.0,1.0,False,0.0,0.0,0.0,0,0,1,0,,,,,1.0,0.0,-1.253,52.863,,,,
FES_wind_onshore_Rugeley_2035,Z11,PQ,,3.471,0.0,False,0.0,inf,,0.0,1.0,,,-inf,inf,0.0,1.0,wind_onshore,0.0,0.0,True,0,inf,0.0,,,0.0,1.0,False,0.0,0.0,0.0,0,0,1,0,,,,,1.0,0.0,-1.913,52.754,,,,
FES_wind_onshore_Shrewsbury_2035,Z11,PQ,,6.949,0.0,False,0.0,inf,,0.0,1.0,,,-inf,inf,0.0,1.0,wind_onshore,0.0,0.0,True,0,inf,0.0,,,0.0,1.0,False,0.0,0.0,0.0,0,0,1,0,,,,,1.0,0.0,-2.693,52.71,,,,
FES_wind_onshore_Willenhall_2035,Z11,PQ,,0.004,0.0,False,0.0,inf,,0.0,1.0,,,-inf,inf,0.0,1.0,wind_onshore,0.0,0.0,True,0,inf,0.0,,,0.0,1.0,False,0.0,0.0,0.0,0,0,1,0,,,,,1.0,0.0,-2.06,52.577,,,,
FES_wind_onshore_Willington_2035,Z11,PQ,,44.299,0.0,False,0.0,inf,,0.0,1.0,,,-inf,inf,0.0,1.0,wind_onshore,0.0,0.0,True,0,inf,0.0,,,0.0,1.0,False,0.0,0.0,0.0,0,0,1,0,,,,,1.0,0.0,-1.549,52.856,,,,
FES_wind_onshore_Braintree_2035,Z12,PQ,,0.173,0.0,False,0.0,inf,,0.0,1.0,,,-inf,inf,0.0,1.0,wind_onshore,0.0,0.0,True,0,inf,0.0,,,0.0,1.0,False,0.0,0.0,0.0,0,0,1,0,,,,,1.0,0.0,0.576,51.865,,,,
FES_wind_onshore_Bramford_2035,Z12,PQ,,81.257,0.0,False,0.0,inf,,0.0,1.0,,,-inf,inf,0.0,1.0,wind_onshore,0.0,0.0,True,0,inf,0.0,,,0.0,1.0,False,0.0,0.0,0.0,0,0,1,0,,,,,1.0,0.0,1.063,52.07,,,,
FES_wind_onshore_Burwell_Main_2035,Z12,PQ,,58.194,0.0,False,0.0,inf,,0.0,1.0,,,-inf,inf,0.0,1.0,wind_onshore,0.0,0.0,True,0,inf,0.0,,,0.0,1.0,False,0.0,0.0,0.0,0,0,1,0,,,,,1.0,0.0,0.312,52.28,,,,
FES_wind_onshore_DirectNGET_Z12_2035,Z12,PQ,,165.60514365951997,0.0,False,0.0,inf,,0.0,1.0,,,-inf,inf,0.0,1.0,wind_onshore,0.0,0.0,True,0,inf,0.0,,,0.0,1.0,False,0.0,0.0,0.0,0,0,1,0,,,,,1.0,0.0,0.33254369648434884,52.497152260662475,,,,
FES_wind_onshore_Eaton_Socon_2035,Z12,PQ,,103.72099999999999,0.0,False,0.0,inf,,0.0,1.0,,,-inf,inf,0.0,1.0,wind_onshore,0.0,0.0,True,0,inf,0.0,,,0.0,1.0,False,0.0,0.0,0.0,0,0,1,0,,,,,1.0,0.0,-0.303,52.215,,,,
FES_wind_onshore_Norwich_Main_2035,Z12,PQ,,26.833,0.0,False,0.0,inf,,0.0,1.0,,,-inf,inf,0.0,1.0,wind_onshore,0.0,0.0,True,0,inf,0.0,,,0.0,1.0,False,0.0,0.0,0.0,0,0,1,0,,,,,1.0,0.0,1.272,52.573,,,,
FES_wind_onshore_Pelham_2035,Z12,PQ,,0.808,0.0,False,0.0,inf,,0.0,1.0,,,-inf,inf,0.0,1.0,wind_onshore,0.0,0.0,True,0,inf,0.0,,,0.0,1.0,False,0.0,0.0,0.0,0,0,1,0,,,,,1.0,0.0,0.117,51.935,,,,
FES_wind_onshore_Walpole__A_2035,Z12,PQ,,399.49399999999997,0.0,False,0.0,inf,,0.0,1.0,,,-inf,inf,0.0,1.0,wind_onshore,0.0,0.0,True,0,inf,0.0,,,0.0,1.0,False,0.0,0.0,0.0,0,0,1,0,,,,,1.0,0.0,0.199,52.728,,,,
FES_wind_onshore_Walpole__B_2035,Z12,PQ,,37.575,0.0,False,0.0,inf,,0.0,1.0,,,-inf,inf,0.0,1.0,wind_onshore,0.0,0.0,True,0,inf,0.0,,,0.0,1.0,False,0.0,0.0,0.0,0,0,1,0,,,,,1.0,0.0,0.199,52.728,,,,
FES_wind_onshore_Aberthaw_2035,Z13,PQ,,0.754,0.0,False,0.0,inf,,0.0,1.0,,,-inf,inf,0.0,1.0,wind_onshore,0.0,0.0,True,0,inf,0.0,,,0.0,1.0,False,0.0,0.0,0.0,0,0,1,0,,,,,1.0,0.0,-3.403,51.385,,,,
FES_wind_onshore_Cardiff_East_2035,Z13,PQ,,4.945,0.0,False,0.0,inf,,0.0,1.0,,,-inf,inf,0.0,1.0,wind_onshore,0.0,0.0,True,0,inf,0.0,,,0.0,1.0,False,0.0,0.0,0.0,0,0,1,0,,,,,1.0,0.0,-3.145,51.495,,,,
FES_wind_onshore_DirectNGET_Z13_2035,Z13,PQ,,439.2268498370025,0.0,False,0.0,inf,,0.0,1.0,,,-inf,inf,0.0,1.0,wind_onshore,0.0,0.0,True,0,inf,0.0,,,0.0,1.0,False,0.0,0.0,0.0,0,0,1,0,,,,,1.0,0.0,-3.530336875522413,51.80871604539335,,,,
FES_wind_onshore_Iron_Acton_2035,Z13,PQ,,28.125,0.0,False,0.0,inf,,0.0,1.0,,,-inf,inf,0.0,1.0,wind_onshore,0.0,0.0,True,0,inf,0.0,,,0.0,1.0,False,0.0,0.0,0.0,0,0,1,0,,,,,1.0,0.0,-2.481,51.569,,,,
FES_wind_onshore_Margam_Grange_66kV_2035,Z13,PQ,,204.098,0.0,False,0.0,inf,,0.0,1.0,,,-inf,inf,0.0,1.0,wind_onshore,0.0,0.0,True,0,inf,0.0,,,0.0,1.0,False,0.0,0.0,0.0,0,0,1,0,,,,,1.0,0.0,-3.754,51.56,,,,
FES_wind_onshore_Melksham_2035,Z13,PQ,,22.342,0.0,False,0.0,inf,,0.0,1.0,,,-inf,inf,0.0,1.0,wind_onshore,0.0,0.0,True,0,inf,0.0,,,0.0,1.0,False,0.0,0.0,0.0,0,0,1,0,,,,,1.0,0.0,-2.15,51.392,,,,
FES_wind_onshore_Minety_2035,Z13,PQ,,21.339,0.0,False,0.0,inf,,0.0,1.0,,,-inf,inf,0.0,1.0,wind_onshore,0.0,0.0,True,0,inf,0.0,,,0.0,1.0,False,0.0,0.0,0.0,0,0,1,0,,,,,1.0,0.0,-2.001,51.607,,,,
FES_wind_onshore_Pyle_2035,Z13,PQ,,96.532,0.0,False,0.0,inf,,0.0,1.0,,,-inf,inf,0.0,1.0,wind_onshore,0.0,0.0,True,0,inf,0.0,,,0.0,1.0,False,0.0,0.0,0.0,0,0,1,0,,,,,1.0,0.0,-3.688,51.536,,,,
FES_wind_onshore_Rassau_2035,Z13,PQ,,42.207,0.0,False,0.0,inf,,0.0,1.0,,,-inf,inf,0.0,1.0,wind_onshore,0.0,0.0,True,0,inf,0.0,,,0.0,1.0,False,0.0,0.0,0.0,0,0,1,0,,,,,1.0,0.0,-3.226,51.809,,,,
FES_wind_onshore_Seabank_2035,Z13,PQ,,49.905,0.0,False,0.0,inf,,0.0,1.0,,,-inf,inf,0.0,1.0,wind_onshore,0.0,0.0,True,0,inf,0.0,,,0.0,1.0,False,0.0,0.0,0.0,0,0,1,0,,,,,1.0,0.0,-2.67,51.536,,,,
FES_wind_onshore_Swansea_North_2035,Z13,PQ,,469.492,0.0,False,0.0,inf,,0.0,1.0,,,-inf,inf,0.0,1.0,wind_onshore,0.0,0.0,True,0,inf,0.0,,,0.0,1.0,False,0.0,0.0,0.0,0,0,1,0,,,,,1.0,0.0,-3.961,51.683,,,,
FES_wind_onshore_Upper_Boat_132kV_2035,Z13,PQ,,121.99,0.0,False,0.0,inf,,0.0,1.0,,,-inf,inf,0.0,1.0,wind_onshore,0.0,0.0,True,0,inf,0.0,,,0.0,1.0,False,0.0,0.0,0.0,0,0,1,0,,,,,1.0,0.0,-3.298,51.575,,,,
FES_wind_onshore_Uskmouth_2035,Z13,PQ,,52.097,0.0,False,0.0,inf,,0.0,1.0,,,-inf,inf,0.0,1.0,wind_onshore,0.0,0.0,True,0,inf,0.0,,,0.0,1.0,False,0.0,0.0,0.0,0,0,1,0,,,,,1.0,0.0,-2.976,51.549,,,,
FES_wind_onshore_Walham_2035,Z13,PQ,,0.039,0.0,False,0.0,inf,,0.0,1.0,,,-inf,inf,0.0,1.0,wind_onshore,0.0,0.0,True,0,inf,0.0,,,0.0,1.0,False,0.0,0.0,0.0,0,0,1,0,,,,,1.0,0.0,-2.266,51.872,,,,
FES_wind_onshore_Amersham_Main_2035,Z14,PQ,,0.009,0.0,False,0.0,inf,,0.0,1.0,,,-inf,inf,0.0,1.0,wind_onshore,0.0,0.0,True,0,inf,0.0,,,0.0,1.0,False,0.0,0.0,0.0,0,0,1,0,,,,,1.0,0.0,-0.655,51.664,,,,
FES_wind_onshore_Cowley_2035,Z14,PQ,,0.079,0.0,False,0.0,inf,,0.0,1.0,,,-inf,inf,0.0,1.0,wind_onshore,0.0,0.0,True,0,inf,0.0,,,0.0,1.0,False,0.0,0.0,0.0,0,0,1,0,,,,,1.0,0.0,-1.191,51.71,,,,
FES_wind_onshore_DirectNGET_Z14_2035,Z14,PQ,,20.91763082911127,0.0,False,0.0,inf,,0.0,1.0,,,-inf,inf,0.0,1.0,wind_onshore,0.0,0.0,True,0,inf,0.0,,,0.0,1.0,False,0.0,0.0,0.0,0,0,1,0,,,,,1.0,0.0,-0.1986933327462559,51.72742040432568,,,,
FES_wind_onshore_Ealing_2035,Z14,PQ,,0.156,0.0,False,0.0,inf,,0.0,1.0,,,-inf,inf,0.0,1.0,wind_onshore,0.0,0.0,True,0,inf,0.0,,,0.0,1.0,False,0.0,0.0,0.0,0,0,1,0,,,,,1.0,0.0,-0.297,51.502,,,,
FES_wind_onshore_East_Claydon_2035,Z14,PQ,,1.007,0.0,False,0.0,inf,,0.0,1.0,,,-inf,inf,0.0,1.0,wind_onshore,0.0,0.0,True,0,inf,0.0,,,0.0,1.0,False,0.0,0.0,0.0,0,0,1,0,,,,,1.0,0.0,-0.908,51.927,,,,
FES_wind_onshore_Elstree_2035,Z14,PQ,,0.069,0.0,False,0.0,inf,,0.0,1.0,,,-inf,inf,0.0,1.0,wind_onshore,0.0,0.0,True,0,inf,0.0,,,0.0,1.0,False,0.0,0.0,0.0,0,0,1,0,,,,,1.0,0.0,-0.342,51.66,,,,
FES_wind_onshore_Iver_132kV_2035,Z14,PQ,,0.008,0.0,False,0.0,inf,,0.0,1.0,,,-inf,inf,0.0,1.0,wind_onshore,0.0,0.0,True,0,inf,0.0,,,0.0,1.0,False,0.0,0.0,0.0,0,0,1,0,,,,,1.0,0.0,-0.498,51.542,,,,
FES_wind_onshore_Iver_66kV_2035,Z14,PQ,,8.954999999999998,0.0,False,0.0,inf,,0.0,1.0,,,-inf,inf,0.0,1.0,wind_onshore,0.0,0.0,True,0,inf,0.0,,,0.0,1.0,False,0.0,0.0,0.0,0,0,1,0,,,,,1.0,0.0,-0.497,51.541,,,,
FES_wind_onshore_Littlebrook_LPN_2035,Z14,PQ,,0.736,0.0,False,0.0,inf,,0.0,1.0,,,-inf,inf,0.0,1.0,wind_onshore,0.0,0.0,True,0,inf,0.0,,,0.0,1.0,False,0.0,0.0,0.0,0,0,1,0,,,,,1.0,0.0,0.244,51.461,,,,
FES_wind_onshore_Loudwater_Amersham_2035,Z14,PQ,,0.009,0.0,False,0.0,inf,,0.0,1.0,,,-inf,inf,0.0,1.0,wind_onshore,0.0,0.0,True,0,inf,0.0,,,0.0,1.0,False,0.0,0.0,0.0,0,0,1,0,,,,,1.0,0.0,-0.655,51.664,,,,
FES_wind_onshore_Mill_Hill_2035,Z14,PQ,,0.008,0.0,False,0.0,inf,,0.0,1.0,,,-inf,inf,0.0,1.0,wind_onshore,0.0,0.0,True,0,inf,0.0,,,0.0,1.0,False,0.0,0.0,0.0,0,0,1,0,,,,,1.0,0.0,-0.21,51.618,,,,
FES_wind_onshore_New_Cross_66kV_2035,Z14,PQ,,0.02,0.0,False,0.0,inf,,0.0,1.0,,,-inf,inf,0.0,1.0,wind_onshore,0.0,0.0,True,0,inf,0.0,,,0.0,1.0,False,0.0,0.0,0.0,0,0,1,0,,,,,1.0,0.0,-0.061,51.484,,,,
FES_wind_onshore_North_Hyde_2035,Z14,PQ,,0.032,0.0,False,0.0,inf,,0.0,1.0,,,-inf,inf,0.0,1.0,wind_onshore,0.0,0.0,True,0,inf,0.0,,,0.0,1.0,False,0.0,0.0,0.0,0,0,1,0,,,,,1.0,0.0,-0.411,51.499,,,,
FES_wind_onshore_Northfleet_East_2035,Z14,PQ,,0.034,0.0,False,0.0,inf,,0.0,1.0,,,-inf,inf,0.0,1.0,wind_onshore,0.0,0.0,True,0,inf,0.0,,,0.0,1.0,False,0.0,0.0,0.0,0,0,1,0,,,,,1.0,0.0,0.33,51.428,,,,
FES_wind_onshore_Sundon_2035,Z14,PQ,,12.082999999999998,0.0,False,0.0,inf,,0.0,1.0,,,-inf,inf,0.0,1.0,wind_onshore,0.0,0.0,True,0,inf,0.0,,,0.0,1.0,False,0.0,0.0,0.0,0,0,1,0,,,,,1.0,0.0,-0.502,51.933,,,,
FES_wind_onshore_Warley_2035,Z14,PQ,,2.254,0.0,False,0.0,inf,,0.0,1.0,,,-inf,inf,0.0,1.0,wind_onshore,0.0,0.0,True,0,inf,0.0,,,0.0,1.0,False,0.0,0.0,0.0,0,0,1,0,,,,,1.0,0.0,0.301,51.553,,,,
FES_wind_onshore_Watford_South_2035,Z14,PQ,,0.338,0.0,False,0.0,inf,,0.0,1.0,,,-inf,inf,0.0,1.0,wind_onshore,0.0,0.0,True,0,inf,0.0,,,0.0,1.0,False,0.0,0.0,0.0,0,0,1,0,,,,,1.0,0.0,-0.405,51.642,,,,
FES_wind_onshore_West_Ham_2035,Z14,PQ,,0.009,0.0,False,0.0,inf,,0.0,1.0,,,-inf,inf,0.0,1.0,wind_onshore,0.0,0.0,True,0,inf,0.0,,,0.0,1.0,False,0.0,0.0,0.0,0,0,1,0,,,,,1.0,0.0,0.002,51.52,,,,
FES_wind_onshore_Willesden_132kV_2035,Z14,PQ,,0.006,0.0,False,0.0,inf,,0.0,1.0,,,-inf,inf,0.0,1.0,wind_onshore,0.0,0.0,True,0,inf,0.0,,,0.0,1.0,False,0.0,0.0,0.0,0,0,1,0,,,,,1.0,0.0,-0.257,51.535,,,,
FES_wind_onshore_Wimbledon_South_2035,Z14,PQ,,0.007,0.0,False,0.0,inf,,0.0,1.0,,,-inf,inf,0.0,1.0,wind_onshore,0.0,0.0,True,0,inf,0.0,,,0.0,1.0,False,0.0,0.0,0.0,0,0,1,0,,,,,1.0,0.0,-0.188,51.431,,,,
FES_wind_onshore_Wymondley_2035,Z14,PQ,,39.376000000000005,0.0,False,0.0,inf,,0.0,1.0,,,-inf,inf,0.0,1.0,wind_onshore,0.0,0.0,True,0,inf,0.0,,,0.0,1.0,False,0.0,0.0,0.0,0,0,1,0,,,,,1.0,0.0,-0.25,51.929,,,,
FES_wind_onshore_Canterbury_2035,Z15,PQ,,0.111,0.0,False,0.0,inf,,0.0,1.0,,,-inf,inf,0.0,1.0,wind_onshore,0.0,0.0,True,0,inf,0.0,,,0.0,1.0,False,0.0,0.0,0.0,0,0,1,0,,,,,1.0,0.0,1.094,51.292,,,,
FES_wind_onshore_DirectNGET_Z15_2035,Z15,PQ,,68.30778200211856,0.0,False,0.0,inf,,0.0,1.0,,,-inf,inf,0.0,1.0,wind_onshore,0.0,0.0,True,0,inf,0.0,,,0.0,1.0,False,0.0,0.0,0.0,0,0,1,0,,,,,1.0,0.0,0.8053407293548465,51.429004508981684,,,,
FES_wind_onshore_Kemsley_2035,Z15,PQ,,45.53,0.0,False,0.0,inf,,0.0,1.0,,,-inf,inf,0.0,1.0,wind_onshore,0.0,0.0,True,0,inf,0.0,,,0.0,1.0,False,0.0,0.0,0.0,0,0,1,0,,,,,1.0,0.0,0.741,51.367,,,,
FES_wind_onshore_Kingsnorth_2035,Z15,PQ,,0.097,0.0,False,0.0,inf,,0.0,1.0,,,-inf,inf,0.0,1.0,wind_onshore,0.0,0.0,True,0,inf,0.0,,,0.0,1.0,False,0.0,0.0,0.0,0,0,1,0,,,,,1.0,0.0,0.596,51.42,,,,
FES_wind_onshore_Ninfield_2035,Z15,PQ,,135.982,0.0,False,0.0,inf,,0.0,1.0,,,-inf,inf,0.0,1.0,wind_onshore,0.0,0.0,True,0,inf,0.0,,,0.0,1.0,False,0.0,0.0,0.0,0,0,1,0,,,,,1.0,0.0,0.45,50.881,,,,
FES_wind_onshore_Rayleigh_2035,Z15,PQ,,121.795,0.0,False,0.0,inf,,0.0,1.0,,,-inf,inf,0.0,1.0,wind_onshore,0.0,0.0,True,0,inf,0.0,,,0.0,1.0,False,0.0,0.0,0.0,0,0,1,0,,,,,1.0,0.0,0.569,51.594,,,,
FES_wind_onshore_Richborough_2035,Z15,PQ,,0.023,0.0,False,0.0,inf,,0.0,1.0,,,-inf,inf,0.0,1.0,wind_onshore,0.0,0.0,True,0,inf,0.0,,,0.0,1.0,False,0.0,0.0,0.0,0,0,1,0,,,,,1.0,0.0,1.346,51.309,,,,
FES_wind_onshore_Sellindge_2035,Z15,PQ,,0.127,0.0,False,0.0,inf,,0.0,1.0,,,-inf,inf,0.0,1.0,wind_onshore,0.0,0.0,True,0,inf,0.0,,,0.0,1.0,False,0.0,0.0,0.0,0,0,1,0,,,,,1.0,0.0,0.978,51.106,,,,
FES_wind_onshore_Tilbury_2035,Z15,PQ,,17.321,0.0,False,0.0,inf,,0.0,1.0,,,-inf,inf,0.0,1.0,wind_onshore,0.0,0.0,True,0,inf,0.0,,,0.0,1.0,False,0.0,0.0,0.0,0,0,1,0,,,,,1.0,0.0,0.392,51.461,,,,
FES_wind_onshore_Bolney_2035,Z16,PQ,,0.363,0.0,False,0.0,inf,,0.0,1.0,,,-inf,inf,0.0,1.0,wind_onshore,0.0,0.0,True,0,inf,0.0,,,0.0,1.0,False,0.0,0.0,0.0,0,0,1,0,,,,,1.0,0.0,-0.236,50.974,,,,
FES_wind_onshore_Bramley_2035,Z16,PQ,,0.774,0.0,False,0.0,inf,,0.0,1.0,,,-inf,inf,0.0,1.0,wind_onshore,0.0,0.0,True,0,inf,0.0,,,0.0,1.0,False,0.0,0.0,0.0,0,0,1,0,,,,,1.0,0.0,-1.077,51.335,,,,
FES_wind_onshore_DirectNGET_Z16_2035,Z16,PQ,,0.8679514866851151,0.0,False,0.0,inf,,0.0,1.0,,,-inf,inf,0.0,1.0,wind_onshore,0.0,0.0,True,0,inf,0.0,,,0.0,1.0,False,0.0,0.0,0.0,0,0,1,0,,,,,1.0,0.0,-0.9855048762543858,51.41899877146051,,,,
FES_wind_onshore_Fawley_2035,Z16,PQ,,0.011,0.0,False,0.0,inf,,0.0,1.0,,,-inf,inf,0.0,1.0,wind_onshore,0.0,0.0,True,0,inf,0.0,,,0.0,1.0,False,0.0,0.0,0.0,0,0,1,0,,,,,1.0,0.0,-1.33,50.821,,,,
FES_wind_onshore_Fleet_2035,Z16,PQ,,37.70099999999999,0.0,False,0.0,inf,,0.0,1.0,,,-inf,inf,0.0,1.0,wind_onshore,0.0,0.0,True,0,inf,0.0,,,0.0,1.0,False,0.0,0.0,0.0,0,0,1,0,,,,,1.0,0.0,-0.881,51.25,,,,
FES_wind_onshore_Lovedean_2035,Z16,PQ,,30.437,0.0,False,0.0,inf,,0.0,1.0,,,-inf,inf,0.0,1.0,wind_onshore,0.0,0.0,True,0,inf,0.0,,,0.0,1.0,False,0.0,0.0,0.0,0,0,1,0,,,,,1.0,0.0,-1.04,50.916,,,,
FES_wind_onshore_Mannington_2035,Z16,PQ,,9.187999999999999,0.0,False,0.0,inf,,0.0,1.0,,,-inf,inf,0.0,1.0,wind_onshore,0.0,0.0,True,0,inf,0.0,,,0.0,1.0,False,0.0,0.0,0.0,0,0,1,0,,,,,1.0,0.0,-1.895,50.847,,,,
FES_wind_onshore_Nursling_2035,Z16,PQ,,0.077,0.0,False,0.0,inf,,0.0,1.0,,,-inf,inf,0.0,1.0,wind_onshore,0.0,0.0,True,0,inf,0.0,,,0.0,1.0,False,0.0,0.0,0.0,0,0,1,0,,,,,1.0,0.0,-1.488,50.941,,,,
FES_wind_onshore_Abham_2035,Z17,PQ,,1.366,0.0,False,0.0,inf,,0.0,1.0,,,-inf,inf,0.0,1.0,wind_onshore,0.0,0.0,True,0,inf,0.0,,,0.0,1.0,False,0.0,0.0,0.0,0,0,1,0,,,,,1.0,0.0,-3.729,50.472,,,,
FES_wind_onshore_Alverdiscott_2035,Z17,PQ,,299.094,0.0,False,0.0,inf,,0.0,1.0,,,-inf,inf,0.0,1.0,wind_onshore,0.0,0.0,True,0,inf,0.0,,,0.0,1.0,False,0.0,0.0,0.0,0,0,1,0,,,,,1.0,0.0,-4.137,51.006,,,,
FES_wind_onshore_Axminster_2035,Z17,PQ,,0.373,0.0,False,0.0,inf,,0.0,1.0,,,-inf,inf,0.0,1.0,wind_onshore,0.0,0.0,True,0,inf,0.0,,,0.0,1.0,False,0.0,0.0,0.0,0,0,1,0,,,,,1.0,0.0,-2.924,50.787,,,,
FES_wind_onshore_Bridgewater_2035,Z17,PQ,,3.7,0.0,False,0.0,inf,,0.0,1.0,,,-inf,inf,0.0,1.0,wind_onshore,0.0,0.0,True,0,inf,0.0,,,0.0,1.0,False,0.0,0.0,0.0,0,0,1,0,,,,,1.0,0.0,-2.969,51.117,,,,
FES_wind_onshore_Chickerell_2035,Z17,PQ,,0.94,0.0,False,0.0,inf,,0.0,1.0,,,-inf,inf,0.0,1.0,wind_onshore,0.0,0.0,True,0,inf,0.0,,,0.0,1.0,False,0.0,0.0,0.0,0,0,1,0,,,,,1.0,0.0,-2.489,50.624,,,,
FES_wind_onshore_DirectNGET_Z17_2035,Z17,PQ,,103.32962448986294,0.0,False,0.0,inf,,0.0,1.0,,,-inf,inf,0.0,1.0,wind_onshore,0.0,0.0,True,0,inf,0.0,,,0.0,1.0,False,0.0,0.0,0.0,0,0,1,0,,,,,1.0,0.0,-4.665700707275722,50.58285457302336,,,,
FES_wind_onshore_Exeter_2035,Z17,PQ,,1.853,0.0,False,0.0,inf,,0.0,1.0,,,-inf,inf,0.0,1.0,wind_onshore,0.0,0.0,True,0,inf,0.0,,,0.0,1.0,False,0.0,0.0,0.0,0,0,1,0,,,,,1.0,0.0,-3.406,50.767,,,,
FES_wind_onshore_Indian_Queens_2035,Z17,PQ,,172.98000000000002,0.0,False,0.0,inf,,0.0,1.0,,,-inf,inf,0.0,1.0,wind_onshore,0.0,0.0,True,0,inf,0.0,,,0.0,1.0,False,0.0,0.0,0.0,0,0,1,0,,,,,1.0,0.0,-4.901,50.395,,,,
FES_wind_onshore_Landulph_2035,Z17,PQ,,11.496,0.0,False,0.0,inf,,0.0,1.0,,,-inf,inf,0.0,1.0,wind_onshore,0.0,0.0,True,0,inf,0.0,,,0.0,1.0,False,0.0,0.0,0.0,0,0,1,0,,,,,1.0,0.0,-4.242,50.444,,,,
FES_wind_onshore_Pembroke_2035,Z17,PQ,,29.558,0.0,False,0.0,inf,,0.0,1.0,,,-inf,inf,0.0,1.0,wind_onshore,0.0,0.0,True,0,inf,0.0,,,0.0,1.0,False,0.0,0.0,0.0,0,0,1,0,,,,,1.0,0.0,-4.987,51.682,,,,
FES_wind_onshore_Taunton_2035,Z17,PQ,,0.21,0.0,False,0.0,inf,,0.0,1.0,,,-inf,inf,0.0,1.0,wind_onshore,0.0,0.0,True,0,inf,0.0,,,0.0,1.0,False,0.0,0.0,0.0,0,0,1,0,,,,,1.0,0.0,-3.153,51.017,,,,
FES_wind_onshore_DirectSHETL_Z1_1_2035,Z1_1,PQ,,844.8069102278321,0.0,False,0.0,inf,,0.0,1.0,,,-inf,inf,0.0,1.0,wind_onshore,0.0,0.0,True,0,inf,0.0,,,0.0,1.0,False,0.0,0.0,0.0,0,0,1,0,,,,,1.0,0.0,-1.4618653181209305,60.110390757810535,,,,
FES_wind_onshore_Ardmore_2035,Z1_2,PQ,,59.584,0.0,False,0.0,inf,,0.0,1.0,,,-inf,inf,0.0,1.0,wind_onshore,0.0,0.0,True,0,inf,0.0,,,0.0,1.0,False,0.0,0.0,0.0,0,0,1,0,,,,,1.0,0.0,-6.645,57.554,,,,
FES_wind_onshore_DirectSHETL_Z1_2_2035,Z1_2,PQ,,194.3674666357873,0.0,False,0.0,inf,,0.0,1.0,,,-inf,inf,0.0,1.0,wind_onshore,0.0,0.0,True,0,inf,0.0,,,0.0,1.0,False,0.0,0.0,0.0,0,0,1,0,,,,,1.0,0.0,-6.6057018748585214,57.8365807693713,,,,
FES_wind_onshore_Dunvegan_2035,Z1_2,PQ,,74.11,0.0,False,0.0,inf,,0.0,1.0,,,-inf,inf,0.0,1.0,wind_onshore,0.0,0.0,True,0,inf,0.0,,,0.0,1.0,False,0.0,0.0,0.0,0,0,1,0,,,,,1.0,0.0,-6.531,57.428,,,,
FES_wind_onshore_Alness_2035,Z1_3,PQ,,156.545,0.0,False,0.0,inf,,0.0,1.0,,,-inf,inf,0.0,1.0,wind_onshore,0.0,0.0,True,0,inf,0.0,,,0.0,1.0,False,0.0,0.0,0.0,0,0,1,0,,,,,1.0,0.0,-4.274,57.708,,,,
FES_wind_onshore_Brora_2035,Z1_3,PQ,,0.014,0.0,False,0.0,inf,,0.0,1.0,,,-inf,inf,0.0,1.0,wind_onshore,0.0,0.0,True,0,inf,0.0,,,0.0,1.0,False,0.0,0.0,0.0,0,0,1,0,,,,,1.0,0.0,-3.875,58.02,,,,
FES_wind_onshore_DirectSHETL_Z1_3_2035,Z1_3,PQ,,2010.4657340126798,0.0,False,0.0,inf,,0.0,1.0,,,-inf,inf,0.0,1.0,wind_onshore,0.0,0.0,True,0,inf,0.0,,,0.0,1.0,False,0.0,0.0,0.0,0,0,1,0,,,,,1.0,0.0,-3.644783881990811,58.423363660802025,,,,
FES_wind_onshore_Dounreay_2035,Z1_3,PQ,,73.267,0.0,False,0.0,inf,,0.0,1.0,,,-inf,inf,0.0,1.0,wind_onshore,0.0,0.0,True,0,inf,0.0,,,0.0,1.0,False,0.0,0.0,0.0,0,0,1,0,,,,,1.0,0.0,-3.754,58.576,,,,
FES_wind_onshore_Dunbeath_2035,Z1_3,PQ,,14.0,0.0,False,0.0,inf,,0.0,1.0,,,-inf,inf,0.0,1.0,wind_onshore,0.0,0.0,True,0,inf,0.0,,,0.0,1.0,False,0.0,0.0,0.0,0,0,1,0,,,,,1.0,0.0,-3.43,58.253,,,,
FES_wind_onshore_Lairg_2035,Z1_3,PQ,,48.928000000000004,0.0,False,0.0,inf,,0.0,1.0,,,-inf,inf,0.0,1.0,wind_onshore,0.0,0.0,True,0,inf,0.0,,,0.0,1.0,False,0.0,0.0,0.0,0,0,1,0,,,,,1.0,0.0,-4.395,58.008,,,,
FES_wind_onshore_Mybster_2035,Z1_3,PQ,,354.16,0.0,False,0.0,inf,,0.0,1.0,,,-inf,inf,0.0,1.0,wind_onshore,0.0,0.0,True,0,inf,0.0,,,0.0,1.0,False,0.0,0.0,0.0,0,0,1,0,,,,,1.0,0.0,-3.422,58.445,,,,
FES_wind_onshore_Shin_2035,Z1_3,PQ,,92.733,0.0,False,0.0,inf,,0.0,1.0,,,-inf,inf,0.0,1.0,wind_onshore,0.0,0.0,True,0,inf,0.0,,,0.0,1.0,False,0.0,0.0,0.0,0,0,1,0,,,,,1.0,0.0,-4.404,57.938,,,,
FES_wind_onshore_Thurso_2035,Z1_3,PQ,,237.90499999999997,0.0,False,0.0,inf,,0.0,1.0,,,-inf,inf,0.0,1.0,wind_onshore,0.0,0.0,True,0,inf,0.0,,,0.0,1.0,False,0.0,0.0,0.0,0,0,1,0,,,,,1.0,0.0,-3.509,58.572,,,,
FES_wind_onshore_Beauly_2035,Z1_4,PQ,,3.448,0.0,False,0.0,inf,,0.0,1.0,,,-inf,inf,0.0,1.0,wind_onshore,0.0,0.0,True,0,inf,0.0,,,0.0,1.0,False,0.0,0.0,0.0,0,0,1,0,,,,,1.0,0.0,-4.49,57.468,,,,
FES_wind_onshore_Broadford_2035,Z1_4,PQ,,19.252000000000002,0.0,False,0.0,inf,,0.0,1.0,,,-inf,inf,0.0,1.0,wind_onshore,0.0,0.0,True,0,inf,0.0,,,0.0,1.0,False,0.0,0.0,0.0,0,0,1,0,,,,,1.0,0.0,-5.936,57.248,,,,
FES_wind_onshore_DirectSHETL_Z1_4_2035,Z1_4,PQ,,1324.901832498625,0.0,False,0.0,inf,,0.0,1.0,,,-inf,inf,0.0,1.0,wind_onshore,0.0,0.0,True,0,inf,0.0,,,0.0,1.0,False,0.0,0.0,0.0,0,0,1,0,,,,,1.0,0.0,-4.699609021530006,57.20466392000779,,,,
FES_wind_onshore_Fasnakyle_2035,Z1_4,PQ,,15.974,0.0,False,0.0,inf,,0.0,1.0,,,-inf,inf,0.0,1.0,wind_onshore,0.0,0.0,True,0,inf,0.0,,,0.0,1.0,False,0.0,0.0,0.0,0,0,1,0,,,,,1.0,0.0,-4.789,57.323,,,,
FES_wind_onshore_Fort_Augustus_2035,Z1_4,PQ,,0.022,0.0,False,0.0,inf,,0.0,1.0,,,-inf,inf,0.0,1.0,wind_onshore,0.0,0.0,True,0,inf,0.0,,,0.0,1.0,False,0.0,0.0,0.0,0,0,1,0,,,,,1.0,0.0,-4.715,57.137,,,,
FES_wind_onshore_Fort_William_2035,Z1_4,PQ,,0.564,0.0,False,0.0,inf,,0.0,1.0,,,-inf,inf,0.0,1.0,wind_onshore,0.0,0.0,True,0,inf,0.0,,,0.0,1.0,False,0.0,0.0,0.0,0,0,1,0,,,,,1.0,0.0,-5.074,56.819,,,,
FES_wind_onshore_Grudie_Bridge_2035,Z1_4,PQ,,0.848,0.0,False,0.0,inf,,0.0,1.0,,,-inf,inf,0.0,1.0,wind_onshore,0.0,0.0,True,0,inf,0.0,,,0.0,1.0,False,0.0,0.0,0.0,0,0,1,0,,,,,1.0,0.0,-4.83,57.615,,,,
FES_wind_onshore_Inverness_2035,Z1_4,PQ,,60.874,0.0,False,0.0,inf,,0.0,1.0,,,-inf,inf,0.0,1.0,wind_onshore,0.0,0.0,True,0,inf,0.0,,,0.0,1.0,False,0.0,0.0,0.0,0,0,1,0,,,,,1.0,0.0,-4.241,57.452,,,,
FES_wind_onshore_Orrin_2035,Z1_4,PQ,,41.881,0.0,False,0.0,inf,,0.0,1.0,,,-inf,inf,0.0,1.0,wind_onshore,0.0,0.0,True,0,inf,0.0,,,0.0,1.0,False,0.0,0.0,0.0,0,0,1,0,,,,,1.0,0.0,-4.616,57.554,,,,
FES_wind_onshore_Arbroath_2035,Z2,PQ,,8.58,0.0,False,0.0,inf,,0.0,1.0,,,-inf,inf,0.0,1.0,wind_onshore,0.0,0.0,True,0,inf,0.0,,,0.0,1.0,False,0.0,0.0,0.0,0,0,1,0,,,,,1.0,0.0,-2.619,56.564,,,,
FES_wind_onshore_Boat_of_Garten_2035,Z2,PQ,,41.047,0.0,False,0.0,inf,,0.0,1.0,,,-inf,inf,0.0,1.0,wind_onshore,0.0,0.0,True,0,inf,0.0,,,0.0,1.0,False,0.0,0.0,0.0,0,0,1,0,,,,,1.0,0.0,-3.723,57.249,,,,
FES_wind_onshore_Bridge_of_Dun_2035,Z2,PQ,,31.994999999999997,0.0,False,0.0,inf,,0.0,1.0,,,-inf,inf,0.0,1.0,wind_onshore,0.0,0.0,True,0,inf,0.0,,,0.0,1.0,False,0.0,0.0,0.0,0,0,1,0,,,,,1.0,0.0,-2.557,56.72,,,,
FES_wind_onshore_Clayhills_2035,Z2,PQ,,0.008,0.0,False,0.0,inf,,0.0,1.0,,,-inf,inf,0.0,1.0,wind_onshore,0.0,0.0,True,0,inf,0.0,,,0.0,1.0,False,0.0,0.0,0.0,0,0,1,0,,,,,1.0,0.0,-2.099,57.14,,,,
FES_wind_onshore_Craigiebuckler_2035,Z2,PQ,,1.515,0.0,False,0.0,inf,,0.0,1.0,,,-inf,inf,0.0,1.0,wind_onshore,0.0,0.0,True,0,inf,0.0,,,0.0,1.0,False,0.0,0.0,0.0,0,0,1,0,,,,,1.0,0.0,-2.153,57.131,,,,
FES_wind_onshore_Dallas_2035,Z2,PQ,,92.0,0.0,False,0.0,inf,,0.0,1.0,,,-inf,inf,0.0,1.0,wind_onshore,0.0,0.0,True,0,inf,0.0,,,0.0,1.0,False,0.0,0.0,0.0,0,0,1,0,,,,,1.0,0.0,-3.42,57.557,,,,
FES_wind_onshore_DirectSHETL_Z2_2035,Z2,PQ,,1912.008056625076,0.0,False,0.0,inf,,0.0,1.0,,,-inf,inf,0.0,1.0,wind_onshore,0.0,0.0,True,0,inf,0.0,,,0.0,1.0,False,0.0,0.0,0.0,0,0,1,0,,,,,1.0,0.0,-2.6415892326905785,57.478110592787544,,,,
FES_wind_onshore_DirectSPTL_Z2_2035,Z2,PQ,,450.3159282160271,0.0,False,0.0,inf,,0.0,1.0,,,-inf,inf,0.0,1.0,wind_onshore,0.0,0.0,True,0,inf,0.0,,,0.0,1.0,False,0.0,0.0,0.0,0,0,1,0,,,,,1.0,0.0,-2.4246315186378298,56.89980843315258,,,,
FES_wind_onshore_Dyce_2035,Z2,PQ,,35.885999999999996,0.0,False,0.0,inf,,0.0,1.0,,,-inf,inf,0.0,1.0,wind_onshore,0.0,0.0,True,0,inf,0.0,,,0.0,1.0,False,0.0,0.0,0.0,0,0,1,0,,,,,1.0,0.0,-2.181,57.211,,,,
FES_wind_onshore_Elgin_2035,Z2,PQ,,6.165,0.0,False,0.0,inf,,0.0,1.0,,,-inf,inf,0.0,1.0,wind_onshore,0.0,0.0,True,0,inf,0.0,,,0.0,1.0,False,0.0,0.0,0.0,0,0,1,0,,,,,1.0,0.0,-3.317,57.662,,,,
FES_wind_onshore_Fiddes_2035,Z2,PQ,,85.613,0.0,False,0.0,inf,,0.0,1.0,,,-inf,inf,0.0,1.0,wind_onshore,0.0,0.0,True,0,inf,0.0,,,0.0,1.0,False,0.0,0.0,0.0,0,0,1,0,,,,,1.0,0.0,-2.292,56.921,,,,
FES_wind_onshore_Fraserburgh_2035,Z2,PQ,,2.326,0.0,False,0.0,inf,,0.0,1.0,,,-inf,inf,0.0,1.0,wind_onshore,0.0,0.0,True,0,inf,0.0,,,0.0,1.0,False,0.0,0.0,0.0,0,0,1,0,,,,,1.0,0.0,-2.024,57.686,,,,
FES_wind_onshore_Glenfarclas_2035,Z2,PQ,,64.5,0.0,False,0.0,inf,,0.0,1.0,,,-inf,inf,0.0,1.0,wind_onshore,0.0,0.0,True,0,inf,0.0,,,0.0,1.0,False,0.0,0.0,0.0,0,0,1,0,,,,,1.0,0.0,-3.316,57.416,,,,
FES_wind_onshore_Keith_2035,Z2,PQ,,263.209,0.0,False,0.0,inf,,0.0,1.0,,,-inf,inf,0.0,1.0,wind_onshore,0.0,0.0,True,0,inf,0.0,,,0.0,1.0,False,0.0,0.0,0.0,0,0,1,0,,,,,1.0,0.0,-2.933,57.538,,,,
FES_wind_onshore_Kintore_2035,Z2,PQ,,23.970000000000002,0.0,False,0.0,inf,,0.0,1.0,,,-inf,inf,0.0,1.0,wind_onshore,0.0,0.0,True,0,inf,0.0,,,0.0,1.0,False,0.0,0.0,0.0,0,0,1,0,,,,,1.0,0.0,-2.374,57.213,,,,
FES_wind_onshore_Lunanhead_2035,Z2,PQ,,7.394,0.0,False,0.0,inf,,0.0,1.0,,,-inf,inf,0.0,1.0,wind_onshore,0.0,0.0,True,0,inf,0.0,,,0.0,1.0,False,0.0,0.0,0.0,0,0,1,0,,,,,1.0,0.0,-2.865,56.654,,,,
FES_wind_onshore_Macduff_2035,Z2,PQ,,76.405,0.0,False,0.0,inf,,0.0,1.0,,,-inf,inf,0.0,1.0,wind_onshore,0.0,0.0,True,0,inf,0.0,,,0.0,1.0,False,0.0,0.0,0.0,0,0,1,0,,,,,1.0,0.0,-2.491,57.659,,,,
FES_wind_onshore_Nairn_2035,Z2,PQ,,3.326,0.0,False,0.0,inf,,0.0,1.0,,,-inf,inf,0.0,1.0,wind_onshore,0.0,0.0,True,0,inf,0.0,,,0.0,1.0,False,0.0,0.0,0.0,0,0,1,0,,,,,1.0,0.0,-3.845,57.574,,,,
FES_wind_onshore_Persley_2035,Z2,PQ,,2.601,0.0,False,0.0,inf,,0.0,1.0,,,-inf,inf,0.0,1.0,wind_onshore,0.0,0.0,True,0,inf,0.0,,,0.0,1.0,False,0.0,0.0,0.0,0,0,1,0,,,,,1.0,0.0,-2.138,57.174,,,,
FES_wind_onshore_Peterhead_Shell_2035,Z2,PQ,,21.247,0.0,False,0.0,inf,,0.0,1.0,,,-inf,inf,0.0,1.0,wind_onshore,0.0,0.0,True,0,inf,0.0,,,0.0,1.0,False,0.0,0.0,0.0,0,0,1,0,,,,,1.0,0.0,-1.784,57.508,,,,
FES_wind_onshore_Redmoss_2035,Z2,PQ,,28.052,0.0,False,0.0,inf,,0.0,1.0,,,-inf,inf,0.0,1.0,wind_onshore,0.0,0.0,True,0,inf,0.0,,,0.0,1.0,False,0.0,0.0,0.0,0,0,1,0,,,,,1.0,0.0,-2.092,57.108,,,,
FES_wind_onshore_Rothienorman_2035,Z2,PQ,,64.524,0.0,False,0.0,inf,,0.0,1.0,,,-inf,inf,0.0,1.0,wind_onshore,0.0,0.0,True,0,inf,0.0,,,0.0,1.0,False,0.0,0.0,0.0,0,0,1,0,,,,,1.0,0.0,-2.518,57.404,,,,
FES_wind_onshore_St_Fergus_Gas_Terminal_2035,Z2,PQ,,34.166,0.0,False,0.0,inf,,0.0,1.0,,,-inf,inf,0.0,1.0,wind_onshore,0.0,0.0,True,0,inf,0.0,,,0.0,1.0,False,0.0,0.0,0.0,0,0,1,0,,,,,1.0,0.0,-1.841,57.579,,,,
FES_wind_onshore_Strichen_2035,Z2,PQ,,37.294,0.0,False,0.0,inf,,0.0,1.0,,,-inf,inf,0.0,1.0,wind_onshore,0.0,0.0,True,0,inf,0.0,,,0.0,1.0,False,0.0,0.0,0.0,0,0,1,0,,,,,1.0,0.0,-2.07,57.586,,,,
FES_wind_onshore_Tarland_2035,Z2,PQ,,35.681999999999995,0.0,False,0.0,inf,,0.0,1.0,,,-inf,inf,0.0,1.0,wind_onshore,0.0,0.0,True,0,inf,0.0,,,0.0,1.0,False,0.0,0.0,0.0,0,0,1,0,,,,,1.0,0.0,-2.788,57.152,,,,
FES_wind_onshore_Abernethy_2035,Z3,PQ,,34.294000000000004,0.0,False,0.0,inf,,0.0,1.0,,,-inf,inf,0.0,1.0,wind_onshore,0.0,0.0,True,0,inf,0.0,,,0.0,1.0,False,0.0,0.0,0.0,0,0,1,0,,,,,1.0,0.0,-3.294,56.339,,,,
FES_wind_onshore_Ardkinglas_2035,Z3,PQ,,19.25,0.0,False,0.0,inf,,0.0,1.0,,,-inf,inf,0.0,1.0,wind_onshore,0.0,0.0,True,0,inf,0.0,,,0.0,1.0,False,0.0,0.0,0.0,0,0,1,0,,,,,1.0,0.0,-4.956,56.287,,,,
FES_wind_onshore_Braco_West_2035,Z3,PQ,,74.806,0.0,False,0.0,inf,,0.0,1.0,,,-inf,inf,0.0,1.0,wind_onshore,0.0,0.0,True,0,inf,0.0,,,0.0,1.0,False,0.0,0.0,0.0,0,0,1,0,,,,,1.0,0.0,-3.878,56.276,,,,
FES_wind_onshore_Burghmuir_2035,Z3,PQ,,0.223,0.0,False,0.0,inf,,0.0,1.0,,,-inf,inf,0.0,1.0,wind_onshore,0.0,0.0,True,0,inf,0.0,,,0.0,1.0,False,0.0,0.0,0.0,0,0,1,0,,,,,1.0,0.0,-3.488,56.397,,,,
FES_wind_onshore_Charleston_2035,Z3,PQ,,10.016,0.0,False,0.0,inf,,0.0,1.0,,,-inf,inf,0.0,1.0,wind_onshore,0.0,0.0,True,0,inf,0.0,,,0.0,1.0,False,0.0,0.0,0.0,0,0,1,0,,,,,1.0,0.0,-3.045,56.474,,,,
FES_wind_onshore_Coupar_Angus_2035,Z3,PQ,,63.066,0.0,False,0.0,inf,,0.0,1.0,,,-inf,inf,0.0,1.0,wind_onshore,0.0,0.0,True,0,inf,0.0,,,0.0,1.0,False,0.0,0.0,0.0,0,0,1,0,,,,,1.0,0.0,-3.273,56.538,,,,
FES_wind_onshore_Cupar_2035,Z3,PQ,,8.108,0.0,False,0.0,inf,,0.0,1.0,,,-inf,inf,0.0,1.0,wind_onshore,0.0,0.0,True,0,inf,0.0,,,0.0,1.0,False,0.0,0.0,0.0,0,0,1,0,,,,,1.0,0.0,-3.035,56.314,,,,
FES_wind_onshore_Devonside_2035,Z3,PQ,,133.305,0.0,False,0.0,inf,,0.0,1.0,,,-inf,inf,0.0,1.0,wind_onshore,0.0,0.0,True,0,inf,0.0,,,0.0,1.0,False,0.0,0.0,0.0,0,0,1,0,,,,,1.0,0.0,-3.779,56.137,,,,
FES_wind_onshore_DirectSPTL_Z3_2035,Z3,PQ,,1077.0467664958123,0.0,False,0.0,inf,,0.0,1.0,,,-inf,inf,0.0,1.0,wind_onshore,0.0,0.0,True,0,inf,0.0,,,0.0,1.0,False,0.0,0.0,0.0,0,0,1,0,,,,,1.0,0.0,-3.5669317344595646,56.3937292458059,,,,
FES_wind_onshore_Dudhope_2035,Z3,PQ,,0.233,0.0,False,0.0,inf,,0.0,1.0,,,-inf,inf,0.0,1.0,wind_onshore,0.0,0.0,True,0,inf,0.0,,,0.0,1.0,False,0.0,0.0,0.0,0,0,1,0,,,,,1.0,0.0,-2.95,56.462,,,,
FES_wind_onshore_Glenrothes_2035,Z3,PQ,,0.539,0.0,False,0.0,inf,,0.0,1.0,,,-inf,inf,0.0,1.0,wind_onshore,0.0,0.0,True,0,inf,0.0,,,0.0,1.0,False,0.0,0.0,0.0,0,0,1,0,,,,,1.0,0.0,-3.196,56.204,,,,
FES_wind_onshore_Killin_2035,Z3,PQ,,0.018,0.0,False,0.0,inf,,0.0,1.0,,,-inf,inf,0.0,1.0,wind_onshore,0.0,0.0,True,0,inf,0.0,,,0.0,1.0,False,0.0,0.0,0.0,0,0,1,0,,,,,1.0,0.0,-4.325,56.475,,,,
FES_wind_onshore_Leven_2035,Z3,PQ,,27.122999999999998,0.0,False,0.0,inf,,0.0,1.0,,,-inf,inf,0.0,1.0,wind_onshore,0.0,0.0,True,0,inf,0.0,,,0.0,1.0,False,0.0,0.0,0.0,0,0,1,0,,,,,1.0,0.0,-2.997,56.208,,,,
FES_wind_onshore_Lyndhurst_2035,Z3,PQ,,2.334,0.0,False,0.0,inf,,0.0,1.0,,,-inf,inf,0.0,1.0,wind_onshore,0.0,0.0,True,0,inf,0.0,,,0.0,1.0,False,0.0,0.0,0.0,0,0,1,0,,,,,1.0,0.0,-3.017,56.481,,,,
FES_wind_onshore_Milton_of_Craigie_2035,Z3,PQ,,11.094,0.0,False,0.0,inf,,0.0,1.0,,,-inf,inf,0.0,1.0,wind_onshore,0.0,0.0,True,0,inf,0.0,,,0.0,1.0,False,0.0,0.0,0.0,0,0,1,0,,,,,1.0,0.0,-2.917,56.469,,,,
FES_wind_onshore_Stirling_2035,Z3,PQ,,42.439,0.0,False,0.0,inf,,0.0,1.0,,,-inf,inf,0.0,1.0,wind_onshore,0.0,0.0,True,0,inf,0.0,,,0.0,1.0,False,0.0,0.0,0.0,0,0,1,0,,,,,1.0,0.0,-3.915,56.116,,,,
FES_wind_onshore_Taynuilt_2035,Z3,PQ,,18.906,0.0,False,0.0,inf,,0.0,1.0,,,-inf,inf,0.0,1.0,wind_onshore,0.0,0.0,True,0,inf,0.0,,,0.0,1.0,False,0.0,0.0,0.0,0,0,1,0,,,,,1.0,0.0,-5.214,56.43,,,,
FES_wind_onshore_Tummel_Bridge_2035,Z3,PQ,,0.775,0.0,False,0.0,inf,,0.0,1.0,,,-inf,inf,0.0,1.0,wind_onshore,0.0,0.0,True,0,inf,0.0,,,0.0,1.0,False,0.0,0.0,0.0,0,0,1,0,,,,,1.0,0.0,-4.016,56.706,,,,
FES_wind_onshore_Carradale_2035,Z4,PQ,,240.399,0.0,False,0.0,inf,,0.0,1.0,,,-inf,inf,0.0,1.0,wind_onshore,0.0,0.0,True,0,inf,0.0,,,0.0,1.0,False,0.0,0.0,0.0,0,0,1,0,,,,,1.0,0.0,-5.502,55.59,,,,
FES_wind_onshore_DirectNGET_Z4_2035,Z4,PQ,,37.01813090712015,0.0,False,0.0,inf,,0.0,1.0,,,-inf,inf,0.0,1.0,wind_onshore,0.0,0.0,True,0,inf,0.0,,,0.0,1.0,False,0.0,0.0,0.0,0,0,1,0,,,,,1.0,0.0,-5.194657749461539,55.16165371715895,,,,
FES_wind_onshore_DirectSPTL_Z4_2035,Z4,PQ,,1026.676935616952,0.0,False,0.0,inf,,0.0,1.0,,,-inf,inf,0.0,1.0,wind_onshore,0.0,0.0,True,0,inf,0.0,,,0.0,1.0,False,0.0,0.0,0.0,0,0,1,0,,,,,1.0,0.0,-5.245084110699675,55.82951680539877,,,,
FES_wind_onshore_Dunoon_2035,Z4,PQ,,29.137,0.0,False,0.0,inf,,0.0,1.0,,,-inf,inf,0.0,1.0,wind_onshore,0.0,0.0,True,0,inf,0.0,,,0.0,1.0,False,0.0,0.0,0.0,0,0,1,0,,,,,1.0,0.0,-4.94,55.975,,,,
FES_wind_onshore_Port_Ann_2035,Z4,PQ,,29.929000000000002,0.0,False,0.0,inf,,0.0,1.0,,,-inf,inf,0.0,1.0,wind_onshore,0.0,0.0,True,0,inf,0.0,,,0.0,1.0,False,0.0,0.0,0.0,0,0,1,0,,,,,1.0,0.0,-5.35,56.026,,,,
FES_wind_onshore_Saltcoats_A_2035,Z4,PQ,,102.001,0.0,False,0.0,inf,,0.0,1.0,,,-inf,inf,0.0,1.0,wind_onshore,0.0,0.0,True,0,inf,0.0,,,0.0,1.0,False,0.0,0.0,0.0,0,0,1,0,,,,,1.0,0.0,-4.794,55.646,,,,
FES_wind_onshore_Saltcoats_B_2035,Z4,PQ,,87.135,0.0,False,0.0,inf,,0.0,1.0,,,-inf,inf,0.0,1.0,wind_onshore,0.0,0.0,True,0,inf,0.0,,,0.0,1.0,False,0.0,0.0,0.0,0,0,1,0,,,,,1.0,0.0,-4.794,55.646,,,,
FES_wind_onshore_Spango_Valley_2035,Z4,PQ,,1.192,0.0,False,0.0,inf,,0.0,1.0,,,-inf,inf,0.0,1.0,wind_onshore,0.0,0.0,True,0,inf,0.0,,,0.0,1.0,False,0.0,0.0,0.0,0,0,1,0,,,,,1.0,0.0,-4.811,55.936,,,,
FES_wind_onshore_Ayr_2035,Z5,PQ,,0.017,0.0,False,0.0,inf,,0.0,1.0,,,-inf,inf,0.0,1.0,wind_onshore,0.0,0.0,True,0,inf,0.0,,,0.0,1.0,False,0.0,0.0,0.0,0,0,1,0,,,,,1.0,0.0,-4.587,55.457,,,,
FES_wind_onshore_Bainsford_2035,Z5,PQ,,5.405,0.0,False,0.0,inf,,0.0,1.0,,,-inf,inf,0.0,1.0,wind_onshore,0.0,0.0,True,0,inf,0.0,,,0.0,1.0,False,0.0,0.0,0.0,0,0,1,0,,,,,1.0,0.0,-3.768,56.014,,,,
FES_wind_onshore_Bathgate_2035,Z5,PQ,,135.14600000000002,0.0,False,0.0,inf,,0.0,1.0,,,-inf,inf,0.0,1.0,wind_onshore,0.0,0.0,True,0,inf,0.0,,,0.0,1.0,False,0.0,0.0,0.0,0,0,1,0,,,,,1.0,0.0,-3.674,55.9,,,,
FES_wind_onshore_Bonnybridge_2035,Z5,PQ,,61.573,0.0,False,0.0,inf,,0.0,1.0,,,-inf,inf,0.0,1.0,wind_onshore,0.0,0.0,True,0,inf,0.0,,,0.0,1.0,False,0.0,0.0,0.0,0,0,1,0,,,,,1.0,0.0,-3.86,56.007,,,,
FES_wind_onshore_Coatbridge_2035,Z5,PQ,,3.605,0.0,False,0.0,inf,,0.0,1.0,,,-inf,inf,0.0,1.0,wind_onshore,0.0,0.0,True,0,inf,0.0,,,0.0,1.0,False,0.0,0.0,0.0,0,0,1,0,,,,,1.0,0.0,-4.013,55.851,,,,
FES_wind_onshore_Cockenzie_2035,Z5,PQ,,1.068,0.0,False,0.0,inf,,0.0,1.0,,,-inf,inf,0.0,1.0,wind_onshore,0.0,0.0,True,0,inf,0.0,,,0.0,1.0,False,0.0,0.0,0.0,0,0,1,0,,,,,1.0,0.0,-2.967,55.967,,,,
FES_wind_onshore_Coylton_2035,Z5,PQ,,102.968,0.0,False,0.0,inf,,0.0,1.0,,,-inf,inf,0.0,1.0,wind_onshore,0.0,0.0,True,0,inf,0.0,,,0.0,1.0,False,0.0,0.0,0.0,0,0,1,0,,,,,1.0,0.0,-4.429,55.447,,,,
FES_wind_onshore_Crookston_A_2035,Z5,PQ,,2.322,0.0,False,0.0,inf,,0.0,1.0,,,-inf,inf,0.0,1.0,wind_onshore,0.0,0.0,True,0,inf,0.0,,,0.0,1.0,False,0.0,0.0,0.0,0,0,1,0,,,,,1.0,0.0,-4.364,55.821,,,,
FES_wind_onshore_Crookston_B_2035,Z5,PQ,,44.931000000000004,0.0,False,0.0,inf,,0.0,1.0,,,-inf,inf,0.0,1.0,wind_onshore,0.0,0.0,True,0,inf,0.0,,,0.0,1.0,False,0.0,0.0,0.0,0,0,1,0,,,,,1.0,0.0,-4.364,55.821,,,,
FES_wind_onshore_Cumbernauld_2035,Z5,PQ,,7.554,0.0,False,0.0,inf,,0.0,1.0,,,-inf,inf,0.0,1.0,wind_onshore,0.0,0.0,True,0,inf,0.0,,,0.0,1.0,False,0.0,0.0,0.0,0,0,1,0,,,,,1.0,0.0,-3.964,55.947,,,,
FES_wind_onshore_Devol_Moor_2035,Z5,PQ,,48.601,0.0,False,0.0,inf,,0.0,1.0,,,-inf,inf,0.0,1.0,wind_onshore,0.0,0.0,True,0,inf,0.0,,,0.0,1.0,False,0.0,0.0,0.0,0,0,1,0,,,,,1.0,0.0,-4.677,55.927,,,,
FES_wind_onshore_DirectNGET_Z5_2035,Z5,PQ,,8.158743974840082,0.0,False,0.0,inf,,0.0,1.0,,,-inf,inf,0.0,1.0,wind_onshore,0.0,0.0,True,0,inf,0.0,,,0.0,1.0,False,0.0,0.0,0.0,0,0,1,0,,,,,1.0,0.0,-4.739833492524781,55.30642351370529,,,,
FES_wind_onshore_DirectSPTL_Z5_2035,Z5,PQ,,6441.192751118891,0.0,False,0.0,inf,,0.0,1.0,,,-inf,inf,0.0,1.0,wind_onshore,0.0,0.0,True,0,inf,0.0,,,0.0,1.0,False,0.0,0.0,0.0,0,0,1,0,,,,,1.0,0.0,-3.5369591154869484,55.82005563223624,,,,
FES_wind_onshore_Dunbar_2035,Z5,PQ,,139.345,0.0,False,0.0,inf,,0.0,1.0,,,-inf,inf,0.0,1.0,wind_onshore,0.0,0.0,True,0,inf,0.0,,,0.0,1.0,False,0.0,0.0,0.0,0,0,1,0,,,,,1.0,0.0,-2.573,55.977,,,,
FES_wind_onshore_Dunfermline_2035,Z5,PQ,,1.436,0.0,False,0.0,inf,,0.0,1.0,,,-inf,inf,0.0,1.0,wind_onshore,0.0,0.0,True,0,inf,0.0,,,0.0,1.0,False,0.0,0.0,0.0,0,0,1,0,,,,,1.0,0.0,-3.449,56.09,,,,
FES_wind_onshore_East_Kilbride_South_2035,Z5,PQ,,142.901,0.0,False,0.0,inf,,0.0,1.0,,,-inf,inf,0.0,1.0,wind_onshore,0.0,0.0,True,0,inf,0.0,,,0.0,1.0,False,0.0,0.0,0.0,0,0,1,0,,,,,1.0,0.0,-4.161,55.74,,,,
FES_wind_onshore_East_Kilbride_2035,Z5,PQ,,39.362,0.0,False,0.0,inf,,0.0,1.0,,,-inf,inf,0.0,1.0,wind_onshore,0.0,0.0,True,0,inf,0.0,,,0.0,1.0,False,0.0,0.0,0.0,0,0,1,0,,,,,1.0,0.0,-4.192,55.785,,,,
FES_wind_onshore_Easterhouse_2035,Z5,PQ,,0.034,0.0,False,0.0,inf,,0.0,1.0,,,-inf,inf,0.0,1.0,wind_onshore,0.0,0.0,True,0,inf,0.0,,,0.0,1.0,False,0.0,0.0,0.0,0,0,1,0,,,,,1.0,0.0,-4.073,55.879,,,,
FES_wind_onshore_Giffnock_2035,Z5,PQ,,8.444,0.0,False,0.0,inf,,0.0,1.0,,,-inf,inf,0.0,1.0,wind_onshore,0.0,0.0,True,0,inf,0.0,,,0.0,1.0,False,0.0,0.0,0.0,0,0,1,0,,,,,1.0,0.0,-4.298,55.798,,,,
FES_wind_onshore_Glenniston_2035,Z5,PQ,,65.087,0.0,False,0.0,inf,,0.0,1.0,,,-inf,inf,0.0,1.0,wind_onshore,0.0,0.0,True,0,inf,0.0,,,0.0,1.0,False,0.0,0.0,0.0,0,0,1,0,,,,,1.0,0.0,-3.267,56.108,,,,
FES_wind_onshore_Govan_2035,Z5,PQ,,0.044,0.0,False,0.0,inf,,0.0,1.0,,,-inf,inf,0.0,1.0,wind_onshore,0.0,0.0,True,0,inf,0.0,,,0.0,1.0,False,0.0,0.0,0.0,0,0,1,0,,,,,1.0,0.0,-4.314,55.854,,,,
FES_wind_onshore_Grangemouth_A_2035,Z5,PQ,,1.537,0.0,False,0.0,inf,,0.0,1.0,,,-inf,inf,0.0,1.0,wind_onshore,0.0,0.0,True,0,inf,0.0,,,0.0,1.0,False,0.0,0.0,0.0,0,0,1,0,,,,,1.0,0.0,-3.689,56.002,,,,
FES_wind_onshore_Grangemouth_C_2035,Z5,PQ,,1.537,0.0,False,0.0,inf,,0.0,1.0,,,-inf,inf,0.0,1.0,wind_onshore,0.0,0.0,True,0,inf,0.0,,,0.0,1.0,False,0.0,0.0,0.0,0,0,1,0,,,,,1.0,0.0,-3.689,56.002,,,,
FES_wind_onshore_Inverkeithing_2035,Z5,PQ,,3.046,0.0,False,0.0,inf,,0.0,1.0,,,-inf,inf,0.0,1.0,wind_onshore,0.0,0.0,True,0,inf,0.0,,,0.0,1.0,False,0.0,0.0,0.0,0,0,1,0,,,,,1.0,0.0,-3.39,56.042,,,,
FES_wind_onshore_Johnstone_2035,Z5,PQ,,2.361,0.0,False,0.0,inf,,0.0,1.0,,,-inf,inf,0.0,1.0,wind_onshore,0.0,0.0,True,0,inf,0.0,,,0.0,1.0,False,0.0,0.0,0.0,0,0,1,0,,,,,1.0,0.0,-4.504,55.844,,,,
FES_wind_onshore_Kaimes_2035,Z5,PQ,,57.935,0.0,False,0.0,inf,,0.0,1.0,,,-inf,inf,0.0,1.0,wind_onshore,0.0,0.0,True,0,inf,0.0,,,0.0,1.0,False,0.0,0.0,0.0,0,0,1,0,,,,,1.0,0.0,-3.163,55.891,,,,
FES_wind_onshore_Killermont_2035,Z5,PQ,,0.017,0.0,False,0.0,inf,,0.0,1.0,,,-inf,inf,0.0,1.0,wind_onshore,0.0,0.0,True,0,inf,0.0,,,0.0,1.0,False,0.0,0.0,0.0,0,0,1,0,,,,,1.0,0.0,-4.31,55.903,,,,
FES_wind_onshore_Kilwinning_2035,Z5,PQ,,18.595000000000002,0.0,False,0.0,inf,,0.0,1.0,,,-inf,inf,0.0,1.0,wind_onshore,0.0,0.0,True,0,inf,0.0,,,0.0,1.0,False,0.0,0.0,0.0,0,0,1,0,,,,,1.0,0.0,-4.678,55.664,,,,
FES_wind_onshore_Lesmahagow_2035,Z5,PQ,,75.867,0.0,False,0.0,inf,,0.0,1.0,,,-inf,inf,0.0,1.0,wind_onshore,0.0,0.0,True,0,inf,0.0,,,0.0,1.0,False,0.0,0.0,0.0,0,0,1,0,,,,,1.0,0.0,-3.867,55.618,,,,
FES_wind_onshore_Livingston_East_2035,Z5,PQ,,113.55199999999999,0.0,False,0.0,inf,,0.0,1.0,,,-inf,inf,0.0,1.0,wind_onshore,0.0,0.0,True,0,inf,0.0,,,0.0,1.0,False,0.0,0.0,0.0,0,0,1,0,,,,,1.0,0.0,-3.507,55.907,,,,
FES_wind_onshore_Maybole_2035,Z5,PQ,,52.983000000000004,0.0,False,0.0,inf,,0.0,1.0,,,-inf,inf,0.0,1.0,wind_onshore,0.0,0.0,True,0,inf,0.0,,,0.0,1.0,False,0.0,0.0,0.0,0,0,1,0,,,,,1.0,0.0,-4.677,55.337,,,,
FES_wind_onshore_Newarthill_2035,Z5,PQ,,6.027,0.0,False,0.0,inf,,0.0,1.0,,,-inf,inf,0.0,1.0,wind_onshore,0.0,0.0,True,0,inf,0.0,,,0.0,1.0,False,0.0,0.0,0.0,0,0,1,0,,,,,1.0,0.0,-3.936,55.821,,,,
FES_wind_onshore_Portobello_2035,Z5,PQ,,11.34,0.0,False,0.0,inf,,0.0,1.0,,,-inf,inf,0.0,1.0,wind_onshore,0.0,0.0,True,0,inf,0.0,,,0.0,1.0,False,0.0,0.0,0.0,0,0,1,0,,,,,1.0,0.0,-3.123,55.952,,,,
FES_wind_onshore_Redhouse_2035,Z5,PQ,,45.152,0.0,False,0.0,inf,,0.0,1.0,,,-inf,inf,0.0,1.0,wind_onshore,0.0,0.0,True,0,inf,0.0,,,0.0,1.0,False,0.0,0.0,0.0,0,0,1,0,,,,,1.0,0.0,-3.148,56.145,,,,
FES_wind_onshore_Shrubhill_2035,Z5,PQ,,0.008,0.0,False,0.0,inf,,0.0,1.0,,,-inf,inf,0.0,1.0,wind_onshore,0.0,0.0,True,0,inf,0.0,,,0.0,1.0,False,0.0,0.0,0.0,0,0,1,0,,,,,1.0,0.0,-3.185,55.965,,,,
FES_wind_onshore_Sighthill_2035,Z5,PQ,,0.003,0.0,False,0.0,inf,,0.0,1.0,,,-inf,inf,0.0,1.0,wind_onshore,0.0,0.0,True,0,inf,0.0,,,0.0,1.0,False,0.0,0.0,0.0,0,0,1,0,,,,,1.0,0.0,-3.3,55.926,,,,
FES_wind_onshore_Strathaven_2035,Z5,PQ,,26.139,0.0,False,0.0,inf,,0.0,1.0,,,-inf,inf,0.0,1.0,wind_onshore,0.0,0.0,True,0,inf,0.0,,,0.0,1.0,False,0.0,0.0,0.0,0,0,1,0,,,,,1.0,0.0,-4.08,55.753,,,,
FES_wind_onshore_Strathleven_2035,Z5,PQ,,0.212,0.0,False,0.0,inf,,0.0,1.0,,,-inf,inf,0.0,1.0,wind_onshore,0.0,0.0,True,0,inf,0.0,,,0.0,1.0,False,0.0,0.0,0.0,0,0,1,0,,,,,1.0,0.0,-4.576,55.947,,,,
FES_wind_onshore_Westfield_2035,Z5,PQ,,37.338,0.0,False,0.0,inf,,0.0,1.0,,,-inf,inf,0.0,1.0,wind_onshore,0.0,0.0,True,0,inf,0.0,,,0.0,1.0,False,0.0,0.0,0.0,0,0,1,0,,,,,1.0,0.0,-3.296,56.163,,,,
FES_wind_onshore_Wishaw_2035,Z5,PQ,,38.899,0.0,False,0.0,inf,,0.0,1.0,,,-inf,inf,0.0,1.0,wind_onshore,0.0,0.0,True,0,inf,0.0,,,0.0,1.0,False,0.0,0.0,0.0,0,0,1,0,,,,,1.0,0.0,-3.929,55.764,,,,
FES_wind_onshore_Chapelcross_2035,Z6,PQ,,122.42,0.0,False,0.0,inf,,0.0,1.0,,,-inf,inf,0.0,1.0,wind_onshore,0.0,0.0,True,0,inf,0.0,,,0.0,1.0,False,0.0,0.0,0.0,0,0,1,0,,,,,1.0,0.0,-3.221,55.014,,,,
FES_wind_onshore_DirectNGET_Z6_2035,Z6,PQ,,904.2318588285528,0.0,False,0.0,inf,,0.0,1.0,,,-inf,inf,0.0,1.0,wind_onshore,0.0,0.0,True,0,inf,0.0,,,0.0,1.0,False,0.0,0.0,0.0,0,0,1,0,,,,,1.0,0.0,-3.8171222784930507,55.02457059849738,,,,
FES_wind_onshore_DirectSPTL_Z6_2035,Z6,PQ,,561.0572549568697,0.0,False,0.0,inf,,0.0,1.0,,,-inf,inf,0.0,1.0,wind_onshore,0.0,0.0,True,0,inf,0.0,,,0.0,1.0,False,0.0,0.0,0.0,0,0,1,0,,,,,1.0,0.0,-3.2652874125169995,55.570609208578304,,,,
FES_wind_onshore_Dumfries_11_2035,Z6,PQ,,0.149,0.0,False,0.0,inf,,0.0,1.0,,,-inf,inf,0.0,1.0,wind_onshore,0.0,0.0,True,0,inf,0.0,,,0.0,1.0,False,0.0,0.0,0.0,0,0,1,0,,,,,1.0,0.0,-3.583,55.062,,,,
FES_wind_onshore_Dumfries_33_2035,Z6,PQ,,66.295,0.0,False,0.0,inf,,0.0,1.0,,,-inf,inf,0.0,1.0,wind_onshore,0.0,0.0,True,0,inf,0.0,,,0.0,1.0,False,0.0,0.0,0.0,0,0,1,0,,,,,1.0,0.0,-3.583,55.062,,,,
FES_wind_onshore_Dumfries_ICI_2035,Z6,PQ,,0.149,0.0,False,0.0,inf,,0.0,1.0,,,-inf,inf,0.0,1.0,wind_onshore,0.0,0.0,True,0,inf,0.0,,,0.0,1.0,False,0.0,0.0,0.0,0,0,1,0,,,,,1.0,0.0,-3.583,55.062,,,,
FES_wind_onshore_Eccles_2035,Z6,PQ,,56.142,0.0,False,0.0,inf,,0.0,1.0,,,-inf,inf,0.0,1.0,wind_onshore,0.0,0.0,True,0,inf,0.0,,,0.0,1.0,False,0.0,0.0,0.0,0,0,1,0,,,,,1.0,0.0,-2.328,55.668,,,,
FES_wind_onshore_Galashiels_2035,Z6,PQ,,33.623,0.0,False,0.0,inf,,0.0,1.0,,,-inf,inf,0.0,1.0,wind_onshore,0.0,0.0,True,0,inf,0.0,,,0.0,1.0,False,0.0,0.0,0.0,0,0,1,0,,,,,1.0,0.0,-2.767,55.608,,,,
FES_wind_onshore_Glenluce_2035,Z6,PQ,,178.69500000000002,0.0,False,0.0,inf,,0.0,1.0,,,-inf,inf,0.0,1.0,wind_onshore,0.0,0.0,True,0,inf,0.0,,,0.0,1.0,False,0.0,0.0,0.0,0,0,1,0,,,,,1.0,0.0,-4.798,54.877,,,,
FES_wind_onshore_Harker_2035,Z6,PQ,,393.49899999999997,0.0,False,0.0,inf,,0.0,1.0,,,-inf,inf,0.0,1.0,wind_onshore,0.0,0.0,True,0,inf,0.0,,,0.0,1.0,False,0.0,0.0,0.0,0,0,1,0,,,,,1.0,0.0,-2.964,54.942,,,,
FES_wind_onshore_Hawick_2035,Z6,PQ,,80.566,0.0,False,0.0,inf,,0.0,1.0,,,-inf,inf,0.0,1.0,wind_onshore,0.0,0.0,True,0,inf,0.0,,,0.0,1.0,False,0.0,0.0,0.0,0,0,1,0,,,,,1.0,0.0,-2.791,55.428,,,,
FES_wind_onshore_Newton_Stewart_2035,Z6,PQ,,35.0,0.0,False,0.0,inf,,0.0,1.0,,,-inf,inf,0.0,1.0,wind_onshore,0.0,0.0,True,0,inf,0.0,,,0.0,1.0,False,0.0,0.0,0.0,0,0,1,0,,,,,1.0,0.0,-4.491,54.948,,,,
FES_wind_onshore_Tongland_2035,Z6,PQ,,7.724,0.0,False,0.0,inf,,0.0,1.0,,,-inf,inf,0.0,1.0,wind_onshore,0.0,0.0,True,0,inf,0.0,,,0.0,1.0,False,0.0,0.0,0.0,0,0,1,0,,,,,1.0,0.0,-4.026,54.855,,,,
FES_wind_onshore_Berwick_2035,Z7,PQ,,192.798,0.0,False,0.0,inf,,0.0,1.0,,,-inf,inf,0.0,1.0,wind_onshore,0.0,0.0,True,0,inf,0.0,,,0.0,1.0,False,0.0,0.0,0.0,0,0,1,0,,,,,1.0,0.0,-2.079,55.777,,,,
FES_wind_onshore_Blyth_132kV_2035,Z7,PQ,,201.346,0.0,False,0.0,inf,,0.0,1.0,,,-inf,inf,0.0,1.0,wind_onshore,0.0,0.0,True,0,inf,0.0,,,0.0,1.0,False,0.0,0.0,0.0,0,0,1,0,,,,,1.0,0.0,-1.531,55.141,,,,
FES_wind_onshore_Blyth_66kV_2035,Z7,PQ,,92.363,0.0,False,0.0,inf,,0.0,1.0,,,-inf,inf,0.0,1.0,wind_onshore,0.0,0.0,True,0,inf,0.0,,,0.0,1.0,False,0.0,0.0,0.0,0,0,1,0,,,,,1.0,0.0,-1.531,55.141,,,,
FES_wind_onshore_DirectNGET_Z7_2035,Z7,PQ,,197.176878987691,0.0,False,0.0,inf,,0.0,1.0,,,-inf,inf,0.0,1.0,wind_onshore,0.0,0.0,True,0,inf,0.0,,,0.0,1.0,False,0.0,0.0,0.0,0,0,1,0,,,,,1.0,0.0,-1.711747614157719,54.857393099617816,,,,
FES_wind_onshore_DirectSPTL_Z7_2035,Z7,PQ,,82.66436359544944,0.0,False,0.0,inf,,0.0,1.0,,,-inf,inf,0.0,1.0,wind_onshore,0.0,0.0,True,0,inf,0.0,,,0.0,1.0,False,0.0,0.0,0.0,0,0,1,0,,,,,1.0,0.0,-1.8946399792106061,55.57845194748309,,,,
FES_wind_onshore_Fourstones_2035,Z7,PQ,,171.083,0.0,False,0.0,inf,,0.0,1.0,,,-inf,inf,0.0,1.0,wind_onshore,0.0,0.0,True,0,inf,0.0,,,0.0,1.0,False,0.0,0.0,0.0,0,0,1,0,,,,,1.0,0.0,-2.163,55.012,,,,
FES_wind_onshore_Hartmoor_2035,Z7,PQ,,85.037,0.0,False,0.0,inf,,0.0,1.0,,,-inf,inf,0.0,1.0,wind_onshore,0.0,0.0,True,0,inf,0.0,,,0.0,1.0,False,0.0,0.0,0.0,0,0,1,0,,,,,1.0,0.0,-1.291,54.701,,,,
FES_wind_onshore_Hawthorn_Pit_2035,Z7,PQ,,38.858999999999995,0.0,False,0.0,inf,,0.0,1.0,,,-inf,inf,0.0,1.0,wind_onshore,0.0,0.0,True,0,inf,0.0,,,0.0,1.0,False,0.0,0.0,0.0,0,0,1,0,,,,,1.0,0.0,-1.402,54.806,,,,
FES_wind_onshore_Hutton_2035,Z7,PQ,,5.227,0.0,False,0.0,inf,,0.0,1.0,,,-inf,inf,0.0,1.0,wind_onshore,0.0,0.0,True,0,inf,0.0,,,0.0,1.0,False,0.0,0.0,0.0,0,0,1,0,,,,,1.0,0.0,-2.672,54.298,,,,
FES_wind_onshore_Norton_2035,Z7,PQ,,59.927,0.0,False,0.0,inf,,0.0,1.0,,,-inf,inf,0.0,1.0,wind_onshore,0.0,0.0,True,0,inf,0.0,,,0.0,1.0,False,0.0,0.0,0.0,0,0,1,0,,,,,1.0,0.0,-1.363,54.592,,,,
FES_wind_onshore_Offerton_2035,Z7,PQ,,0.009,0.0,False,0.0,inf,,0.0,1.0,,,-inf,inf,0.0,1.0,wind_onshore,0.0,0.0,True,0,inf,0.0,,,0.0,1.0,False,0.0,0.0,0.0,0,0,1,0,,,,,1.0,0.0,-1.458,54.881,,,,
FES_wind_onshore_South_Shields_2035,Z7,PQ,,0.136,0.0,False,0.0,inf,,0.0,1.0,,,-inf,inf,0.0,1.0,wind_onshore,0.0,0.0,True,0,inf,0.0,,,0.0,1.0,False,0.0,0.0,0.0,0,0,1,0,,,,,1.0,0.0,-1.45,54.973,,,,
FES_wind_onshore_Spennymoor_2035,Z7,PQ,,145.405,0.0,False,0.0,inf,,0.0,1.0,,,-inf,inf,0.0,1.0,wind_onshore,0.0,0.0,True,0,inf,0.0,,,0.0,1.0,False,0.0,0.0,0.0,0,0,1,0,,,,,1.0,0.0,-1.554,54.705,,,,
FES_wind_onshore_Stella_North_2035,Z7,PQ,,0.003,0.0,False,0.0,inf,,0.0,1.0,,,-inf,inf,0.0,1.0,wind_onshore,0.0,0.0,True,0,inf,0.0,,,0.0,1.0,False,0.0,0.0,0.0,0,0,1,0,,,,,1.0,0.0,-1.724,54.978,,,,
FES_wind_onshore_Stella_South_2035,Z7,PQ,,53.364,0.0,False,0.0,inf,,0.0,1.0,,,-inf,inf,0.0,1.0,wind_onshore,0.0,0.0,True,0,inf,0.0,,,0.0,1.0,False,0.0,0.0,0.0,0,0,1,0,,,,,1.0,0.0,-1.733,54.974,,,,
FES_wind_onshore_Tynemouth_132kV_2035,Z7,PQ,,0.009,0.0,False,0.0,inf,,0.0,1.0,,,-inf,inf,0.0,1.0,wind_onshore,0.0,0.0,True,0,inf,0.0,,,0.0,1.0,False,0.0,0.0,0.0,0,0,1,0,,,,,1.0,0.0,-1.499,55.024,,,,
FES_wind_onshore_West_Boldon_2035,Z7,PQ,,11.652999999999999,0.0,False,0.0,inf,,0.0,1.0,,,-inf,inf,0.0,1.0,wind_onshore,0.0,0.0,True,0,inf,0.0,,,0.0,1.0,False,0.0,0.0,0.0,0,0,1,0,,,,,1.0,0.0,-1.472,54.94,,,,
FES_wind_onshore_Bradford_West_2035,Z8,PQ,,41.321999999999996,0.0,False,0.0,inf,,0.0,1.0,,,-inf,inf,0.0,1.0,wind_onshore,0.0,0.0,True,0,inf,0.0,,,0.0,1.0,False,0.0,0.0,0.0,0,0,1,0,,,,,1.0,0.0,-1.867,53.81,,,,
FES_wind_onshore_Camblesforth_66kV_Drax_2035,Z8,PQ,,264.53499999999997,0.0,False,0.0,inf,,0.0,1.0,,,-inf,inf,0.0,1.0,wind_onshore,0.0,0.0,True,0,inf,0.0,,,0.0,1.0,False,0.0,0.0,0.0,0,0,1,0,,,,,1.0,0.0,-1.001,53.729,,,,
FES_wind_onshore_Creyke_Beck_2035,Z8,PQ,,284.63,0.0,False,0.0,inf,,0.0,1.0,,,-inf,inf,0.0,1.0,wind_onshore,0.0,0.0,True,0,inf,0.0,,,0.0,1.0,False,0.0,0.0,0.0,0,0,1,0,,,,,1.0,0.0,-0.414,53.801,,,,
FES_wind_onshore_DirectNGET_Z8_2035,Z8,PQ,,268.93476814938293,0.0,False,0.0,inf,,0.0,1.0,,,-inf,inf,0.0,1.0,wind_onshore,0.0,0.0,True,0,inf,0.0,,,0.0,1.0,False,0.0,0.0,0.0,0,0,1,0,,,,,1.0,0.0,-1.0367847768484422,53.75407195752658,,,,
FES_wind_onshore_Elland_2035,Z8,PQ,,76.523,0.0,False,0.0,inf,,0.0,1.0,,,-inf,inf,0.0,1.0,wind_onshore,0.0,0.0,True,0,inf,0.0,,,0.0,1.0,False,0.0,0.0,0.0,0,0,1,0,,,,,1.0,0.0,-1.823,53.695,,,,
FES_wind_onshore_Ferrybridge_A_2035,Z8,PQ,,1.393,0.0,False,0.0,inf,,0.0,1.0,,,-inf,inf,0.0,1.0,wind_onshore,0.0,0.0,True,0,inf,0.0,,,0.0,1.0,False,0.0,0.0,0.0,0,0,1,0,,,,,1.0,0.0,-1.273,53.72,,,,
FES_wind_onshore_Ferrybridge_B_2035,Z8,PQ,,28.412,0.0,False,0.0,inf,,0.0,1.0,,,-inf,inf,0.0,1.0,wind_onshore,0.0,0.0,True,0,inf,0.0,,,0.0,1.0,False,0.0,0.0,0.0,0,0,1,0,,,,,1.0,0.0,-1.278,53.722,,,,
FES_wind_onshore_Jordanthorpe_2035,Z8,PQ,,0.028,0.0,False,0.0,inf,,0.0,1.0,,,-inf,inf,0.0,1.0,wind_onshore,0.0,0.0,True,0,inf,0.0,,,0.0,1.0,False,0.0,0.0,0.0,0,0,1,0,,,,,1.0,0.0,-1.453,53.33,,,,
FES_wind_onshore_Keadby_2035,Z8,PQ,,251.40200000000002,0.0,False,0.0,inf,,0.0,1.0,,,-inf,inf,0.0,1.0,wind_onshore,0.0,0.0,True,0,inf,0.0,,,0.0,1.0,False,0.0,0.0,0.0,0,0,1,0,,,,,1.0,0.0,-0.758,53.597,,,,
FES_wind_onshore_Kirkstall_B_2035,Z8,PQ,,4.757000000000001,0.0,False,0.0,inf,,0.0,1.0,,,-inf,inf,0.0,1.0,wind_onshore,0.0,0.0,True,0,inf,0.0,,,0.0,1.0,False,0.0,0.0,0.0,0,0,1,0,,,,,1.0,0.0,-1.597,53.806,,,,
FES_wind_onshore_Knaresborough_2035,Z8,PQ,,28.805,0.0,False,0.0,inf,,0.0,1.0,,,-inf,inf,0.0,1.0,wind_onshore,0.0,0.0,True,0,inf,0.0,,,0.0,1.0,False,0.0,0.0,0.0,0,0,1,0,,,,,1.0,0.0,-1.488,54.031,,,,
FES_wind_onshore_Lackenby_2035,Z8,PQ,,1.888,0.0,False,0.0,inf,,0.0,1.0,,,-inf,inf,0.0,1.0,wind_onshore,0.0,0.0,True,0,inf,0.0,,,0.0,1.0,False,0.0,0.0,0.0,0,0,1,0,,,,,1.0,0.0,-1.133,54.568,,,,
FES_wind_onshore_Neepsend_2035,Z8,PQ,,0.031,0.0,False,0.0,inf,,0.0,1.0,,,-inf,inf,0.0,1.0,wind_onshore,0.0,0.0,True,0,inf,0.0,,,0.0,1.0,False,0.0,0.0,0.0,0,0,1,0,,,,,1.0,0.0,-1.489,53.406,,,,
FES_wind_onshore_Osbaldwick_2035,Z8,PQ,,5.705,0.0,False,0.0,inf,,0.0,1.0,,,-inf,inf,0.0,1.0,wind_onshore,0.0,0.0,True,0,inf,0.0,,,0.0,1.0,False,0.0,0.0,0.0,0,0,1,0,,,,,1.0,0.0,-1.024,53.956,,,,
FES_wind_onshore_Poppleton_2035,Z8,PQ,,6.287,0.0,False,0.0,inf,,0.0,1.0,,,-inf,inf,0.0,1.0,wind_onshore,0.0,0.0,True,0,inf,0.0,,,0.0,1.0,False,0.0,0.0,0.0,0,0,1,0,,,,,1.0,0.0,-1.133,53.974,,,,
FES_wind_onshore_Saltend_North_2035,Z8,PQ,,73.188,0.0,False,0.0,inf,,0.0,1.0,,,-inf,inf,0.0,1.0,wind_onshore,0.0,0.0,True,0,inf,0.0,,,0.0,1.0,False,0.0,0.0,0.0,0,0,1,0,,,,,1.0,0.0,-0.238,53.743,,,,
FES_wind_onshore_Skelton_Grange_2035,Z8,PQ,,2.66,0.0,False,0.0,inf,,0.0,1.0,,,-inf,inf,0.0,1.0,wind_onshore,0.0,0.0,True,0,inf,0.0,,,0.0,1.0,False,0.0,0.0,0.0,0,0,1,0,,,,,1.0,0.0,-1.496,53.776,,,,
FES_wind_onshore_Thorpe_Marsh_2035,Z8,PQ,,2.392,0.0,False,0.0,inf,,0.0,1.0,,,-inf,inf,0.0,1.0,wind_onshore,0.0,0.0,True,0,inf,0.0,,,0.0,1.0,False,0.0,0.0,0.0,0,0,1,0,,,,,1.0,0.0,-1.087,53.579,,,,
FES_wind_onshore_Thurcroft_2035,Z8,PQ,,46.589,0.0,False,0.0,inf,,0.0,1.0,,,-inf,inf,0.0,1.0,wind_onshore,0.0,0.0,True,0,inf,0.0,,,0.0,1.0,False,0.0,0.0,0.0,0,0,1,0,,,,,1.0,0.0,-1.267,53.405,,,,
FES_wind_onshore_West_Melton_2035,Z8,PQ,,143.569,0.0,False,0.0,inf,,0.0,1.0,,,-inf,inf,0.0,1.0,wind_onshore,0.0,0.0,True,0,inf,0.0,,,0.0,1.0,False,0.0,0.0,0.0,0,0,1,0,,,,,1.0,0.0,-1.378,53.502,,,,
FES_wind_onshore_Birkenhead_2035,Z9,PQ,,0.113,0.0,False,0.0,inf,,0.0,1.0,,,-inf,inf,0.0,1.0,wind_onshore,0.0,0.0,True,0,inf,0.0,,,0.0,1.0,False,0.0,0.0,0.0,0,0,1,0,,,,,1.0,0.0,-3.061,53.366,,,,
FES_wind_onshore_Bredbury_2035,Z9,PQ,,0.008,0.0,False,0.0,inf,,0.0,1.0,,,-inf,inf,0.0,1.0,wind_onshore,0.0,0.0,True,0,inf,0.0,,,0.0,1.0,False,0.0,0.0,0.0,0,0,1,0,,,,,1.0,0.0,-2.131,53.415,,,,
FES_wind_onshore_Capenhurst_2035,Z9,PQ,,0.009,0.0,False,0.0,inf,,0.0,1.0,,,-inf,inf,0.0,1.0,wind_onshore,0.0,0.0,True,0,inf,0.0,,,0.0,1.0,False,0.0,0.0,0.0,0,0,1,0,,,,,1.0,0.0,-2.948,53.266,,,,
FES_wind_onshore_Connahs_Quay_2035,Z9,PQ,,145.206,0.0,False,0.0,inf,,0.0,1.0,,,-inf,inf,0.0,1.0,wind_onshore,0.0,0.0,True,0,inf,0.0,,,0.0,1.0,False,0.0,0.0,0.0,0,0,1,0,,,,,1.0,0.0,-3.073,53.228,,,,
FES_wind_onshore_DirectNGET_Z9_2035,Z9,PQ,,236.47338254735962,0.0,False,0.0,inf,,0.0,1.0,,,-inf,inf,0.0,1.0,wind_onshore,0.0,0.0,True,0,inf,0.0,,,0.0,1.0,False,0.0,0.0,0.0,0,0,1,0,,,,,1.0,0.0,-3.117989137338137,53.512399922187626,,,,
FES_wind_onshore_Fiddlers_Ferry_Cuerdley_132kV_2035,Z9,PQ,,0.781,0.0,False,0.0,inf,,0.0,1.0,,,-inf,inf,0.0,1.0,wind_onshore,0.0,0.0,True,0,inf,0.0,,,0.0,1.0,False,0.0,0.0,0.0,0,0,1,0,,,,,1.0,0.0,-2.688,53.372,,,,
FES_wind_onshore_Frodsham_2035,Z9,PQ,,108.768,0.0,False,0.0,inf,,0.0,1.0,,,-inf,inf,0.0,1.0,wind_onshore,0.0,0.0,True,0,inf,0.0,,,0.0,1.0,False,0.0,0.0,0.0,0,0,1,0,,,,,1.0,0.0,-2.717,53.309,,,,
FES_wind_onshore_Heysham_NGET_2035,Z9,PQ,,49.464,0.0,False,0.0,inf,,0.0,1.0,,,-inf,inf,0.0,1.0,wind_onshore,0.0,0.0,True,0,inf,0.0,,,0.0,1.0,False,0.0,0.0,0.0,0,0,1,0,,,,,1.0,0.0,-2.889,54.033,,,,
FES_wind_onshore_Kearsley_132kV_2035,Z9,PQ,,0.742,0.0,False,0.0,inf,,0.0,1.0,,,-inf,inf,0.0,1.0,wind_onshore,0.0,0.0,True,0,inf,0.0,,,0.0,1.0,False,0.0,0.0,0.0,0,0,1,0,,,,,1.0,0.0,-2.359,53.538,,,,
FES_wind_onshore_Kirkby_SPEN_2035,Z9,PQ,,1.566,0.0,False,0.0,inf,,0.0,1.0,,,-inf,inf,0.0,1.0,wind_onshore,0.0,0.0,True,0,inf,0.0,,,0.0,1.0,False,0.0,0.0,0.0,0,0,1,0,,,,,1.0,0.0,-2.849,53.469,,,,
FES_wind_onshore_Legacy_2035,Z9,PQ,,247.483,0.0,False,0.0,inf,,0.0,1.0,,,-inf,inf,0.0,1.0,wind_onshore,0.0,0.0,True,0,inf,0.0,,,0.0,1.0,False,0.0,0.0,0.0,0,0,1,0,,,,,1.0,0.0,-3.052,53.029,,,,
FES_wind_onshore_Lister_Drive_2035,Z9,PQ,,33.917,0.0,False,0.0,inf,,0.0,1.0,,,-inf,inf,0.0,1.0,wind_onshore,0.0,0.0,True,0,inf,0.0,,,0.0,1.0,False,0.0,0.0,0.0,0,0,1,0,,,,,1.0,0.0,-2.924,53.419,,,,
FES_wind_onshore_Macclesfield_2035,Z9,PQ,,0.072,0.0,False,0.0,inf,,0.0,1.0,,,-inf,inf,0.0,1.0,wind_onshore,0.0,0.0,True,0,inf,0.0,,,0.0,1.0,False,0.0,0.0,0.0,0,0,1,0,,,,,1.0,0.0,-2.121,53.269,,,,
FES_wind_onshore_Padiham_2035,Z9,PQ,,54.68600000000001,0.0,False,0.0,inf,,0.0,1.0,,,-inf,inf,0.0,1.0,wind_onshore,0.0,0.0,True,0,inf,0.0,,,0.0,1.0,False,0.0,0.0,0.0,0,0,1,0,,,,,1.0,0.0,-2.327,53.795,,,,
FES_wind_onshore_Pentir_2035,Z9,PQ,,3.338,0.0,False,0.0,inf,,0.0,1.0,,,-inf,inf,0.0,1.0,wind_onshore,0.0,0.0,True,0,inf,0.0,,,0.0,1.0,False,0.0,0.0,0.0,0,0,1,0,,,,,1.0,0.0,-4.16,53.187,,,,
FES_wind_onshore_Penwortham_East_2035,Z9,PQ,,61.132000000000005,0.0,False,0.0,inf,,0.0,1.0,,,-inf,inf,0.0,1.0,wind_onshore,0.0,0.0,True,0,inf,0.0,,,0.0,1.0,False,0.0,0.0,0.0,0,0,1,0,,,,,1.0,0.0,-2.755,53.744,,,,
FES_wind_onshore_Penwortham_West_2035,Z9,PQ,,16.707,0.0,False,0.0,inf,,0.0,1.0,,,-inf,inf,0.0,1.0,wind_onshore,0.0,0.0,True,0,inf,0.0,,,0.0,1.0,False,0.0,0.0,0.0,0,0,1,0,,,,,1.0,0.0,-2.755,53.744,,,,
FES_wind_onshore_Rainhill_2035,Z9,PQ,,2.269,0.0,False,0.0,inf,,0.0,1.0,,,-inf,inf,0.0,1.0,wind_onshore,0.0,0.0,True,0,inf,0.0,,,0.0,1.0,False,0.0,0.0,0.0,0,0,1,0,,,,,1.0,0.0,-2.738,53.421,,,,
FES_wind_onshore_Rochdale_2035,Z9,PQ,,226.417,0.0,False,0.0,inf,,0.0,1.0,,,-inf,inf,0.0,1.0,wind_onshore,0.0,0.0,True,0,inf,0.0,,,0.0,1.0,False,0.0,0.0,0.0,0,0,1,0,,,,,1.0,0.0,-2.215,53.622,,,,
FES_wind_onshore_Stalybridge_2035,Z9,PQ,,0.156,0.0,False,0.0,inf,,0.0,1.0,,,-inf,inf,0.0,1.0,wind_onshore,0.0,0.0,True,0,inf,0.0,,,0.0,1.0,False,0.0,0.0,0.0,0,0,1,0,,,,,1.0,0.0,-2.044,53.492,,,,
FES_wind_onshore_Stanah_2035,Z9,PQ,,0.876,0.0,False,0.0,inf,,0.0,1.0,,,-inf,inf,0.0,1.0,wind_onshore,0.0,0.0,True,0,inf,0.0,,,0.0,1.0,False,0.0,0.0,0.0,0,0,1,0,,,,,1.0,0.0,-2.99,53.88,,,,
FES_wind_onshore_Trawsfynydd_2035,Z9,PQ,,291.996,0.0,False,0.0,inf,,0.0,1.0,,,-inf,inf,0.0,1.0,wind_onshore,0.0,0.0,True,0,inf,0.0,,,0.0,1.0,False,0.0,0.0,0.0,0,0,1,0,,,,,1.0,0.0,-3.951,52.929,,,,
FES_wind_onshore_Washway_Farm_2035,Z9,PQ,,4.352,0.0,False,0.0,inf,,0.0,1.0,,,-inf,inf,0.0,1.0,wind_onshore,0.0,0.0,True,0,inf,0.0,,,0.0,1.0,False,0.0,0.0,0.0,0,0,1,0,,,,,1.0,0.0,-2.82,53.562,,,,
FES_wind_onshore_Whitegate_2035,Z9,PQ,,0.103,0.0,False,0.0,inf,,0.0,1.0,,,-inf,inf,0.0,1.0,wind_onshore,0.0,0.0,True,0,inf,0.0,,,0.0,1.0,False,0.0,0.0,0.0,0,0,1,0,,,,,1.0,0.0,-2.164,53.53,,,,
FES_wind_onshore_Wylfa_2035,Z9,PQ,,75.74300000000001,0.0,False,0.0,inf,,0.0,1.0,,,-inf,inf,0.0,1.0,wind_onshore,0.0,0.0,True,0,inf,0.0,,,0.0,1.0,False,0.0,0.0,0.0,0,0,1,0,,,,,1.0,0.0,-4.482,53.414,,,,
gen_biomass_0,Z12,PQ,,41.68863504928759,0.0,False,0.0,inf,,0.0,1.0,,,-inf,inf,0.0,1.0,biomass,90.0,0.0,True,0,inf,0.0,,,0.0,0.5,False,0.0,0.0,0.0,0,0,1,0,,,,,1.0,0.0,0.7252972530782051,52.448646735278885,REPD,south,,
gen_biomass_1,Z7,PQ,,19.490790412653936,0.0,False,0.0,inf,,0.0,1.0,,,-inf,inf,0.0,1.0,biomass,90.0,0.0,True,0,inf,0.0,,,0.0,0.5,False,0.0,0.0,0.0,0,0,1,0,,,,,1.0,0.0,-1.566642645642332,54.668036893722046,REPD,south,,
gen_biomass_2,Z16,PQ,,1.624232534387828,0.0,False,0.0,inf,,0.0,1.0,,,-inf,inf,0.0,1.0,biomass,90.0,0.0,True,0,inf,0.0,,,0.0,0.5,False,0.0,0.0,0.0,0,0,1,0,,,,,1.0,0.0,-1.67811239312199,50.75077247424589,REPD,south,,
gen_biomass_3,Z14,PQ,,8.662573516735083,0.0,False,0.0,inf,,0.0,1.0,,,-inf,inf,0.0,1.0,biomass,90.0,0.0,True,0,inf,0.0,,,0.0,0.5,False,0.0,0.0,0.0,0,0,1,0,,,,,1.0,0.0,0.09348861977585277,51.5177776689933,REPD,south,,
gen_biomass_4,Z8,PQ,,2.165643379183771,0.0,False,0.0,inf,,0.0,1.0,,,-inf,inf,0.0,1.0,biomass,90.0,0.0,True,0,inf,0.0,,,0.0,0.5,False,0.0,0.0,0.0,0,0,1,0,,,,,1.0,0.0,-1.542619688060487,53.81434247841164,REPD,south,,
gen_biomass_5,Z1_3,PQ,,5.414108447959427,0.0,False,0.0,inf,,0.0,1.0,,,-inf,inf,0.0,1.0,biomass,90.0,0.0,True,0,inf,0.0,,,0.0,0.5,False,0.0,0.0,0.0,0,0,1,0,,,,,1.0,0.0,-4.159927084162006,57.705376022690885,REPD,north,,
gen_biomass_6,Z5,PQ,,28.15336392938902,0.0,False,0.0,inf,,0.0,1.0,,,-inf,inf,0.0,1.0,biomass,90.0,0.0,True,0,inf,0.0,,,0.0,0.5,False,0.0,0.0,0.0,0,0,1,0,,,,,1.0,0.0,-4.639518865411924,55.57964365767688,REPD,north,,
gen_biomass_7,Z8,PQ,,38.11532347363437,0.0,False,0.0,inf,,0.0,1.0,,,-inf,inf,0.0,1.0,biomass,90.0,0.0,True,0,inf,0.0,,,0.0,0.5,False,0.0,0.0,0.0,0,0,1,0,,,,,1.0,0.0,-1.096740579117207,54.56736386850873,REPD,south,,
gen_biomass_8,Z8,PQ,,2.165643379183771,0.0,False,0.0,inf,,0.0,1.0,,,-inf,inf,0.0,1.0,biomass,90.0,0.0,True,0,inf,0.0,,,0.0,0.5,False,0.0,0.0,0.0,0,0,1,0,,,,,1.0,0.0,-0.7585869248124552,54.270337697358215,REPD,south,,
gen_biomass_9,Z5,PQ,,16.24232534387828,0.0,False,0.0,inf,,0.0,1.0,,,-inf,inf,0.0,1.0,biomass,90.0,0.0,True,0,inf,0.0,,,0.0,0.5,False,0.0,0.0,0.0,0,0,1,0,,,,,1.0,0.0,-3.863913688402545,56.076879349074865,REPD,north,,
gen_biomass_10,Z9,PQ,,9.745395206326968,0.0,False,0.0,inf,,0.0,1.0,,,-inf,inf,0.0,1.0,biomass,90.0,0.0,True,0,inf,0.0,,,0.0,0.5,False,0.0,0.0,0.0,0,0,1,0,,,,,1.0,0.0,-2.997496326531735,53.881961392783616,REPD,south,,
gen_biomass_11,Z6,PQ,,53.05826279000239,0.0,False,0.0,inf,,0.0,1.0,,,-inf,inf,0.0,1.0,biomass,90.0,0.0,True,0,inf,0.0,,,0.0,0.5,False,0.0,0.0,0.0,0,0,1,0,,,,,1.0,0.0,-3.547331612540393,54.66398409192339,REPD,south,,
gen_biomass_12,Z14,PQ,,17.325147033470166,0.0,False,0.0,inf,,0.0,1.0,,,-inf,inf,0.0,1.0,biomass,90.0,0.0,True,0,inf,0.0,,,0.0,0.5,False,0.0,0.0,0.0,0,0,1,0,,,,,1.0,0.0,-0.5993328521080752,52.0207231326292,REPD,south,,
gen_biomass_13,Z13,PQ,,15.159503654286397,0.0,False,0.0,inf,,0.0,1.0,,,-inf,inf,0.0,1.0,biomass,90.0,0.0,True,0,inf,0.0,,,0.0,0.5,False,0.0,0.0,0.0,0,0,1,0,,,,,1.0,0.0,-3.7626381926320627,51.56754246838348,REPD,south,,
gen_biomass_14,Z11,PQ,,2.815336392938902,0.0,False,0.0,inf,,0.0,1.0,,,-inf,inf,0.0,1.0,biomass,90.0,0.0,True,0,inf,0.0,,,0.0,0.5,False,0.0,0.0,0.0,0,0,1,0,,,,,1.0,0.0,-2.2467232916953916,52.874663471186246,REPD,south,,
gen_biomass_15,Z5,PQ,,13.535271119898567,0.0,False,0.0,inf,,0.0,1.0,,,-inf,inf,0.0,1.0,biomass,90.0,0.0,True,0,inf,0.0,,,0.0,0.5,False,0.0,0.0,0.0,0,0,1,0,,,,,1.0,0.0,-3.3051092878614456,56.14169434608904,REPD,north,,
gen_biomass_16,Z17,PQ,,1.624232534387828,0.0,False,0.0,inf,,0.0,1.0,,,-inf,inf,0.0,1.0,biomass,90.0,0.0,True,0,inf,0.0,,,0.0,0.5,False,0.0,0.0,0.0,0,0,1,0,,,,,1.0,0.0,-4.113712350045375,50.41670673430321,REPD,south,,
gen_biomass_17,Z10,PQ,,1.2993860275102624,0.0,False,0.0,inf,,0.0,1.0,,,-inf,inf,0.0,1.0,biomass,90.0,0.0,True,0,inf,0.0,,,0.0,0.5,False,0.0,0.0,0.0,0,0,1,0,,,,,1.0,0.0,-0.8382122568805562,53.29040650345284,REPD,south,,
gen_biomass_18,Z12,PQ,,43.31286758367541,0.0,False,0.0,inf,,0.0,1.0,,,-inf,inf,0.0,1.0,biomass,90.0,0.0,True,0,inf,0.0,,,0.0,0.5,False,0.0,0.0,0.0,0,0,1,0,,,,,1.0,0.0,0.12975443602738843,52.397930713081806,REPD,south,,
gen_biomass_19,Z12,PQ,,15.484350161163961,0.0,False,0.0,inf,,0.0,1.0,,,-inf,inf,0.0,1.0,biomass,90.0,0.0,True,0,inf,0.0,,,0.0,0.5,False,0.0,0.0,0.0,0,0,1,0,,,,,1.0,0.0,1.1277894249417015,52.33345642266875,REPD,south,,
gen_biomass_20,Z14,PQ,,3.248465068775656,0.0,False,0.0,inf,,0.0,1.0,,,-inf,inf,0.0,1.0,biomass,90.0,0.0,True,0,inf,0.0,,,0.0,0.5,False,0.0,0.0,0.0,0,0,1,0,,,,,1.0,0.0,-0.005550978842066924,51.53586214543561,REPD,south,,
gen_biomass_21,Z15,PQ,,27.070542239797135,0.0,False,0.0,inf,,0.0,1.0,,,-inf,inf,0.0,1.0,biomass,90.0,0.0,True,0,inf,0.0,,,0.0,0.5,False,0.0,0.0,0.0,0,0,1,0,,,,,1.0,0.0,0.7588525062973945,51.38233350000915,REPD,south,,
gen_biomass_22,Z7,PQ,,43.31286758367541,0.0,False,0.0,inf,,0.0,1.0,,,-inf,inf,0.0,1.0,biomass,90.0,0.0,True,0,inf,0.0,,,0.0,0.5,False,0.0,0.0,0.0,0,0,1,0,,,,,1.0,0.0,-1.2307470745746047,54.58779125714111,REPD,south,,
gen_biomass_23,Z13,PQ,,43.31286758367541,0.0,False,0.0,inf,,0.0,1.0,,,-inf,inf,0.0,1.0,biomass,90.0,0.0,True,0,inf,0.0,,,0.0,0.5,False,0.0,0.0,0.0,0,0,1,0,,,,,1.0,0.0,-3.7479026621322786,51.56331138937104,REPD,south,,
gen_biomass_24,Z11,PQ,,2.7070542239797133,0.0,False,0.0,inf,,0.0,1.0,,,-inf,inf,0.0,1.0,biomass,90.0,0.0,True,0,inf,0.0,,,0.0,0.5,False,0.0,0.0,0.0,0,0,1,0,,,,,1.0,0.0,-1.5866946273646552,52.571676063870726,REPD,south,,
gen_biomass_25,Z7,PQ,,454.7851096285919,0.0,False,0.0,inf,,0.0,1.0,,,-inf,inf,0.0,1.0,biomass,90.0,0.0,True,0,inf,0.0,,,0.0,0.5,False,0.0,0.0,0.0,0,0,1,0,,,,,1.0,0.0,-1.5325186432228177,55.20672640694567,REPD,south,,
gen_biomass_26,Z8,PQ,,7.038340982347255,0.0,False,0.0,inf,,0.0,1.0,,,-inf,inf,0.0,1.0,biomass,90.0,0.0,True,0,inf,0.0,,,0.0,0.5,False,0.0,0.0,0.0,0,0,1,0,,,,,1.0,0.0,-1.3323118240689302,53.33083110563736,REPD,south,,
gen_biomass_27,Z7,PQ,,29.994160801695227,0.0,False,0.0,inf,,0.0,1.0,,,-inf,inf,0.0,1.0,biomass,90.0,0.0,True,0,inf,0.0,,,0.0,0.5,False,0.0,0.0,0.0,0,0,1,0,,,,,1.0,0.0,-1.6206442026488914,55.0969462722994,REPD,south,,
gen_biomass_28,Z13,PQ,,2.2739255481429597,0.0,False,0.0,inf,,0.0,1.0,,,-inf,inf,0.0,1.0,biomass,90.0,0.0,True,0,inf,0.0,,,0.0,0.5,False,0.0,0.0,0.0,0,0,1,0,,,,,1.0,0.0,-2.2820403782994045,51.81015415041509,REPD,south,,
gen_biomass_29,Z14,PQ,,1.9490790412653938,0.0,False,0.0,inf,,0.0,1.0,,,-inf,inf,0.0,1.0,biomass,90.0,0.0,True,0,inf,0.0,,,0.0,0.5,False,0.0,0.0,0.0,0,0,1,0,,,,,1.0,0.0,-0.4594599703841252,51.459215542933904,REPD,south,,
gen_biomass_30,Z12,PQ,,4.980979772122672,0.0,False,0.0,inf,,0.0,1.0,,,-inf,inf,0.0,1.0,biomass,90.0,0.0,True,0,inf,0.0,,,0.0,0.5,False,0.0,0.0,0.0,0,0,1,0,,,,,1.0,0.0,1.430376980607519,52.12996039101205,REPD,south,,
gen_biomass_31,Z9,PQ,,45.045382287022434,0.0,False,0.0,inf,,0.0,1.0,,,-inf,inf,0.0,1.0,biomass,90.0,0.0,True,0,inf,0.0,,,0.0,0.5,False,0.0,0.0,0.0,0,0,1,0,,,,,1.0,0.0,-2.4195162556790772,53.42512415820538,REPD,south,,
gen_biomass_32,Z16,PQ,,3.4650294066940335,0.0,False,0.0,inf,,0.0,1.0,,,-inf,inf,0.0,1.0,biomass,90.0,0.0,True,0,inf,0.0,,,0.0,0.5,False,0.0,0.0,0.0,0,0,1,0,,,,,1.0,0.0,-1.8568930092841809,50.785965718799275,REPD,south,,
gen_biomass_33,Z2,PQ,,8.98742002361265,0.0,False,0.0,inf,,0.0,1.0,,,-inf,inf,0.0,1.0,biomass,90.0,0.0,True,0,inf,0.0,,,0.0,0.5,False,0.0,0.0,0.0,0,0,1,0,,,,,1.0,0.0,-3.2077998330644784,57.526396028774464,REPD,north,,
gen_biomass_34,Z14,PQ,,20.57361210224582,0.0,False,0.0,inf,,0.0,1.0,,,-inf,inf,0.0,1.0,biomass,90.0,0.0,True,0,inf,0.0,,,0.0,0.5,False,0.0,0.0,0.0,0,0,1,0,,,,,1.0,0.0,0.08853548996299432,51.51820770183946,REPD,south,,
gen_biomass_35,Z10,PQ,,43.31286758367541,0.0,False,0.0,inf,,0.0,1.0,,,-inf,inf,0.0,1.0,biomass,90.0,0.0,True,0,inf,0.0,,,0.0,0.5,False,0.0,0.0,0.0,0,0,1,0,,,,,1.0,0.0,-0.5096121585605711,53.542349024556096,REPD,south,,
gen_biomass_36,Z14,PQ,,46.56133265245107,0.0,False,0.0,inf,,0.0,1.0,,,-inf,inf,0.0,1.0,biomass,90.0,0.0,True,0,inf,0.0,,,0.0,0.5,False,0.0,0.0,0.0,0,0,1,0,,,,,1.0,0.0,0.34970640344310633,51.46040388206618,REPD,south,,
gen_biomass_37,Z3,PQ,,70.38340982347255,0.0,False,0.0,inf,,0.0,1.0,,,-inf,inf,0.0,1.0,biomass,90.0,0.0,True,0,inf,0.0,,,0.0,0.5,False,0.0,0.0,0.0,0,0,1,0,,,,,1.0,0.0,-3.162256491531237,56.20117288824528,REPD,north,,
gen_biomass_38,Z8,PQ,,45.47851096285919,0.0,False,0.0,inf,,0.0,1.0,,,-inf,inf,0.0,1.0,biomass,90.0,0.0,True,0,inf,0.0,,,0.0,0.5,False,0.0,0.0,0.0,0,0,1,0,,,,,1.0,0.0,-1.3733714107158819,53.42260392830593,REPD,south,,
gen_biomass_39,Z8,PQ,,32.48465068775656,0.0,False,0.0,inf,,0.0,1.0,,,-inf,inf,0.0,1.0,biomass,90.0,0.0,True,0,inf,0.0,,,0.0,0.5,False,0.0,0.0,0.0,0,0,1,0,,,,,1.0,0.0,-1.3984602197705314,53.420152734196456,REPD,south,,
gen_biomass_40,Z5,PQ,,5.95551929275537,0.0,False,0.0,inf,,0.0,1.0,,,-inf,inf,0.0,1.0,biomass,90.0,0.0,True,0,inf,0.0,,,0.0,0.5,False,0.0,0.0,0.0,0,0,1,0,,,,,1.0,0.0,-3.0558994914739808,56.18969181851574,REPD,north,,
gen_biomass_41,Z15,PQ,,17.325147033470166,0.0,False,0.0,inf,,0.0,1.0,,,-inf,inf,0.0,1.0,biomass,90.0,0.0,True,0,inf,0.0,,,0.0,0.5,False,0.0,0.0,0.0,0,0,1,0,,,,,1.0,0.0,1.3456940405911155,51.28391603610063,REPD,south,,
gen_biomass_42,Z8,PQ,,698.4199897867661,0.0,False,0.0,inf,,0.0,1.0,,,-inf,inf,0.0,1.0,biomass,90.0,0.0,True,0,inf,0.0,,,0.0,0.5,False,0.0,0.0,0.0,0,0,1,0,,,,,1.0,0.0,-0.9911008613259084,53.73560864352695,REPD,south,,
gen_biomass_43,Z8,PQ,,9.745395206326968,0.0,False,0.0,inf,,0.0,1.0,,,-inf,inf,0.0,1.0,biomass,90.0,0.0,True,0,inf,0.0,,,0.0,0.5,False,0.0,0.0,0.0,0,0,1,0,,,,,1.0,0.0,-0.2834766284871414,53.74245903774624,REPD,south,,
gen_biomass_44,Z11,PQ,,2.057361210224582,0.0,False,0.0,inf,,0.0,1.0,,,-inf,inf,0.0,1.0,biomass,90.0,0.0,True,0,inf,0.0,,,0.0,0.5,False,0.0,0.0,0.0,0,0,1,0,,,,,1.0,0.0,-0.8819148605590295,52.23649985003602,REPD,south,,
gen_biomass_45,Z12,PQ,,47.86071867996134,0.0,False,0.0,inf,,0.0,1.0,,,-inf,inf,0.0,1.0,biomass,90.0,0.0,True,0,inf,0.0,,,0.0,0.5,False,0.0,0.0,0.0,0,0,1,0,,,,,1.0,0.0,0.9544586792945993,52.47916915864845,REPD,south,,
gen_biomass_46,Z2,PQ,,13.535271119898567,0.0,False,0.0,inf,,0.0,1.0,,,-inf,inf,0.0,1.0,biomass,90.0,0.0,True,0,inf,0.0,,,0.0,0.5,False,0.0,0.0,0.0,0,0,1,0,,,,,1.0,0.0,-3.2088541483955852,57.494665966271924,REPD,north,,
gen_biomass_47,Z9,PQ,,21.656433791837706,0.0,False,0.0,inf,,0.0,1.0,,,-inf,inf,0.0,1.0,biomass,90.0,0.0,True,0,inf,0.0,,,0.0,0.5,False,0.0,0.0,0.0,0,0,1,0,,,,,1.0,0.0,-2.751290853149704,53.35458023270081,REPD,south,,
gen_biomass_48,Z8,PQ,,698.4199897867661,0.0,False,0.0,inf,,0.0,1.0,,,-inf,inf,0.0,1.0,biomass,90.0,0.0,True,0,inf,0.0,,,0.0,0.5,False,0.0,0.0,0.0,0,0,1,0,,,,,1.0,0.0,-0.9911008613259084,53.73560864352695,REPD,south,,
gen_biomass_49,Z6,PQ,,54.574213155431025,0.0,False,0.0,inf,,0.0,1.0,,,-inf,inf,0.0,1.0,biomass,90.0,0.0,True,0,inf,0.0,,,0.0,0.5,False,0.0,0.0,0.0,0,0,1,0,,,,,1.0,0.0,-3.380888893029087,55.152405546541836,REPD,south,,
gen_biomass_50,Z2,PQ,,1.2993860275102624,0.0,False,0.0,inf,,0.0,1.0,,,-inf,inf,0.0,1.0,biomass,90.0,0.0,True,0,inf,0.0,,,0.0,0.5,False,0.0,0.0,0.0,0,0,1,0,,,,,1.0,0.0,-2.3875876902210664,56.915205511711925,REPD,north,,
gen_biomass_51,Z10,PQ,,43.31286758367541,0.0,False,0.0,inf,,0.0,1.0,,,-inf,inf,0.0,1.0,biomass,90.0,0.0,True,0,inf,0.0,,,0.0,0.5,False,0.0,0.0,0.0,0,0,1,0,,,,,1.0,0.0,-0.38271744329285046,52.99903239966929,REPD,south,,
gen_biomass_52,Z3,PQ,,7.038340982347255,0.0,False,0.0,inf,,0.0,1.0,,,-inf,inf,0.0,1.0,biomass,90.0,0.0,True,0,inf,0.0,,,0.0,0.5,False,0.0,0.0,0.0,0,0,1,0,,,,,1.0,0.0,-2.8912704452060307,56.3646430919043,REPD,north,,
gen_biomass_53,Z8,PQ,,19.490790412653936,0.0,False,0.0,inf,,0.0,1.0,,,-inf,inf,0.0,1.0,biomass,90.0,0.0,True,0,inf,0.0,,,0.0,0.5,False,0.0,0.0,0.0,0,0,1,0,,,,,1.0,0.0,-0.99224315184884,53.814653456362095,REPD,south,,
gen_biomass_54,Z11,PQ,,1.0828216895918854,0.0,False,0.0,inf,,0.0,1.0,,,-inf,inf,0.0,1.0,biomass,90.0,0.0,True,0,inf,0.0,,,0.0,0.5,False,0.0,0.0,0.0,0,0,1,0,,,,,1.0,0.0,-1.1869808621590627,52.25629325776071,REPD,south,,
gen_biomass_55,Z8,PQ,,18.949379567857996,0.0,False,0.0,inf,,0.0,1.0,,,-inf,inf,0.0,1.0,biomass,90.0,0.0,True,0,inf,0.0,,,0.0,0.5,False,0.0,0.0,0.0,0,0,1,0,,,,,1.0,0.0,-0.6071335573336168,54.02653421056993,REPD,south,,
gen_biomass_56,Z11,PQ,,7.363187489224821,0.0,False,0.0,inf,,0.0,1.0,,,-inf,inf,0.0,1.0,biomass,90.0,0.0,True,0,inf,0.0,,,0.0,0.5,False,0.0,0.0,0.0,0,0,1,0,,,,,1.0,0.0,-1.0338402692656992,52.84045092522174,REPD,south,,
gen_biomass_57,Z13,PQ,,3.4650294066940335,0.0,False,0.0,inf,,0.0,1.0,,,-inf,inf,0.0,1.0,biomass,90.0,0.0,True,0,inf,0.0,,,0.0,0.5,False,0.0,0.0,0.0,0,0,1,0,,,,,1.0,0.0,-4.168921915851726,52.19723531223466,REPD,south,,
gen_biomass_58,Z3,PQ,,6.063801461714558,0.0,False,0.0,inf,,0.0,1.0,,,-inf,inf,0.0,1.0,biomass,90.0,0.0,True,0,inf,0.0,,,0.0,0.5,False,0.0,0.0,0.0,0,0,1,0,,,,,1.0,0.0,-4.3342184435330875,56.45284131504416,REPD,north,,
gen_biomass_59,Z8,PQ,,23.82207717102148,0.0,False,0.0,inf,,0.0,1.0,,,-inf,inf,0.0,1.0,biomass,90.0,0.0,True,0,inf,0.0,,,0.0,0.5,False,0.0,0.0,0.0,0,0,1,0,,,,,1.0,0.0,-0.14648053529834323,53.819066699890406,REPD,south,,
gen_biomass_60,Z1_3,PQ,,3.789875913571599,0.0,False,0.0,inf,,0.0,1.0,,,-inf,inf,0.0,1.0,biomass,90.0,0.0,True,0,inf,0.0,,,0.0,0.5,False,0.0,0.0,0.0,0,0,1,0,,,,,1.0,0.0,-3.0855369335741427,58.43472412755568,REPD,north,,
gen_biomass_61,Z5,PQ,,2.815336392938902,0.0,False,0.0,inf,,0.0,1.0,,,-inf,inf,0.0,1.0,biomass,90.0,0.0,True,0,inf,0.0,,,0.0,0.5,False,0.0,0.0,0.0,0,0,1,0,,,,,1.0,0.0,-4.681413882854169,55.54713847656456,REPD,north,,
gen_biomass_62,Z8,PQ,,9.745395206326968,0.0,False,0.0,inf,,0.0,1.0,,,-inf,inf,0.0,1.0,biomass,90.0,0.0,True,0,inf,0.0,,,0.0,0.5,False,0.0,0.0,0.0,0,0,1,0,,,,,1.0,0.0,-1.5145956274480636,53.56800223042683,REPD,south,,
gen_biomass_63,Z10,PQ,,15.700914499082339,0.0,False,0.0,inf,,0.0,1.0,,,-inf,inf,0.0,1.0,biomass,90.0,0.0,True,0,inf,0.0,,,0.0,0.5,False,0.0,0.0,0.0,0,0,1,0,,,,,1.0,0.0,-0.14410869809790955,52.77301840915175,REPD,south,,
gen_biomass_64,Z10,PQ,,21.981280298715273,0.0,False,0.0,inf,,0.0,1.0,,,-inf,inf,0.0,1.0,biomass,90.0,0.0,True,0,inf,0.0,,,0.0,0.5,False,0.0,0.0,0.0,0,0,1,0,,,,,1.0,0.0,-0.8106947245383204,53.047977317126175,REPD,south,,
gen_biomass_65,Z13,PQ,,9.745395206326968,0.0,False,0.0,inf,,0.0,1.0,,,-inf,inf,0.0,1.0,biomass,90.0,0.0,True,0,inf,0.0,,,0.0,0.5,False,0.0,0.0,0.0,0,0,1,0,,,,,1.0,0.0,-2.962522016623573,51.56114304133708,REPD,south,,
gen_biomass_66,Z10,PQ,,12.993860275102625,0.0,False,0.0,inf,,0.0,1.0,,,-inf,inf,0.0,1.0,biomass,90.0,0.0,True,0,inf,0.0,,,0.0,0.5,False,0.0,0.0,0.0,0,0,1,0,,,,,1.0,0.0,-0.7981142694537343,53.21378855398233,REPD,south,,
gen_biomass_67,Z9,PQ,,3.248465068775656,0.0,False,0.0,inf,,0.0,1.0,,,-inf,inf,0.0,1.0,biomass,90.0,0.0,True,0,inf,0.0,,,0.0,0.5,False,0.0,0.0,0.0,0,0,1,0,,,,,1.0,0.0,-3.323012265249947,53.12126710497747,REPD,south,,
gen_biomass_68,Z8,PQ,,8.662573516735083,0.0,False,0.0,inf,,0.0,1.0,,,-inf,inf,0.0,1.0,biomass,90.0,0.0,True,0,inf,0.0,,,0.0,0.5,False,0.0,0.0,0.0,0,0,1,0,,,,,1.0,0.0,-1.4523341368606806,53.44428513415721,REPD,south,,
gen_biomass_69,Z13,PQ,,3.8981580825307875,0.0,False,0.0,inf,,0.0,1.0,,,-inf,inf,0.0,1.0,biomass,90.0,0.0,True,0,inf,0.0,,,0.0,0.5,False,0.0,0.0,0.0,0,0,1,0,,,,,1.0,0.0,-2.171685525651191,51.897814267942756,REPD,south,,
gen_biomass_70,Z9,PQ,,1.191103858551074,0.0,False,0.0,inf,,0.0,1.0,,,-inf,inf,0.0,1.0,biomass,90.0,0.0,True,0,inf,0.0,,,0.0,0.5,False,0.0,0.0,0.0,0,0,1,0,,,,,1.0,0.0,-2.898625779156621,52.85429350895288,REPD,south,,
gen_biomass_71,Z11,PQ,,1.7325147033470167,0.0,False,0.0,inf,,0.0,1.0,,,-inf,inf,0.0,1.0,biomass,90.0,0.0,True,0,inf,0.0,,,0.0,0.5,False,0.0,0.0,0.0,0,0,1,0,,,,,1.0,0.0,-1.6789941482603319,52.17501557078733,REPD,south,,
gen_biomass_72,Z12,PQ,,2.815336392938902,0.0,False,0.0,inf,,0.0,1.0,,,-inf,inf,0.0,1.0,biomass,90.0,0.0,True,0,inf,0.0,,,0.0,0.5,False,0.0,0.0,0.0,0,0,1,0,,,,,1.0,0.0,1.1979449354080665,52.05686329409303,REPD,south,,
gen_biomass_73,Z8,PQ,,698.4199897867661,0.0,False,0.0,inf,,0.0,1.0,,,-inf,inf,0.0,1.0,biomass,90.0,0.0,True,0,inf,0.0,,,0.0,0.5,False,0.0,0.0,0.0,0,0,1,0,,,,,1.0,0.0,-0.9911008613259084,53.73560864352695,REPD,south,,
gen_biomass_74,Z5,PQ,,18.40796872306205,0.0,False,0.0,inf,,0.0,1.0,,,-inf,inf,0.0,1.0,biomass,90.0,0.0,True,0,inf,0.0,,,0.0,0.5,False,0.0,0.0,0.0,0,0,1,0,,,,,1.0,0.0,-3.9822356422856497,55.78840472902545,REPD,north,,
gen_biomass_75,Z13,PQ,,4.223004589408353,0.0,False,0.0,inf,,0.0,1.0,,,-inf,inf,0.0,1.0,biomass,90.0,0.0,True,0,inf,0.0,,,0.0,0.5,False,0.0,0.0,0.0,0,0,1,0,,,,,1.0,0.0,-2.533422760520552,51.18677580663882,REPD,south,,
gen_biomass_76,Z3,PQ,,1.2993860275102624,0.0,False,0.0,inf,,0.0,1.0,,,-inf,inf,0.0,1.0,biomass,90.0,0.0,True,0,inf,0.0,,,0.0,0.5,False,0.0,0.0,0.0,0,0,1,0,,,,,1.0,0.0,-3.7520802658906565,56.28336084037629,REPD,north,,
gen_biomass_77,Z13,PQ,,1.0719934726959666,0.0,False,0.0,inf,,0.0,1.0,,,-inf,inf,0.0,1.0,biomass,90.0,0.0,True,0,inf,0.0,,,0.0,0.5,False,0.0,0.0,0.0,0,0,1,0,,,,,1.0,0.0,-2.9199874755051245,51.7350036409596,REPD,south,,
gen_biomass_78,Z10,PQ,,1.7325147033470167,0.0,False,0.0,inf,,0.0,1.0,,,-inf,inf,0.0,1.0,biomass,90.0,0.0,True,0,inf,0.0,,,0.0,0.5,False,0.0,0.0,0.0,0,0,1,0,,,,,1.0,0.0,-0.5860105552240952,53.104628268330735,REPD,south,,
gen_biomass_79,Z10,PQ,,1.7325147033470167,0.0,False,0.0,inf,,0.0,1.0,,,-inf,inf,0.0,1.0,biomass,90.0,0.0,True,0,inf,0.0,,,0.0,0.5,False,0.0,0.0,0.0,0,0,1,0,,,,,1.0,0.0,-0.5720003548377903,53.11721760885789,REPD,south,,
gen_biomass_80,Z9,PQ,,0.3248465068775656,0.0,False,0.0,inf,,0.0,1.0,,,-inf,inf,0.0,1.0,biomass,90.0,0.0,True,0,inf,0.0,,,0.0,0.5,False,0.0,0.0,0.0,0,0,1,0,,,,,1.0,0.0,-2.7588604983821896,53.18774080622431,REPD,south,,
gen_biomass_81,Z8,PQ,,0.9745395206326969,0.0,False,0.0,inf,,0.0,1.0,,,-inf,inf,0.0,1.0,biomass,90.0,0.0,True,0,inf,0.0,,,0.0,0.5,False,0.0,0.0,0.0,0,0,1,0,,,,,1.0,0.0,-0.7594780495813621,53.76416813557734,REPD,south,,
gen_biomass_82,Z7,PQ,,17.325147033470166,0.0,False,0.0,inf,,0.0,1.0,,,-inf,inf,0.0,1.0,biomass,90.0,0.0,True,0,inf,0.0,,,0.0,0.5,False,0.0,0.0,0.0,0,0,1,0,,,,,1.0,0.0,-2.021576591085934,55.76064688413212,REPD,north,,
gen_biomass_83,Z13,PQ,,37.89875913571599,0.0,False,0.0,inf,,0.0,1.0,,,-inf,inf,0.0,1.0,biomass,90.0,0.0,True,0,inf,0.0,,,0.0,0.5,False,0.0,0.0,0.0,0,0,1,0,,,,,1.0,0.0,-3.4066219077830455,51.38746967026565,REPD,south,,
gen_biomass_84,Z8,PQ,,698.4199897867661,0.0,False,0.0,inf,,0.0,1.0,,,-inf,inf,0.0,1.0,biomass,90.0,0.0,True,0,inf,0.0,,,0.0,0.5,False,0.0,0.0,0.0,0,0,1,0,,,,,1.0,0.0,-0.9911008613259084,53.73560864352695,REPD,south,,
gen_biomass_85,Z13,PQ,,19.490790412653936,0.0,False,0.0,inf,,0.0,1.0,,,-inf,inf,0.0,1.0,biomass,90.0,0.0,True,0,inf,0.0,,,0.0,0.5,False,0.0,0.0,0.0,0,0,1,0,,,,,1.0,0.0,-2.949189228395343,51.54852811711524,REPD,south,,
gen_waste_to_energy_86,Z8,PQ,,73.32851280530011,0.0,False,0.0,inf,,0.0,1.0,,,-inf,inf,0.0,1.0,waste_to_energy,75.6,0.0,True,0,inf,0.0,,,0.0,0.5,False,0.0,0.0,0.0,0,0,1,0,,,,,1.0,0.0,-1.2818890225332926,53.71643523503446,REPD,south,,
gen_waste_to_energy_87,Z8,PQ,,71.23341243943439,0.0,False,0.0,inf,,0.0,1.0,,,-inf,inf,0.0,1.0,waste_to_energy,75.6,0.0,True,0,inf,0.0,,,0.0,0.5,False,0.0,0.0,0.0,0,0,1,0,,,,,1.0,0.0,-1.2818890225332926,53.71643523503446,REPD,south,,
gen_waste_to_energy_88,Z11,PQ,,7.751871353703154,0.0,False,0.0,inf,,0.0,1.0,,,-inf,inf,0.0,1.0,waste_to_energy,75.6,0.0,True,0,inf,0.0,,,0.0,0.5,False,0.0,0.0,0.0,0,0,1,0,,,,,1.0,0.0,-2.0853892357218218,52.499787082966144,REPD,south,,
gen_waste_to_energy_89,Z11,PQ,,8.380401463462869,0.0,False,0.0,inf,,0.0,1.0,,,-inf,inf,0.0,1.0,waste_to_energy,75.6,0.0,True,0,inf,0.0,,,0.0,0.5,False,0.0,0.0,0.0,0,0,1,0,,,,,1.0,0.0,-2.125025089528549,52.5969234711716,REPD,south,,
gen_waste_to_energy_90,Z11,PQ,,14.875212597646591,0.0,False,0.0,inf,,0.0,1.0,,,-inf,inf,0.0,1.0,waste_to_energy,75.6,0.0,True,0,inf,0.0,,,0.0,0.5,False,0.0,0.0,0.0,0,0,1,0,,,,,1.0,0.0,-2.1831853873669673,52.98871054952242,REPD,south,,
gen_waste_to_energy_91,Z11,PQ,,31.426505487985757,0.0,False,0.0,inf,,0.0,1.0,,,-inf,inf,0.0,1.0,waste_to_energy,75.6,0.0,True,0,inf,0.0,,,0.0,0.5,False,0.0,0.0,0.0,0,0,1,0,,,,,1.0,0.0,-1.8405062666630405,52.45886007115383,REPD,south,,
gen_waste_to_energy_92,Z7,PQ,,21.05575867695046,0.0,False,0.0,inf,,0.0,1.0,,,-inf,inf,0.0,1.0,waste_to_energy,75.6,0.0,True,0,inf,0.0,,,0.0,0.5,False,0.0,0.0,0.0,0,0,1,0,,,,,1.0,0.0,-1.260196721815507,54.594535010812926,REPD,south,,
gen_waste_to_energy_93,Z14,PQ,,52.37750914664293,0.0,False,0.0,inf,,0.0,1.0,,,-inf,inf,0.0,1.0,waste_to_energy,75.6,0.0,True,0,inf,0.0,,,0.0,0.5,False,0.0,0.0,0.0,0,0,1,0,,,,,1.0,0.0,-0.6277063870529195,51.524386581251285,REPD,south,,
gen_waste_to_energy_94,Z16,PQ,,8.380401463462869,0.0,False,0.0,inf,,0.0,1.0,,,-inf,inf,0.0,1.0,waste_to_energy,75.6,0.0,True,0,inf,0.0,,,0.0,0.5,False,0.0,0.0,0.0,0,0,1,0,,,,,1.0,0.0,-1.0376436825933577,51.29197639788651,REPD,south,,
gen_waste_to_energy_95,Z16,PQ,,16.760802926925738,0.0,False,0.0,inf,,0.0,1.0,,,-inf,inf,0.0,1.0,waste_to_energy,75.6,0.0,True,0,inf,0.0,,,0.0,0.5,False,0.0,0.0,0.0,0,0,1,0,,,,,1.0,0.0,-1.4553269866649272,50.898098755860275,REPD,south,,
gen_waste_to_energy_96,Z8,PQ,,9.951726737862156,0.0,False,0.0,inf,,0.0,1.0,,,-inf,inf,0.0,1.0,waste_to_energy,75.6,0.0,True,0,inf,0.0,,,0.0,0.5,False,0.0,0.0,0.0,0,0,1,0,,,,,1.0,0.0,-1.7775396457880799,53.65650221978021,REPD,south,,
gen_waste_to_energy_97,Z10,PQ,,3.352160585385148,0.0,False,0.0,inf,,0.0,1.0,,,-inf,inf,0.0,1.0,waste_to_energy,75.6,0.0,True,0,inf,0.0,,,0.0,0.5,False,0.0,0.0,0.0,0,0,1,0,,,,,1.0,0.0,-0.16378184016704897,53.60191540064982,REPD,south,,
gen_waste_to_energy_98,Z8,PQ,,3.142650548798576,0.0,False,0.0,inf,,0.0,1.0,,,-inf,inf,0.0,1.0,waste_to_energy,75.6,0.0,True,0,inf,0.0,,,0.0,0.5,False,0.0,0.0,0.0,0,0,1,0,,,,,1.0,0.0,-1.0685340773166583,53.577885013404284,REPD,south,,
gen_waste_to_energy_99,Z14,PQ,,75.42361317116583,0.0,False,0.0,inf,,0.0,1.0,,,-inf,inf,0.0,1.0,waste_to_energy,75.6,0.0,True,0,inf,0.0,,,0.0,0.5,False,0.0,0.0,0.0,0,0,1,0,,,,,1.0,0.0,0.11786127344203699,51.468328455035504,REPD,south,,
gen_waste_to_energy_100,Z14,PQ,,31.426505487985757,0.0,False,0.0,inf,,0.0,1.0,,,-inf,inf,0.0,1.0,waste_to_energy,75.6,0.0,True,0,inf,0.0,,,0.0,0.5,False,0.0,0.0,0.0,0,0,1,0,,,,,1.0,0.0,-0.5251202218063641,51.487172233107174,REPD,south,,
gen_waste_to_energy_101,Z3,PQ,,8.694666518342727,0.0,False,0.0,inf,,0.0,1.0,,,-inf,inf,0.0,1.0,waste_to_energy,75.6,0.0,True,0,inf,0.0,,,0.0,0.5,False,0.0,0.0,0.0,0,0,1,0,,,,,1.0,0.0,-2.9028353826607023,56.486702816012404,REPD,north,,
gen_waste_to_energy_102,Z15,PQ,,53.42505932957579,0.0,False,0.0,inf,,0.0,1.0,,,-inf,inf,0.0,1.0,waste_to_energy,75.6,0.0,True,0,inf,0.0,,,0.0,0.5,False,0.0,0.0,0.0,0,0,1,0,,,,,1.0,0.0,0.4904617281072595,51.286501346645636,REPD,south,,
gen_waste_to_energy_103,Z11,PQ,,4.713975823197864,0.0,False,0.0,inf,,0.0,1.0,,,-inf,inf,0.0,1.0,waste_to_energy,75.6,0.0,True,0,inf,0.0,,,0.0,0.5,False,0.0,0.0,0.0,0,0,1,0,,,,,1.0,0.0,-1.491456411352486,52.396241146740635,REPD,south,,
gen_waste_to_energy_104,Z9,PQ,,35.09293112825076,0.0,False,0.0,inf,,0.0,1.0,,,-inf,inf,0.0,1.0,waste_to_energy,75.6,0.0,True,0,inf,0.0,,,0.0,0.5,False,0.0,0.0,0.0,0,0,1,0,,,,,1.0,0.0,-2.2078695434095597,53.474065407823964,REPD,south,,
gen_waste_to_energy_105,Z9,PQ,,11.313541975674873,0.0,False,0.0,inf,,0.0,1.0,,,-inf,inf,0.0,1.0,waste_to_energy,75.6,0.0,True,0,inf,0.0,,,0.0,0.5,False,0.0,0.0,0.0,0,0,1,0,,,,,1.0,0.0,-2.407632255906301,53.567030202806336,REPD,south,,
gen_waste_to_energy_106,Z16,PQ,,19.170168347671314,0.0,False,0.0,inf,,0.0,1.0,,,-inf,inf,0.0,1.0,waste_to_energy,75.6,0.0,True,0,inf,0.0,,,0.0,0.5,False,0.0,0.0,0.0,0,0,1,0,,,,,1.0,0.0,0.09441841939955709,50.796044854729956,REPD,south,,
gen_waste_to_energy_107,Z8,PQ,,20.217718530604174,0.0,False,0.0,inf,,0.0,1.0,,,-inf,inf,0.0,1.0,waste_to_energy,75.6,0.0,True,0,inf,0.0,,,0.0,0.5,False,0.0,0.0,0.0,0,0,1,0,,,,,1.0,0.0,-1.4481714271311978,53.38668490144276,REPD,south,,
gen_waste_to_energy_108,Z12,PQ,,7.6471163354098675,0.0,False,0.0,inf,,0.0,1.0,,,-inf,inf,0.0,1.0,waste_to_energy,75.6,0.0,True,0,inf,0.0,,,0.0,0.5,False,0.0,0.0,0.0,0,0,1,0,,,,,1.0,0.0,-0.2061576798559231,52.575265211721515,REPD,south,,
gen_waste_to_energy_109,Z9,PQ,,62.853010975971515,0.0,False,0.0,inf,,0.0,1.0,,,-inf,inf,0.0,1.0,waste_to_energy,75.6,0.0,True,0,inf,0.0,,,0.0,0.5,False,0.0,0.0,0.0,0,0,1,0,,,,,1.0,0.0,-2.5086966619599917,53.261280814769925,REPD,south,,
gen_waste_to_energy_110,Z9,PQ,,8.380401463462869,0.0,False,0.0,inf,,0.0,1.0,,,-inf,inf,0.0,1.0,waste_to_energy,75.6,0.0,True,0,inf,0.0,,,0.0,0.5,False,0.0,0.0,0.0,0,0,1,0,,,,,1.0,0.0,-2.727220889542521,52.742567170659655,REPD,south,,
gen_waste_to_energy_111,Z11,PQ,,24.09365420745575,0.0,False,0.0,inf,,0.0,1.0,,,-inf,inf,0.0,1.0,waste_to_energy,75.6,0.0,True,0,inf,0.0,,,0.0,0.5,False,0.0,0.0,0.0,0,0,1,0,,,,,1.0,0.0,-2.1176895567973433,52.67400028389301,REPD,south,,
gen_waste_to_energy_112,Z17,PQ,,20.95100365865717,0.0,False,0.0,inf,,0.0,1.0,,,-inf,inf,0.0,1.0,waste_to_energy,75.6,0.0,True,0,inf,0.0,,,0.0,0.5,False,0.0,0.0,0.0,0,0,1,0,,,,,1.0,0.0,-4.889426120233471,50.37247446375787,REPD,south,,
gen_waste_to_energy_113,Z13,PQ,,33.521605853851476,0.0,False,0.0,inf,,0.0,1.0,,,-inf,inf,0.0,1.0,waste_to_energy,75.6,0.0,True,0,inf,0.0,,,0.0,0.5,False,0.0,0.0,0.0,0,0,1,0,,,,,1.0,0.0,-2.655258476643675,51.54057290524045,REPD,south,,
gen_waste_to_energy_114,Z13,PQ,,31.426505487985757,0.0,False,0.0,inf,,0.0,1.0,,,-inf,inf,0.0,1.0,waste_to_energy,75.6,0.0,True,0,inf,0.0,,,0.0,0.5,False,0.0,0.0,0.0,0,0,1,0,,,,,1.0,0.0,-3.1506429280408215,51.472640631241255,REPD,south,,
gen_waste_to_energy_115,Z10,PQ,,17.17982300009888,0.0,False,0.0,inf,,0.0,1.0,,,-inf,inf,0.0,1.0,waste_to_energy,75.6,0.0,True,0,inf,0.0,,,0.0,0.5,False,0.0,0.0,0.0,0,0,1,0,,,,,1.0,0.0,-0.6071397916970981,53.19923235813145,REPD,south,,
gen_waste_to_energy_116,Z7,PQ,,21.99855384159003,0.0,False,0.0,inf,,0.0,1.0,,,-inf,inf,0.0,1.0,waste_to_energy,75.6,0.0,True,0,inf,0.0,,,0.0,0.5,False,0.0,0.0,0.0,0,0,1,0,,,,,1.0,0.0,-1.2583585216884383,54.59689631955159,REPD,south,,
gen_waste_to_energy_117,Z8,PQ,,51.32995896371007,0.0,False,0.0,inf,,0.0,1.0,,,-inf,inf,0.0,1.0,waste_to_energy,75.6,0.0,True,0,inf,0.0,,,0.0,0.5,False,0.0,0.0,0.0,0,0,1,0,,,,,1.0,0.0,-1.096740579117207,54.56736386850873,REPD,south,,
gen_waste_to_energy_118,Z9,PQ,,104.75501829328586,0.0,False,0.0,inf,,0.0,1.0,,,-inf,inf,0.0,1.0,waste_to_energy,75.6,0.0,True,0,inf,0.0,,,0.0,0.5,False,0.0,0.0,0.0,0,0,1,0,,,,,1.0,0.0,-2.7523744946583704,53.325718380520584,REPD,south,,
gen_waste_to_energy_119,Z8,PQ,,12.151582122021159,0.0,False,0.0,inf,,0.0,1.0,,,-inf,inf,0.0,1.0,waste_to_energy,75.6,0.0,True,0,inf,0.0,,,0.0,0.5,False,0.0,0.0,0.0,0,0,1,0,,,,,1.0,0.0,-1.5036357567988279,53.78824807497807,REPD,south,,
gen_waste_to_energy_120,Z17,PQ,,13.618152378127162,0.0,False,0.0,inf,,0.0,1.0,,,-inf,inf,0.0,1.0,waste_to_energy,75.6,0.0,True,0,inf,0.0,,,0.0,0.5,False,0.0,0.0,0.0,0,0,1,0,,,,,1.0,0.0,-3.5222025876565617,50.70347687163534,REPD,south,,
gen_waste_to_energy_121,Z17,PQ,,23.56987911598932,0.0,False,0.0,inf,,0.0,1.0,,,-inf,inf,0.0,1.0,waste_to_energy,75.6,0.0,True,0,inf,0.0,,,0.0,0.5,False,0.0,0.0,0.0,0,0,1,0,,,,,1.0,0.0,-4.184883089544922,50.397042240119255,REPD,south,,
gen_waste_to_energy_122,Z14,PQ,,27.236304756254324,0.0,False,0.0,inf,,0.0,1.0,,,-inf,inf,0.0,1.0,waste_to_energy,75.6,0.0,True,0,inf,0.0,,,0.0,0.5,False,0.0,0.0,0.0,0,0,1,0,,,,,1.0,0.0,-0.1471799927561012,51.38051524261878,REPD,south,,
gen_waste_to_energy_123,Z15,PQ,,52.272754128349646,0.0,False,0.0,inf,,0.0,1.0,,,-inf,inf,0.0,1.0,waste_to_energy,75.6,0.0,True,0,inf,0.0,,,0.0,0.5,False,0.0,0.0,0.0,0,0,1,0,,,,,1.0,0.0,0.7589010192178604,51.3668895302647,REPD,south,,
gen_waste_to_energy_124,Z8,PQ,,28.283854939187183,0.0,False,0.0,inf,,0.0,1.0,,,-inf,inf,0.0,1.0,waste_to_energy,75.6,0.0,True,0,inf,0.0,,,0.0,0.5,False,0.0,0.0,0.0,0,0,1,0,,,,,1.0,0.0,-1.3805038160185312,54.0325967584701,REPD,south,,
gen_waste_to_energy_125,Z11,PQ,,25.14120439038861,0.0,False,0.0,inf,,0.0,1.0,,,-inf,inf,0.0,1.0,waste_to_energy,75.6,0.0,True,0,inf,0.0,,,0.0,0.5,False,0.0,0.0,0.0,0,0,1,0,,,,,1.0,0.0,-1.230338878139172,51.88130933003858,REPD,south,,
gen_waste_to_energy_126,Z14,PQ,,23.04610402452289,0.0,False,0.0,inf,,0.0,1.0,,,-inf,inf,0.0,1.0,waste_to_energy,75.6,0.0,True,0,inf,0.0,,,0.0,0.5,False,0.0,0.0,0.0,0,0,1,0,,,,,1.0,0.0,-0.9988537936582021,51.91429199179317,REPD,south,,
gen_waste_to_energy_127,Z12,PQ,,52.16799911005636,0.0,False,0.0,inf,,0.0,1.0,,,-inf,inf,0.0,1.0,waste_to_energy,75.6,0.0,True,0,inf,0.0,,,0.0,0.5,False,0.0,0.0,0.0,0,0,1,0,,,,,1.0,0.0,0.647053042853823,51.85329209833909,REPD,south,,
gen_waste_to_energy_128,Z14,PQ,,68.0907618906358,0.0,False,0.0,inf,,0.0,1.0,,,-inf,inf,0.0,1.0,waste_to_energy,75.6,0.0,True,0,inf,0.0,,,0.0,0.5,False,0.0,0.0,0.0,0,0,1,0,,,,,1.0,0.0,-0.5267636314709497,52.075899906622354,REPD,south,,
gen_waste_to_energy_129,Z12,PQ,,3.5616706219717194,0.0,False,0.0,inf,,0.0,1.0,,,-inf,inf,0.0,1.0,waste_to_energy,75.6,0.0,True,0,inf,0.0,,,0.0,0.5,False,0.0,0.0,0.0,0,0,1,0,,,,,1.0,0.0,-0.4910605906638016,52.19263272294924,REPD,south,,
gen_waste_to_energy_130,Z5,PQ,,26.817284683081184,0.0,False,0.0,inf,,0.0,1.0,,,-inf,inf,0.0,1.0,waste_to_energy,75.6,0.0,True,0,inf,0.0,,,0.0,0.5,False,0.0,0.0,0.0,0,0,1,0,,,,,1.0,0.0,-2.4654046462933916,55.97217892801313,REPD,north,,
gen_waste_to_energy_131,Z12,PQ,,20.95100365865717,0.0,False,0.0,inf,,0.0,1.0,,,-inf,inf,0.0,1.0,waste_to_energy,75.6,0.0,True,0,inf,0.0,,,0.0,0.5,False,0.0,0.0,0.0,0,0,1,0,,,,,1.0,0.0,1.0984790091214527,52.103961593708235,REPD,south,,
gen_waste_to_energy_132,Z13,PQ,,15.18947765252645,0.0,False,0.0,inf,,0.0,1.0,,,-inf,inf,0.0,1.0,waste_to_energy,75.6,0.0,True,0,inf,0.0,,,0.0,0.5,False,0.0,0.0,0.0,0,0,1,0,,,,,1.0,0.0,-2.2906878238849426,51.792510380590265,REPD,south,,
gen_waste_to_energy_133,Z11,PQ,,43.99710768318006,0.0,False,0.0,inf,,0.0,1.0,,,-inf,inf,0.0,1.0,waste_to_energy,75.6,0.0,True,0,inf,0.0,,,0.0,0.5,False,0.0,0.0,0.0,0,0,1,0,,,,,1.0,0.0,-1.2801143320715893,52.757316492305264,REPD,south,,
gen_waste_to_energy_134,Z9,PQ,,16.760802926925738,0.0,False,0.0,inf,,0.0,1.0,,,-inf,inf,0.0,1.0,waste_to_energy,75.6,0.0,True,0,inf,0.0,,,0.0,0.5,False,0.0,0.0,0.0,0,0,1,0,,,,,1.0,0.0,-3.0343214477334417,53.236825774983956,REPD,south,,
gen_waste_to_energy_135,Z11,PQ,,16.23702783545931,0.0,False,0.0,inf,,0.0,1.0,,,-inf,inf,0.0,1.0,waste_to_energy,75.6,0.0,True,0,inf,0.0,,,0.0,0.5,False,0.0,0.0,0.0,0,0,1,0,,,,,1.0,0.0,-2.2130476454710135,52.3264400624562,REPD,south,,
gen_waste_to_energy_136,Z13,PQ,,35.616706219717194,0.0,False,0.0,inf,,0.0,1.0,,,-inf,inf,0.0,1.0,waste_to_energy,75.6,0.0,True,0,inf,0.0,,,0.0,0.5,False,0.0,0.0,0.0,0,0,1,0,,,,,1.0,0.0,-2.666671965630922,51.5293048467731,REPD,south,,
gen_waste_to_energy_137,Z16,PQ,,9.008931573222585,0.0,False,0.0,inf,,0.0,1.0,,,-inf,inf,0.0,1.0,waste_to_energy,75.6,0.0,True,0,inf,0.0,,,0.0,0.5,False,0.0,0.0,0.0,0,0,1,0,,,,,1.0,0.0,-1.3795945256732611,50.84848680938234,REPD,south,,
gen_waste_to_energy_138,Z16,PQ,,14.665702561060021,0.0,False,0.0,inf,,0.0,1.0,,,-inf,inf,0.0,1.0,waste_to_energy,75.6,0.0,True,0,inf,0.0,,,0.0,0.5,False,0.0,0.0,0.0,0,0,1,0,,,,,1.0,0.0,-1.0542103303831751,50.82196826450474,REPD,south,,
gen_waste_to_energy_139,Z14,PQ,,52.272754128349646,0.0,False,0.0,inf,,0.0,1.0,,,-inf,inf,0.0,1.0,waste_to_energy,75.6,0.0,True,0,inf,0.0,,,0.0,0.5,False,0.0,0.0,0.0,0,0,1,0,,,,,1.0,0.0,-0.6268575026860704,51.523855086302746,REPD,south,,
gen_waste_to_energy_140,Z14,PQ,,57.615260061307225,0.0,False,0.0,inf,,0.0,1.0,,,-inf,inf,0.0,1.0,waste_to_energy,75.6,0.0,True,0,inf,0.0,,,0.0,0.5,False,0.0,0.0,0.0,0,0,1,0,,,,,1.0,0.0,-0.04040865928129624,51.616303193047095,REPD,south,,
gen_waste_to_energy_141,Z7,PQ,,20.112963512310884,0.0,False,0.0,inf,,0.0,1.0,,,-inf,inf,0.0,1.0,waste_to_energy,75.6,0.0,True,0,inf,0.0,,,0.0,0.5,False,0.0,0.0,0.0,0,0,1,0,,,,,1.0,0.0,-1.2583585216884383,54.59689631955159,REPD,south,,
gen_waste_to_energy_142,Z7,PQ,,10.475501829328586,0.0,False,0.0,inf,,0.0,1.0,,,-inf,inf,0.0,1.0,waste_to_energy,75.6,0.0,True,0,inf,0.0,,,0.0,0.5,False,0.0,0.0,0.0,0,0,1,0,,,,,1.0,0.0,-1.2583585216884383,54.59689631955159,REPD,south,,
gen_waste_to_energy_143,Z14,PQ,,36.664256402650054,0.0,False,0.0,inf,,0.0,1.0,,,-inf,inf,0.0,1.0,waste_to_energy,75.6,0.0,True,0,inf,0.0,,,0.0,0.5,False,0.0,0.0,0.0,0,0,1,0,,,,,1.0,0.0,-0.045340590665675286,51.484571489460976,REPD,south,,
gen_waste_to_energy_144,Z11,PQ,,2.0951003658657172,0.0,False,0.0,inf,,0.0,1.0,,,-inf,inf,0.0,1.0,waste_to_energy,75.6,0.0,True,0,inf,0.0,,,0.0,0.5,False,0.0,0.0,0.0,0,0,1,0,,,,,1.0,0.0,-2.0297140476197133,52.55278305943136,REPD,south,,
gen_waste_to_energy_145,Z5,PQ,,13.094377286660732,0.0,False,0.0,inf,,0.0,1.0,,,-inf,inf,0.0,1.0,waste_to_energy,75.6,0.0,True,0,inf,0.0,,,0.0,0.5,False,0.0,0.0,0.0,0,0,1,0,,,,,1.0,0.0,-3.0840965096780497,55.9235158129636,REPD,north,,
gen_waste_to_energy_146,Z5,PQ,,22.52232893305646,0.0,False,0.0,inf,,0.0,1.0,,,-inf,inf,0.0,1.0,waste_to_energy,75.6,0.0,True,0,inf,0.0,,,0.0,0.5,False,0.0,0.0,0.0,0,0,1,0,,,,,1.0,0.0,-3.736526812513372,56.011567852866726,REPD,north,,
gen_waste_to_energy_147,Z2,PQ,,11.627807030554731,0.0,False,0.0,inf,,0.0,1.0,,,-inf,inf,0.0,1.0,waste_to_energy,75.6,0.0,True,0,inf,0.0,,,0.0,0.5,False,0.0,0.0,0.0,0,0,1,0,,,,,1.0,0.0,-2.0768295687724225,57.12679634200222,REPD,north,,
gen_waste_to_energy_148,Z11,PQ,,9.427951646395728,0.0,False,0.0,inf,,0.0,1.0,,,-inf,inf,0.0,1.0,waste_to_energy,75.6,0.0,True,0,inf,0.0,,,0.0,0.5,False,0.0,0.0,0.0,0,0,1,0,,,,,1.0,0.0,-1.1353098028222044,52.94615892997835,REPD,south,,
gen_waste_to_energy_149,Z9,PQ,,36.664256402650054,0.0,False,0.0,inf,,0.0,1.0,,,-inf,inf,0.0,1.0,waste_to_energy,75.6,0.0,True,0,inf,0.0,,,0.0,0.5,False,0.0,0.0,0.0,0,0,1,0,,,,,1.0,0.0,-2.8264222933458796,53.28294438019192,REPD,south,,
gen_waste_to_energy_150,Z3,PQ,,10.475501829328586,0.0,False,0.0,inf,,0.0,1.0,,,-inf,inf,0.0,1.0,waste_to_energy,75.6,0.0,True,0,inf,0.0,,,0.0,0.5,False,0.0,0.0,0.0,0,0,1,0,,,,,1.0,0.0,-2.9017471529918937,56.484644328990356,REPD,north,,
gen_waste_to_energy_151,Z7,PQ,,12.570602195194304,0.0,False,0.0,inf,,0.0,1.0,,,-inf,inf,0.0,1.0,waste_to_energy,75.6,0.0,True,0,inf,0.0,,,0.0,0.5,False,0.0,0.0,0.0,0,0,1,0,,,,,1.0,0.0,-1.2741881997491369,54.59102482732545,REPD,south,,
gen_waste_to_energy_152,Z17,PQ,,8.170891426876297,0.0,False,0.0,inf,,0.0,1.0,,,-inf,inf,0.0,1.0,waste_to_energy,75.6,0.0,True,0,inf,0.0,,,0.0,0.5,False,0.0,0.0,0.0,0,0,1,0,,,,,1.0,0.0,-2.987474210894153,51.11068889009117,REPD,south,,
gen_waste_to_energy_153,Z13,PQ,,5.237750914664293,0.0,False,0.0,inf,,0.0,1.0,,,-inf,inf,0.0,1.0,waste_to_energy,75.6,0.0,True,0,inf,0.0,,,0.0,0.5,False,0.0,0.0,0.0,0,0,1,0,,,,,1.0,0.0,-2.2471161025449127,52.094265255145096,REPD,south,,
gen_waste_to_energy_154,Z5,PQ,,24.826939335508747,0.0,False,0.0,inf,,0.0,1.0,,,-inf,inf,0.0,1.0,waste_to_energy,75.6,0.0,True,0,inf,0.0,,,0.0,0.5,False,0.0,0.0,0.0,0,0,1,0,,,,,1.0,0.0,-3.260874906548594,56.14927871380463,REPD,north,,
gen_waste_to_energy_155,Z11,PQ,,49.23485859784436,0.0,False,0.0,inf,,0.0,1.0,,,-inf,inf,0.0,1.0,waste_to_energy,75.6,0.0,True,0,inf,0.0,,,0.0,0.5,False,0.0,0.0,0.0,0,0,1,0,,,,,1.0,0.0,-1.9974162755269138,52.507423763836364,REPD,south,,
gen_waste_to_energy_156,Z5,PQ,,17.808353109858597,0.0,False,0.0,inf,,0.0,1.0,,,-inf,inf,0.0,1.0,waste_to_energy,75.6,0.0,True,0,inf,0.0,,,0.0,0.5,False,0.0,0.0,0.0,0,0,1,0,,,,,1.0,0.0,-4.6404644265961545,55.59419371550222,REPD,north,,
gen_waste_to_energy_157,Z12,PQ,,60.7579106101058,0.0,False,0.0,inf,,0.0,1.0,,,-inf,inf,0.0,1.0,waste_to_energy,75.6,0.0,True,0,inf,0.0,,,0.0,0.5,False,0.0,0.0,0.0,0,0,1,0,,,,,1.0,0.0,0.15030445567534303,52.64981845229305,REPD,south,,
gen_waste_to_energy_158,Z3,PQ,,7.6471163354098675,0.0,False,0.0,inf,,0.0,1.0,,,-inf,inf,0.0,1.0,waste_to_energy,75.6,0.0,True,0,inf,0.0,,,0.0,0.5,False,0.0,0.0,0.0,0,0,1,0,,,,,1.0,0.0,-3.344336036141277,56.3021358159126,REPD,north,,
gen_waste_to_energy_159,Z16,PQ,,3.5616706219717194,0.0,False,0.0,inf,,0.0,1.0,,,-inf,inf,0.0,1.0,waste_to_energy,75.6,0.0,True,0,inf,0.0,,,0.0,0.5,False,0.0,0.0,0.0,0,0,1,0,,,,,1.0,0.0,-1.8534907913804113,50.78977422555328,REPD,south,,
gen_waste_to_energy_160,Z8,PQ,,51.32995896371007,0.0,False,0.0,inf,,0.0,1.0,,,-inf,inf,0.0,1.0,waste_to_energy,75.6,0.0,True,0,inf,0.0,,,0.0,0.5,False,0.0,0.0,0.0,0,0,1,0,,,,,1.0,0.0,-1.4977668090488803,53.77637753328998,REPD,south,,
gen_waste_to_energy_161,Z11,PQ,,51.32995896371007,0.0,False,0.0,inf,,0.0,1.0,,,-inf,inf,0.0,1.0,waste_to_energy,75.6,0.0,True,0,inf,0.0,,,0.0,0.5,False,0.0,0.0,0.0,0,0,1,0,,,,,1.0,0.0,-2.0102736050404957,52.60863152972725,REPD,south,,
gen_waste_to_energy_162,Z11,PQ,,49.23485859784436,0.0,False,0.0,inf,,0.0,1.0,,,-inf,inf,0.0,1.0,waste_to_energy,75.6,0.0,True,0,inf,0.0,,,0.0,0.5,False,0.0,0.0,0.0,0,0,1,0,,,,,1.0,0.0,-1.9974162755269138,52.507423763836364,REPD,south,,
gen_biogas_163,Z11,PQ,,2.295340180844527,0.0,False,0.0,inf,,0.0,1.0,,,-inf,inf,0.0,1.0,biogas,81.0,0.0,True,0,inf,0.0,,,0.0,0.5,False,0.0,0.0,0.0,0,0,1,0,,,,,1.0,0.0,-1.3124803626487416,52.72401233999509,REPD,south,,
gen_biogas_164,Z12,PQ,,2.295340180844527,0.0,False,0.0,inf,,0.0,1.0,,,-inf,inf,0.0,1.0,biogas,81.0,0.0,True,0,inf,0.0,,,0.0,0.5,False,0.0,0.0,0.0,0,0,1,0,,,,,1.0,0.0,1.3564394905804886,52.768656938617845,REPD,south,,
gen_biogas_165,Z10,PQ,,1.2624370994644898,0.0,False,0.0,inf,,0.0,1.0,,,-inf,inf,0.0,1.0,biogas,81.0,0.0,True,0,inf,0.0,,,0.0,0.5,False,0.0,0.0,0.0,0,0,1,0,,,,,1.0,0.0,-0.5362888388782739,53.33613171767875,REPD,south,,
gen_biogas_166,Z17,PQ,,1.6067381265911687,0.0,False,0.0,inf,,0.0,1.0,,,-inf,inf,0.0,1.0,biogas,81.0,0.0,True,0,inf,0.0,,,0.0,0.5,False,0.0,0.0,0.0,0,0,1,0,,,,,1.0,0.0,-4.3520651660426815,50.82799746022552,REPD,south,,
gen_biogas_167,Z5,PQ,,1.1476700904222634,0.0,False,0.0,inf,,0.0,1.0,,,-inf,inf,0.0,1.0,biogas,81.0,0.0,True,0,inf,0.0,,,0.0,0.5,False,0.0,0.0,0.0,0,0,1,0,,,,,1.0,0.0,-3.957515260136497,55.970403868245,REPD,north,,
gen_biogas_168,Z5,PQ,,2.7544082170134323,0.0,False,0.0,inf,,0.0,1.0,,,-inf,inf,0.0,1.0,biogas,81.0,0.0,True,0,inf,0.0,,,0.0,0.5,False,0.0,0.0,0.0,0,0,1,0,,,,,1.0,0.0,-3.957515260136497,55.970403868245,REPD,north,,
gen_biogas_169,Z9,PQ,,1.1476700904222634,0.0,False,0.0,inf,,0.0,1.0,,,-inf,inf,0.0,1.0,biogas,81.0,0.0,True,0,inf,0.0,,,0.0,0.5,False,0.0,0.0,0.0,0,0,1,0,,,,,1.0,0.0,-2.928764411927397,53.7485609718218,REPD,south,,
gen_biogas_170,Z10,PQ,,2.295340180844527,0.0,False,0.0,inf,,0.0,1.0,,,-inf,inf,0.0,1.0,biogas,81.0,0.0,True,0,inf,0.0,,,0.0,0.5,False,0.0,0.0,0.0,0,0,1,0,,,,,1.0,0.0,-1.0395812438651637,52.97595213516947,REPD,south,,
gen_biogas_171,Z16,PQ,,1.7215051356333952,0.0,False,0.0,inf,,0.0,1.0,,,-inf,inf,0.0,1.0,biogas,81.0,0.0,True,0,inf,0.0,,,0.0,0.5,False,0.0,0.0,0.0,0,0,1,0,,,,,1.0,0.0,-2.1827539474650757,51.01118144267112,REPD,south,,
gen_biogas_172,Z9,PQ,,2.295340180844527,0.0,False,0.0,inf,,0.0,1.0,,,-inf,inf,0.0,1.0,biogas,81.0,0.0,True,0,inf,0.0,,,0.0,0.5,False,0.0,0.0,0.0,0,0,1,0,,,,,1.0,0.0,-2.2460996255451016,53.39437254767872,REPD,south,,
gen_biogas_173,Z9,PQ,,2.295340180844527,0.0,False,0.0,inf,,0.0,1.0,,,-inf,inf,0.0,1.0,biogas,81.0,0.0,True,0,inf,0.0,,,0.0,0.5,False,0.0,0.0,0.0,0,0,1,0,,,,,1.0,0.0,-2.1806528133308376,53.50414911785112,REPD,south,,
gen_biogas_174,Z12,PQ,,1.7215051356333952,0.0,False,0.0,inf,,0.0,1.0,,,-inf,inf,0.0,1.0,biogas,81.0,0.0,True,0,inf,0.0,,,0.0,0.5,False,0.0,0.0,0.0,0,0,1,0,,,,,1.0,0.0,0.06209182645337497,52.568063684389436,REPD,south,,
gen_biogas_175,Z10,PQ,,1.6067381265911687,0.0,False,0.0,inf,,0.0,1.0,,,-inf,inf,0.0,1.0,biogas,81.0,0.0,True,0,inf,0.0,,,0.0,0.5,False,0.0,0.0,0.0,0,0,1,0,,,,,1.0,0.0,0.15686144163359464,53.03362770996588,REPD,south,,
gen_biogas_176,Z9,PQ,,2.1805731718023003,0.0,False,0.0,inf,,0.0,1.0,,,-inf,inf,0.0,1.0,biogas,81.0,0.0,True,0,inf,0.0,,,0.0,0.5,False,0.0,0.0,0.0,0,0,1,0,,,,,1.0,0.0,-3.0150581388025555,53.894792631847096,REPD,south,,
gen_biogas_177,Z9,PQ,,2.1805731718023003,0.0,False,0.0,inf,,0.0,1.0,,,-inf,inf,0.0,1.0,biogas,81.0,0.0,True,0,inf,0.0,,,0.0,0.5,False,0.0,0.0,0.0,0,0,1,0,,,,,1.0,0.0,-2.737303679336185,53.703019937662724,REPD,south,,
gen_biogas_178,Z11,PQ,,1.7215051356333952,0.0,False,0.0,inf,,0.0,1.0,,,-inf,inf,0.0,1.0,biogas,81.0,0.0,True,0,inf,0.0,,,0.0,0.5,False,0.0,0.0,0.0,0,0,1,0,,,,,1.0,0.0,-0.7662331061628869,52.411943199737564,REPD,south,,
gen_biogas_179,Z16,PQ,,1.1476700904222634,0.0,False,0.0,inf,,0.0,1.0,,,-inf,inf,0.0,1.0,biogas,81.0,0.0,True,0,inf,0.0,,,0.0,0.5,False,0.0,0.0,0.0,0,0,1,0,,,,,1.0,0.0,-0.7372805254566093,50.78896010932913,REPD,south,,
gen_biogas_180,Z11,PQ,,1.4919711175489425,0.0,False,0.0,inf,,0.0,1.0,,,-inf,inf,0.0,1.0,biogas,81.0,0.0,True,0,inf,0.0,,,0.0,0.5,False,0.0,0.0,0.0,0,0,1,0,,,,,1.0,0.0,-2.2311728547491496,52.77523509159453,REPD,south,,
gen_biogas_181,Z14,PQ,,2.4101071898867534,0.0,False,0.0,inf,,0.0,1.0,,,-inf,inf,0.0,1.0,biogas,81.0,0.0,True,0,inf,0.0,,,0.0,0.5,False,0.0,0.0,0.0,0,0,1,0,,,,,1.0,0.0,-1.3302708864435255,51.79956920192868,REPD,south,,
gen_biogas_182,Z5,PQ,,2.7544082170134323,0.0,False,0.0,inf,,0.0,1.0,,,-inf,inf,0.0,1.0,biogas,81.0,0.0,True,0,inf,0.0,,,0.0,0.5,False,0.0,0.0,0.0,0,0,1,0,,,,,1.0,0.0,-3.9580393622234564,55.96967661346299,REPD,north,,
gen_biogas_183,Z13,PQ,,11.476700904222634,0.0,False,0.0,inf,,0.0,1.0,,,-inf,inf,0.0,1.0,biogas,81.0,0.0,True,0,inf,0.0,,,0.0,0.5,False,0.0,0.0,0.0,0,0,1,0,,,,,1.0,0.0,-2.670032589665701,51.51277716866985,REPD,south,,
gen_biogas_184,Z11,PQ,,2.8691752260556584,0.0,False,0.0,inf,,0.0,1.0,,,-inf,inf,0.0,1.0,biogas,81.0,0.0,True,0,inf,0.0,,,0.0,0.5,False,0.0,0.0,0.0,0,0,1,0,,,,,1.0,0.0,-1.237490179799755,52.586035438112255,REPD,south,,
gen_biogas_185,Z17,PQ,,1.4919711175489425,0.0,False,0.0,inf,,0.0,1.0,,,-inf,inf,0.0,1.0,biogas,81.0,0.0,True,0,inf,0.0,,,0.0,0.5,False,0.0,0.0,0.0,0,0,1,0,,,,,1.0,0.0,-2.3022167956564625,50.88324088687945,REPD,south,,
gen_biogas_186,Z12,PQ,,1.6067381265911687,0.0,False,0.0,inf,,0.0,1.0,,,-inf,inf,0.0,1.0,biogas,81.0,0.0,True,0,inf,0.0,,,0.0,0.5,False,0.0,0.0,0.0,0,0,1,0,,,,,1.0,0.0,0.6371669012619329,52.25720441317638,REPD,south,,
gen_biogas_187,Z14,PQ,,1.2624370994644898,0.0,False,0.0,inf,,0.0,1.0,,,-inf,inf,0.0,1.0,biogas,81.0,0.0,True,0,inf,0.0,,,0.0,0.5,False,0.0,0.0,0.0,0,0,1,0,,,,,1.0,0.0,-0.048701192841265104,51.946859528662195,REPD,south,,
gen_biogas_188,Z12,PQ,,1.1476700904222634,0.0,False,0.0,inf,,0.0,1.0,,,-inf,inf,0.0,1.0,biogas,81.0,0.0,True,0,inf,0.0,,,0.0,0.5,False,0.0,0.0,0.0,0,0,1,0,,,,,1.0,0.0,1.1950344957451113,52.701367331702215,REPD,south,,
gen_biogas_189,Z14,PQ,,1.2624370994644898,0.0,False,0.0,inf,,0.0,1.0,,,-inf,inf,0.0,1.0,biogas,81.0,0.0,True,0,inf,0.0,,,0.0,0.5,False,0.0,0.0,0.0,0,0,1,0,,,,,1.0,0.0,-0.5655400972102093,51.918837809632635,REPD,south,,
gen_biogas_190,Z8,PQ,,2.295340180844527,0.0,False,0.0,inf,,0.0,1.0,,,-inf,inf,0.0,1.0,biogas,81.0,0.0,True,0,inf,0.0,,,0.0,0.5,False,0.0,0.0,0.0,0,0,1,0,,,,,1.0,0.0,-1.137436260003756,53.53693680354342,REPD,south,,
gen_biogas_191,Z8,PQ,,2.295340180844527,0.0,False,0.0,inf,,0.0,1.0,,,-inf,inf,0.0,1.0,biogas,81.0,0.0,True,0,inf,0.0,,,0.0,0.5,False,0.0,0.0,0.0,0,0,1,0,,,,,1.0,0.0,-0.49852031358364723,53.99199705076459,REPD,south,,
gen_biogas_192,Z9,PQ,,1.1476700904222634,0.0,False,0.0,inf,,0.0,1.0,,,-inf,inf,0.0,1.0,biogas,81.0,0.0,True,0,inf,0.0,,,0.0,0.5,False,0.0,0.0,0.0,0,0,1,0,,,,,1.0,0.0,-2.9300050091895855,52.83897588041886,REPD,south,,
gen_biogas_193,Z11,PQ,,6.886020542533581,0.0,False,0.0,inf,,0.0,1.0,,,-inf,inf,0.0,1.0,biogas,81.0,0.0,True,0,inf,0.0,,,0.0,0.5,False,0.0,0.0,0.0,0,0,1,0,,,,,1.0,0.0,-2.0099807129142917,52.68410055842798,REPD,south,,
gen_biogas_194,Z12,PQ,,1.7215051356333952,0.0,False,0.0,inf,,0.0,1.0,,,-inf,inf,0.0,1.0,biogas,81.0,0.0,True,0,inf,0.0,,,0.0,0.5,False,0.0,0.0,0.0,0,0,1,0,,,,,1.0,0.0,1.2028276936836437,52.700842161419125,REPD,south,,
gen_biogas_195,Z11,PQ,,2.7544082170134323,0.0,False,0.0,inf,,0.0,1.0,,,-inf,inf,0.0,1.0,biogas,81.0,0.0,True,0,inf,0.0,,,0.0,0.5,False,0.0,0.0,0.0,0,0,1,0,,,,,1.0,0.0,-1.7116312664591917,52.519003296112444,REPD,south,,
gen_biogas_196,Z10,PQ,,2.295340180844527,0.0,False,0.0,inf,,0.0,1.0,,,-inf,inf,0.0,1.0,biogas,81.0,0.0,True,0,inf,0.0,,,0.0,0.5,False,0.0,0.0,0.0,0,0,1,0,,,,,1.0,0.0,-1.05780144274931,52.952348176026334,REPD,south,,
gen_biogas_197,Z16,PQ,,1.3772041085067162,0.0,False,0.0,inf,,0.0,1.0,,,-inf,inf,0.0,1.0,biogas,81.0,0.0,True,0,inf,0.0,,,0.0,0.5,False,0.0,0.0,0.0,0,0,1,0,,,,,1.0,0.0,-1.0653145279269753,51.21681819861031,REPD,south,,
gen_biogas_198,Z10,PQ,,1.7215051356333952,0.0,False,0.0,inf,,0.0,1.0,,,-inf,inf,0.0,1.0,biogas,81.0,0.0,True,0,inf,0.0,,,0.0,0.5,False,0.0,0.0,0.0,0,0,1,0,,,,,1.0,0.0,-0.3571311447602693,53.59091709317551,REPD,south,,
gen_biogas_199,Z13,PQ,,1.1476700904222634,0.0,False,0.0,inf,,0.0,1.0,,,-inf,inf,0.0,1.0,biogas,81.0,0.0,True,0,inf,0.0,,,0.0,0.5,False,0.0,0.0,0.0,0,0,1,0,,,,,1.0,0.0,-3.4360435265763805,51.738318713164205,REPD,south,,
gen_biogas_200,Z9,PQ,,2.295340180844527,0.0,False,0.0,inf,,0.0,1.0,,,-inf,inf,0.0,1.0,biogas,81.0,0.0,True,0,inf,0.0,,,0.0,0.5,False,0.0,0.0,0.0,0,0,1,0,,,,,1.0,0.0,-2.1143353790738946,53.427451934462795,REPD,south,,
gen_biogas_201,Z10,PQ,,2.5248741989289796,0.0,False,0.0,inf,,0.0,1.0,,,-inf,inf,0.0,1.0,biogas,81.0,0.0,True,0,inf,0.0,,,0.0,0.5,False,0.0,0.0,0.0,0,0,1,0,,,,,1.0,0.0,-1.0285038744450679,53.15828455354196,REPD,south,,
gen_biogas_202,Z5,PQ,,2.5248741989289796,0.0,False,0.0,inf,,0.0,1.0,,,-inf,inf,0.0,1.0,biogas,81.0,0.0,True,0,inf,0.0,,,0.0,0.5,False,0.0,0.0,0.0,0,0,1,0,,,,,1.0,0.0,-4.7185519952828985,55.718049120590834,REPD,north,,
gen_biogas_203,Z6,PQ,,1.1476700904222634,0.0,False,0.0,inf,,0.0,1.0,,,-inf,inf,0.0,1.0,biogas,81.0,0.0,True,0,inf,0.0,,,0.0,0.5,False,0.0,0.0,0.0,0,0,1,0,,,,,1.0,0.0,-3.358572941196116,54.85630234304882,REPD,south,,
gen_biogas_204,Z5,PQ,,1.9510391537178478,0.0,False,0.0,inf,,0.0,1.0,,,-inf,inf,0.0,1.0,biogas,81.0,0.0,True,0,inf,0.0,,,0.0,0.5,False,0.0,0.0,0.0,0,0,1,0,,,,,1.0,0.0,-3.4694397391227176,56.096889510492474,REPD,north,,
gen_biogas_205,Z11,PQ,,2.295340180844527,0.0,False,0.0,inf,,0.0,1.0,,,-inf,inf,0.0,1.0,biogas,81.0,0.0,True,0,inf,0.0,,,0.0,0.5,False,0.0,0.0,0.0,0,0,1,0,,,,,1.0,0.0,-1.5866557536491668,52.57110058233147,REPD,south,,
gen_biogas_206,Z12,PQ,,2.6396412079712057,0.0,False,0.0,inf,,0.0,1.0,,,-inf,inf,0.0,1.0,biogas,81.0,0.0,True,0,inf,0.0,,,0.0,0.5,False,0.0,0.0,0.0,0,0,1,0,,,,,1.0,0.0,-0.14279879399414308,52.002540310545726,REPD,south,,
gen_biogas_207,Z12,PQ,,2.295340180844527,0.0,False,0.0,inf,,0.0,1.0,,,-inf,inf,0.0,1.0,biogas,81.0,0.0,True,0,inf,0.0,,,0.0,0.5,False,0.0,0.0,0.0,0,0,1,0,,,,,1.0,0.0,-0.5633752763191376,52.2621828732794,REPD,south,,
gen_biogas_208,Z12,PQ,,2.7544082170134323,0.0,False,0.0,inf,,0.0,1.0,,,-inf,inf,0.0,1.0,biogas,81.0,0.0,True,0,inf,0.0,,,0.0,0.5,False,0.0,0.0,0.0,0,0,1,0,,,,,1.0,0.0,0.3521035682835333,52.45466326743043,REPD,south,,
gen_biogas_209,Z16,PQ,,1.7215051356333952,0.0,False,0.0,inf,,0.0,1.0,,,-inf,inf,0.0,1.0,biogas,81.0,0.0,True,0,inf,0.0,,,0.0,0.5,False,0.0,0.0,0.0,0,0,1,0,,,,,1.0,0.0,-1.1298588137557655,51.21838599050441,REPD,south,,
gen_biogas_210,Z17,PQ,,3.787311298393469,0.0,False,0.0,inf,,0.0,1.0,,,-inf,inf,0.0,1.0,biogas,81.0,0.0,True,0,inf,0.0,,,0.0,0.5,False,0.0,0.0,0.0,0,0,1,0,,,,,1.0,0.0,-3.096899990668632,51.144390424971526,REPD,south,,
gen_biogas_211,Z12,PQ,,1.1476700904222634,0.0,False,0.0,inf,,0.0,1.0,,,-inf,inf,0.0,1.0,biogas,81.0,0.0,True,0,inf,0.0,,,0.0,0.5,False,0.0,0.0,0.0,0,0,1,0,,,,,1.0,0.0,-0.1751890355191963,52.55939019313962,REPD,south,,
gen_biogas_212,Z7,PQ,,3.2134762531823373,0.0,False,0.0,inf,,0.0,1.0,,,-inf,inf,0.0,1.0,biogas,81.0,0.0,True,0,inf,0.0,,,0.0,0.5,False,0.0,0.0,0.0,0,0,1,0,,,,,1.0,0.0,-1.5802756732389212,54.60582464039711,REPD,south,,
gen_biogas_213,Z14,PQ,,1.6067381265911687,0.0,False,0.0,inf,,0.0,1.0,,,-inf,inf,0.0,1.0,biogas,81.0,0.0,True,0,inf,0.0,,,0.0,0.5,False,0.0,0.0,0.0,0,0,1,0,,,,,1.0,0.0,0.13752420782367103,51.521164803055406,REPD,south,,
gen_biogas_214,Z10,PQ,,1.7215051356333952,0.0,False,0.0,inf,,0.0,1.0,,,-inf,inf,0.0,1.0,biogas,81.0,0.0,True,0,inf,0.0,,,0.0,0.5,False,0.0,0.0,0.0,0,0,1,0,,,,,1.0,0.0,0.08165919241206465,52.83536576860308,REPD,south,,
gen_biogas_215,Z14,PQ,,2.295340180844527,0.0,False,0.0,inf,,0.0,1.0,,,-inf,inf,0.0,1.0,biogas,81.0,0.0,True,0,inf,0.0,,,0.0,0.5,False,0.0,0.0,0.0,0,0,1,0,,,,,1.0,0.0,-0.9785062461003806,51.84986513629746,REPD,south,,
gen_biogas_216,Z11,PQ,,2.5248741989289796,0.0,False,0.0,inf,,0.0,1.0,,,-inf,inf,0.0,1.0,biogas,81.0,0.0,True,0,inf,0.0,,,0.0,0.5,False,0.0,0.0,0.0,0,0,1,0,,,,,1.0,0.0,-2.3818381811866303,52.542810922738695,REPD,south,,
gen_biogas_217,Z5,PQ,,5.738350452111317,0.0,False,0.0,inf,,0.0,1.0,,,-inf,inf,0.0,1.0,biogas,81.0,0.0,True,0,inf,0.0,,,0.0,0.5,False,0.0,0.0,0.0,0,0,1,0,,,,,1.0,0.0,-4.244718247989616,55.83400361615001,REPD,north,,
gen_biogas_218,Z13,PQ,,1.1476700904222634,0.0,False,0.0,inf,,0.0,1.0,,,-inf,inf,0.0,1.0,biogas,81.0,0.0,True,0,inf,0.0,,,0.0,0.5,False,0.0,0.0,0.0,0,0,1,0,,,,,1.0,0.0,-2.4819019224905903,51.111672601776164,REPD,south,,
gen_biogas_219,Z8,PQ,,6.886020542533581,0.0,False,0.0,inf,,0.0,1.0,,,-inf,inf,0.0,1.0,biogas,81.0,0.0,True,0,inf,0.0,,,0.0,0.5,False,0.0,0.0,0.0,0,0,1,0,,,,,1.0,0.0,-1.3406986250907527,53.60267438472276,REPD,south,,
gen_biogas_220,Z8,PQ,,3.4430102712667905,0.0,False,0.0,inf,,0.0,1.0,,,-inf,inf,0.0,1.0,biogas,81.0,0.0,True,0,inf,0.0,,,0.0,0.5,False,0.0,0.0,0.0,0,0,1,0,,,,,1.0,0.0,-0.33040656654966405,53.75855620537259,REPD,south,,
gen_biogas_221,Z10,PQ,,1.6067381265911687,0.0,False,0.0,inf,,0.0,1.0,,,-inf,inf,0.0,1.0,biogas,81.0,0.0,True,0,inf,0.0,,,0.0,0.5,False,0.0,0.0,0.0,0,0,1,0,,,,,1.0,0.0,0.031191446809922443,53.03461693981424,REPD,south,,
gen_biogas_222,Z17,PQ,,3.4430102712667905,0.0,False,0.0,inf,,0.0,1.0,,,-inf,inf,0.0,1.0,biogas,81.0,0.0,True,0,inf,0.0,,,0.0,0.5,False,0.0,0.0,0.0,0,0,1,0,,,,,1.0,0.0,-2.5561083247911656,51.08010449996209,REPD,south,,
gen_biogas_223,Z14,PQ,,2.7544082170134323,0.0,False,0.0,inf,,0.0,1.0,,,-inf,inf,0.0,1.0,biogas,81.0,0.0,True,0,inf,0.0,,,0.0,0.5,False,0.0,0.0,0.0,0,0,1,0,,,,,1.0,0.0,-1.1122185950793098,51.61400614591082,REPD,south,,
gen_biogas_224,Z13,PQ,,2.5248741989289796,0.0,False,0.0,inf,,0.0,1.0,,,-inf,inf,0.0,1.0,biogas,81.0,0.0,True,0,inf,0.0,,,0.0,0.5,False,0.0,0.0,0.0,0,0,1,0,,,,,1.0,0.0,-2.5274693329603566,51.39066063884908,REPD,south,,
gen_biogas_225,Z9,PQ,,5.738350452111317,0.0,False,0.0,inf,,0.0,1.0,,,-inf,inf,0.0,1.0,biogas,81.0,0.0,True,0,inf,0.0,,,0.0,0.5,False,0.0,0.0,0.0,0,0,1,0,,,,,1.0,0.0,-2.7467320610556496,53.3524875085064,REPD,south,,
gen_biogas_226,Z8,PQ,,3.4430102712667905,0.0,False,0.0,inf,,0.0,1.0,,,-inf,inf,0.0,1.0,biogas,81.0,0.0,True,0,inf,0.0,,,0.0,0.5,False,0.0,0.0,0.0,0,0,1,0,,,,,1.0,0.0,-1.137436260003756,53.53693680354342,REPD,south,,
gen_biogas_227,Z14,PQ,,2.7544082170134323,0.0,False,0.0,inf,,0.0,1.0,,,-inf,inf,0.0,1.0,biogas,81.0,0.0,True,0,inf,0.0,,,0.0,0.5,False,0.0,0.0,0.0,0,0,1,0,,,,,1.0,0.0,-0.5722018371073646,51.3819961127107,REPD,south,,
gen_biogas_228,Z14,PQ,,3.4430102712667905,0.0,False,0.0,inf,,0.0,1.0,,,-inf,inf,0.0,1.0,biogas,81.0,0.0,True,0,inf,0.0,,,0.0,0.5,False,0.0,0.0,0.0,0,0,1,0,,,,,1.0,0.0,0.00030644939364242484,51.76710697976222,REPD,south,,
gen_biogas_229,Z16,PQ,,5.164515406900185,0.0,False,0.0,inf,,0.0,1.0,,,-inf,inf,0.0,1.0,biogas,81.0,0.0,True,0,inf,0.0,,,0.0,0.5,False,0.0,0.0,0.0,0,0,1,0,,,,,1.0,0.0,-0.3262515869150185,51.10281498496693,REPD,south,,
gen_biogas_230,Z12,PQ,,2.295340180844527,0.0,False,0.0,inf,,0.0,1.0,,,-inf,inf,0.0,1.0,biogas,81.0,0.0,True,0,inf,0.0,,,0.0,0.5,False,0.0,0.0,0.0,0,0,1,0,,,,,1.0,0.0,0.6578397979686842,51.94208187624708,REPD,south,,
gen_biogas_231,Z17,PQ,,1.8362721446756216,0.0,False,0.0,inf,,0.0,1.0,,,-inf,inf,0.0,1.0,biogas,81.0,0.0,True,0,inf,0.0,,,0.0,0.5,False,0.0,0.0,0.0,0,0,1,0,,,,,1.0,0.0,-2.982887621459213,51.18389001799587,REPD,south,,
gen_biogas_232,Z9,PQ,,1.1476700904222634,0.0,False,0.0,inf,,0.0,1.0,,,-inf,inf,0.0,1.0,biogas,81.0,0.0,True,0,inf,0.0,,,0.0,0.5,False,0.0,0.0,0.0,0,0,1,0,,,,,1.0,0.0,-3.4263294445165715,53.26319976974169,REPD,south,,
gen_biogas_233,Z11,PQ,,4.590680361689054,0.0,False,0.0,inf,,0.0,1.0,,,-inf,inf,0.0,1.0,biogas,81.0,0.0,True,0,inf,0.0,,,0.0,0.5,False,0.0,0.0,0.0,0,0,1,0,,,,,1.0,0.0,-1.0283233201102857,52.455043526909115,REPD,south,,
gen_biogas_234,Z15,PQ,,1.3772041085067162,0.0,False,0.0,inf,,0.0,1.0,,,-inf,inf,0.0,1.0,biogas,81.0,0.0,True,0,inf,0.0,,,0.0,0.5,False,0.0,0.0,0.0,0,0,1,0,,,,,1.0,0.0,1.2440002806767931,51.356129167204756,REPD,south,,
gen_biogas_235,Z16,PQ,,2.5248741989289796,0.0,False,0.0,inf,,0.0,1.0,,,-inf,inf,0.0,1.0,biogas,81.0,0.0,True,0,inf,0.0,,,0.0,0.5,False,0.0,0.0,0.0,0,0,1,0,,,,,1.0,0.0,-1.2523521332524858,50.67561738007449,REPD,south,,
gen_biogas_236,Z14,PQ,,1.6067381265911687,0.0,False,0.0,inf,,0.0,1.0,,,-inf,inf,0.0,1.0,biogas,81.0,0.0,True,0,inf,0.0,,,0.0,0.5,False,0.0,0.0,0.0,0,0,1,0,,,,,1.0,0.0,0.13645090147956943,51.524107055582085,REPD,south,,
gen_biogas_237,Z8,PQ,,1.7215051356333952,0.0,False,0.0,inf,,0.0,1.0,,,-inf,inf,0.0,1.0,biogas,81.0,0.0,True,0,inf,0.0,,,0.0,0.5,False,0.0,0.0,0.0,0,0,1,0,,,,,1.0,0.0,-1.5424741250414118,54.2912409090817,REPD,south,,
gen_biogas_238,Z10,PQ,,7.459855587744713,0.0,False,0.0,inf,,0.0,1.0,,,-inf,inf,0.0,1.0,biogas,81.0,0.0,True,0,inf,0.0,,,0.0,0.5,False,0.0,0.0,0.0,0,0,1,0,,,,,1.0,0.0,-0.47207450723527133,53.13343612738339,REPD,south,,
gen_biogas_239,Z5,PQ,,1.7215051356333952,0.0,False,0.0,inf,,0.0,1.0,,,-inf,inf,0.0,1.0,biogas,81.0,0.0,True,0,inf,0.0,,,0.0,0.5,False,0.0,0.0,0.0,0,0,1,0,,,,,1.0,0.0,-2.77070179738356,55.9566049423724,REPD,north,,
gen_biogas_240,Z17,PQ,,1.4919711175489425,0.0,False,0.0,inf,,0.0,1.0,,,-inf,inf,0.0,1.0,biogas,81.0,0.0,True,0,inf,0.0,,,0.0,0.5,False,0.0,0.0,0.0,0,0,1,0,,,,,1.0,0.0,-2.718665261629607,50.99631625239219,REPD,south,,
gen_biogas_241,Z16,PQ,,4.246379334562375,0.0,False,0.0,inf,,0.0,1.0,,,-inf,inf,0.0,1.0,biogas,81.0,0.0,True,0,inf,0.0,,,0.0,0.5,False,0.0,0.0,0.0,0,0,1,0,,,,,1.0,0.0,-2.01516171871038,51.172516764674896,REPD,south,,
gen_biogas_242,Z8,PQ,,4.590680361689054,0.0,False,0.0,inf,,0.0,1.0,,,-inf,inf,0.0,1.0,biogas,81.0,0.0,True,0,inf,0.0,,,0.0,0.5,False,0.0,0.0,0.0,0,0,1,0,,,,,1.0,0.0,-1.315660046423512,53.50805744821414,REPD,south,,
gen_biogas_243,Z9,PQ,,2.7544082170134323,0.0,False,0.0,inf,,0.0,1.0,,,-inf,inf,0.0,1.0,biogas,81.0,0.0,True,0,inf,0.0,,,0.0,0.5,False,0.0,0.0,0.0,0,0,1,0,,,,,1.0,0.0,-2.6624256130617927,52.96251520454976,REPD,south,,
gen_biogas_244,Z14,PQ,,1.7215051356333952,0.0,False,0.0,inf,,0.0,1.0,,,-inf,inf,0.0,1.0,biogas,81.0,0.0,True,0,inf,0.0,,,0.0,0.5,False,0.0,0.0,0.0,0,0,1,0,,,,,1.0,0.0,-0.1115469431585812,51.696009694692066,REPD,south,,
gen_biogas_245,Z5,PQ,,1.1476700904222634,0.0,False,0.0,inf,,0.0,1.0,,,-inf,inf,0.0,1.0,biogas,81.0,0.0,True,0,inf,0.0,,,0.0,0.5,False,0.0,0.0,0.0,0,0,1,0,,,,,1.0,0.0,-4.630164520147719,55.59446020528091,REPD,north,,
gen_biogas_246,Z17,PQ,,1.4919711175489425,0.0,False,0.0,inf,,0.0,1.0,,,-inf,inf,0.0,1.0,biogas,81.0,0.0,True,0,inf,0.0,,,0.0,0.5,False,0.0,0.0,0.0,0,0,1,0,,,,,1.0,0.0,-3.8238306064856453,51.00506298520939,REPD,south,,
gen_biogas_247,Z7,PQ,,5.853117461153543,0.0,False,0.0,inf,,0.0,1.0,,,-inf,inf,0.0,1.0,biogas,81.0,0.0,True,0,inf,0.0,,,0.0,0.5,False,0.0,0.0,0.0,0,0,1,0,,,,,1.0,0.0,-1.1849914194762767,54.58221680579793,REPD,south,,
gen_biogas_248,Z7,PQ,,1.1476700904222634,0.0,False,0.0,inf,,0.0,1.0,,,-inf,inf,0.0,1.0,biogas,81.0,0.0,True,0,inf,0.0,,,0.0,0.5,False,0.0,0.0,0.0,0,0,1,0,,,,,1.0,0.0,-1.814359427835507,54.85477801403257,REPD,south,,
gen_biogas_249,Z8,PQ,,4.590680361689054,0.0,False,0.0,inf,,0.0,1.0,,,-inf,inf,0.0,1.0,biogas,81.0,0.0,True,0,inf,0.0,,,0.0,0.5,False,0.0,0.0,0.0,0,0,1,0,,,,,1.0,0.0,-0.7940924366890088,53.57448188413207,REPD,south,,
gen_biogas_250,Z12,PQ,,2.065806162760074,0.0,False,0.0,inf,,0.0,1.0,,,-inf,inf,0.0,1.0,biogas,81.0,0.0,True,0,inf,0.0,,,0.0,0.5,False,0.0,0.0,0.0,0,0,1,0,,,,,1.0,0.0,0.647053042853823,51.85329209833909,REPD,south,,
gen_biogas_251,Z10,PQ,,3.4430102712667905,0.0,False,0.0,inf,,0.0,1.0,,,-inf,inf,0.0,1.0,biogas,81.0,0.0,True,0,inf,0.0,,,0.0,0.5,False,0.0,0.0,0.0,0,0,1,0,,,,,1.0,0.0,-0.9601085285793753,53.363120002711526,REPD,south,,
gen_biogas_252,Z13,PQ,,1.8362721446756216,0.0,False,0.0,inf,,0.0,1.0,,,-inf,inf,0.0,1.0,biogas,81.0,0.0,True,0,inf,0.0,,,0.0,0.5,False,0.0,0.0,0.0,0,0,1,0,,,,,1.0,0.0,-2.0832522649888814,51.946102219752625,REPD,south,,
gen_biogas_253,Z10,PQ,,3.4430102712667905,0.0,False,0.0,inf,,0.0,1.0,,,-inf,inf,0.0,1.0,biogas,81.0,0.0,True,0,inf,0.0,,,0.0,0.5,False,0.0,0.0,0.0,0,0,1,0,,,,,1.0,0.0,-0.0530538163545716,53.07091788254271,REPD,south,,
gen_biogas_254,Z6,PQ,,1.3772041085067162,0.0,False,0.0,inf,,0.0,1.0,,,-inf,inf,0.0,1.0,biogas,81.0,0.0,True,0,inf,0.0,,,0.0,0.5,False,0.0,0.0,0.0,0,0,1,0,,,,,1.0,0.0,-3.533631936355733,55.09509297026411,REPD,south,,
gen_biogas_255,Z14,PQ,,1.9510391537178478,0.0,False,0.0,inf,,0.0,1.0,,,-inf,inf,0.0,1.0,biogas,81.0,0.0,True,0,inf,0.0,,,0.0,0.5,False,0.0,0.0,0.0,0,0,1,0,,,,,1.0,0.0,-0.4407113121496414,51.404482510909496,REPD,south,,
gen_biogas_256,Z17,PQ,,1.2624370994644898,0.0,False,0.0,inf,,0.0,1.0,,,-inf,inf,0.0,1.0,biogas,81.0,0.0,True,0,inf,0.0,,,0.0,0.5,False,0.0,0.0,0.0,0,0,1,0,,,,,1.0,0.0,-2.394146753843137,50.77709588975081,REPD,south,,
gen_biogas_257,Z10,PQ,,2.065806162760074,0.0,False,0.0,inf,,0.0,1.0,,,-inf,inf,0.0,1.0,biogas,81.0,0.0,True,0,inf,0.0,,,0.0,0.5,False,0.0,0.0,0.0,0,0,1,0,,,,,1.0,0.0,-0.1370510919308524,52.696898286136445,REPD,south,,
gen_biogas_258,Z8,PQ,,1.2624370994644898,0.0,False,0.0,inf,,0.0,1.0,,,-inf,inf,0.0,1.0,biogas,81.0,0.0,True,0,inf,0.0,,,0.0,0.5,False,0.0,0.0,0.0,0,0,1,0,,,,,1.0,0.0,-1.3805038160185312,54.0325967584701,REPD,south,,
gen_biogas_259,Z14,PQ,,3.4430102712667905,0.0,False,0.0,inf,,0.0,1.0,,,-inf,inf,0.0,1.0,biogas,81.0,0.0,True,0,inf,0.0,,,0.0,0.5,False,0.0,0.0,0.0,0,0,1,0,,,,,1.0,0.0,-0.25747108963594495,51.72671797750823,REPD,south,,
gen_biogas_260,Z5,PQ,,1.7215051356333952,0.0,False,0.0,inf,,0.0,1.0,,,-inf,inf,0.0,1.0,biogas,81.0,0.0,True,0,inf,0.0,,,0.0,0.5,False,0.0,0.0,0.0,0,0,1,0,,,,,1.0,0.0,-3.0833837584657617,55.92549887248526,REPD,north,,
gen_biogas_261,Z17,PQ,,1.1476700904222634,0.0,False,0.0,inf,,0.0,1.0,,,-inf,inf,0.0,1.0,biogas,81.0,0.0,True,0,inf,0.0,,,0.0,0.5,False,0.0,0.0,0.0,0,0,1,0,,,,,1.0,0.0,-3.3841373429256336,50.692814759770535,REPD,south,,
gen_biogas_262,Z8,PQ,,1.1476700904222634,0.0,False,0.0,inf,,0.0,1.0,,,-inf,inf,0.0,1.0,biogas,81.0,0.0,True,0,inf,0.0,,,0.0,0.5,False,0.0,0.0,0.0,0,0,1,0,,,,,1.0,0.0,-1.3939380528004113,53.87702345905695,REPD,south,,
gen_biogas_263,Z8,PQ,,2.7544082170134323,0.0,False,0.0,inf,,0.0,1.0,,,-inf,inf,0.0,1.0,biogas,81.0,0.0,True,0,inf,0.0,,,0.0,0.5,False,0.0,0.0,0.0,0,0,1,0,,,,,1.0,0.0,-1.5073472440473392,53.77980571547386,REPD,south,,
gen_biogas_264,Z7,PQ,,1.7215051356333952,0.0,False,0.0,inf,,0.0,1.0,,,-inf,inf,0.0,1.0,biogas,81.0,0.0,True,0,inf,0.0,,,0.0,0.5,False,0.0,0.0,0.0,0,0,1,0,,,,,1.0,0.0,-2.0818372795431133,54.97334766079751,REPD,south,,
gen_biogas_265,Z7,PQ,,5.508816434026865,0.0,False,0.0,inf,,0.0,1.0,,,-inf,inf,0.0,1.0,biogas,81.0,0.0,True,0,inf,0.0,,,0.0,0.5,False,0.0,0.0,0.0,0,0,1,0,,,,,1.0,0.0,-1.2469561345447564,54.58152131301988,REPD,south,,
gen_biogas_266,Z14,PQ,,2.6396412079712057,0.0,False,0.0,inf,,0.0,1.0,,,-inf,inf,0.0,1.0,biogas,81.0,0.0,True,0,inf,0.0,,,0.0,0.5,False,0.0,0.0,0.0,0,0,1,0,,,,,1.0,0.0,-1.1032514717526847,51.61097978138893,REPD,south,,
gen_biogas_267,Z9,PQ,,2.295340180844527,0.0,False,0.0,inf,,0.0,1.0,,,-inf,inf,0.0,1.0,biogas,81.0,0.0,True,0,inf,0.0,,,0.0,0.5,False,0.0,0.0,0.0,0,0,1,0,,,,,1.0,0.0,-2.2873211734917414,53.49536594194911,REPD,south,,
gen_biogas_268,Z13,PQ,,3.4430102712667905,0.0,False,0.0,inf,,0.0,1.0,,,-inf,inf,0.0,1.0,biogas,81.0,0.0,True,0,inf,0.0,,,0.0,0.5,False,0.0,0.0,0.0,0,0,1,0,,,,,1.0,0.0,-3.6713572542506414,51.50723493588718,REPD,south,,
gen_biogas_269,Z8,PQ,,1.7215051356333952,0.0,False,0.0,inf,,0.0,1.0,,,-inf,inf,0.0,1.0,biogas,81.0,0.0,True,0,inf,0.0,,,0.0,0.5,False,0.0,0.0,0.0,0,0,1,0,,,,,1.0,0.0,-0.4659044417469741,53.634654758874746,REPD,south,,
gen_biogas_270,Z12,PQ,,5.738350452111317,0.0,False,0.0,inf,,0.0,1.0,,,-inf,inf,0.0,1.0,biogas,81.0,0.0,True,0,inf,0.0,,,0.0,0.5,False,0.0,0.0,0.0,0,0,1,0,,,,,1.0,0.0,0.7269808055993434,52.25430875541515,REPD,south,,
gen_biogas_271,Z14,PQ,,5.738350452111317,0.0,False,0.0,inf,,0.0,1.0,,,-inf,inf,0.0,1.0,biogas,81.0,0.0,True,0,inf,0.0,,,0.0,0.5,False,0.0,0.0,0.0,0,0,1,0,,,,,1.0,0.0,-0.7382010939010443,51.820631856714996,REPD,south,,
gen_biogas_272,Z8,PQ,,1.1476700904222634,0.0,False,0.0,inf,,0.0,1.0,,,-inf,inf,0.0,1.0,biogas,81.0,0.0,True,0,inf,0.0,,,0.0,0.5,False,0.0,0.0,0.0,0,0,1,0,,,,,1.0,0.0,-0.9578781630488867,54.02002599545824,REPD,south,,
gen_biogas_273,Z12,PQ,,2.065806162760074,0.0,False,0.0,inf,,0.0,1.0,,,-inf,inf,0.0,1.0,biogas,81.0,0.0,True,0,inf,0.0,,,0.0,0.5,False,0.0,0.0,0.0,0,0,1,0,,,,,1.0,0.0,1.442836573427411,52.12532457691328,REPD,south,,
gen_biogas_274,Z13,PQ,,2.295340180844527,0.0,False,0.0,inf,,0.0,1.0,,,-inf,inf,0.0,1.0,biogas,81.0,0.0,True,0,inf,0.0,,,0.0,0.5,False,0.0,0.0,0.0,0,0,1,0,,,,,1.0,0.0,-3.1365443338979744,51.47716632825393,REPD,south,,
gen_biogas_275,Z13,PQ,,1.1476700904222634,0.0,False,0.0,inf,,0.0,1.0,,,-inf,inf,0.0,1.0,biogas,81.0,0.0,True,0,inf,0.0,,,0.0,0.5,False,0.0,0.0,0.0,0,0,1,0,,,,,1.0,0.0,-2.397760284778905,51.34909993164676,REPD,south,,
gen_biogas_276,Z11,PQ,,1.3772041085067162,0.0,False,0.0,inf,,0.0,1.0,,,-inf,inf,0.0,1.0,biogas,81.0,0.0,True,0,inf,0.0,,,0.0,0.5,False,0.0,0.0,0.0,0,0,1,0,,,,,1.0,0.0,-2.381350897995939,52.5427315848979,REPD,south,,
gen_biogas_277,Z6,PQ,,5.738350452111317,0.0,False,0.0,inf,,0.0,1.0,,,-inf,inf,0.0,1.0,biogas,81.0,0.0,True,0,inf,0.0,,,0.0,0.5,False,0.0,0.0,0.0,0,0,1,0,,,,,1.0,0.0,-3.330869074025286,54.75813657523962,REPD,south,,
gen_biogas_278,Z15,PQ,,2.295340180844527,0.0,False,0.0,inf,,0.0,1.0,,,-inf,inf,0.0,1.0,biogas,81.0,0.0,True,0,inf,0.0,,,0.0,0.5,False,0.0,0.0,0.0,0,0,1,0,,,,,1.0,0.0,0.5639800543036048,51.14165980703302,REPD,south,,
gen_biogas_279,Z6,PQ,,1.1476700904222634,0.0,False,0.0,inf,,0.0,1.0,,,-inf,inf,0.0,1.0,biogas,81.0,0.0,True,0,inf,0.0,,,0.0,0.5,False,0.0,0.0,0.0,0,0,1,0,,,,,1.0,0.0,-3.332546935758312,54.75102717898868,REPD,south,,
gen_biogas_280,Z13,PQ,,1.7215051356333952,0.0,False,0.0,inf,,0.0,1.0,,,-inf,inf,0.0,1.0,biogas,81.0,0.0,True,0,inf,0.0,,,0.0,0.5,False,0.0,0.0,0.0,0,0,1,0,,,,,1.0,0.0,-2.037326446587811,51.391743899657286,REPD,south,,
gen_biogas_281,Z11,PQ,,1.7215051356333952,0.0,False,0.0,inf,,0.0,1.0,,,-inf,inf,0.0,1.0,biogas,81.0,0.0,True,0,inf,0.0,,,0.0,0.5,False,0.0,0.0,0.0,0,0,1,0,,,,,1.0,0.0,-1.5579674125938623,52.64377786474243,REPD,south,,
gen_biogas_282,Z2,PQ,,2.295340180844527,0.0,False,0.0,inf,,0.0,1.0,,,-inf,inf,0.0,1.0,biogas,81.0,0.0,True,0,inf,0.0,,,0.0,0.5,False,0.0,0.0,0.0,0,0,1,0,,,,,1.0,0.0,-4.08886278057437,57.51816479675826,REPD,north,,
gen_biogas_283,Z8,PQ,,4.016845316477922,0.0,False,0.0,inf,,0.0,1.0,,,-inf,inf,0.0,1.0,biogas,81.0,0.0,True,0,inf,0.0,,,0.0,0.5,False,0.0,0.0,0.0,0,0,1,0,,,,,1.0,0.0,-0.6638677228148004,53.77819716738052,REPD,south,,
gen_biogas_284,Z13,PQ,,1.1476700904222634,0.0,False,0.0,inf,,0.0,1.0,,,-inf,inf,0.0,1.0,biogas,81.0,0.0,True,0,inf,0.0,,,0.0,0.5,False,0.0,0.0,0.0,0,0,1,0,,,,,1.0,0.0,-4.773554762118354,51.73445631121012,REPD,south,,
gen_biogas_285,Z17,PQ,,2.295340180844527,0.0,False,0.0,inf,,0.0,1.0,,,-inf,inf,0.0,1.0,biogas,81.0,0.0,True,0,inf,0.0,,,0.0,0.5,False,0.0,0.0,0.0,0,0,1,0,,,,,1.0,0.0,-3.380117651906383,50.892260807485656,REPD,south,,
gen_biogas_286,Z13,PQ,,1.2624370994644898,0.0,False,0.0,inf,,0.0,1.0,,,-inf,inf,0.0,1.0,biogas,81.0,0.0,True,0,inf,0.0,,,0.0,0.5,False,0.0,0.0,0.0,0,0,1,0,,,,,1.0,0.0,-2.698700247271252,52.386669423672444,REPD,south,,
gen_biogas_287,Z12,PQ,,2.295340180844527,0.0,False,0.0,inf,,0.0,1.0,,,-inf,inf,0.0,1.0,biogas,81.0,0.0,True,0,inf,0.0,,,0.0,0.5,False,0.0,0.0,0.0,0,0,1,0,,,,,1.0,0.0,1.4303630883332985,52.1299697900223,REPD,south,,
gen_biogas_288,Z9,PQ,,5.738350452111317,0.0,False,0.0,inf,,0.0,1.0,,,-inf,inf,0.0,1.0,biogas,81.0,0.0,True,0,inf,0.0,,,0.0,0.5,False,0.0,0.0,0.0,0,0,1,0,,,,,1.0,0.0,-2.482400841856938,53.26384422078423,REPD,south,,
gen_biogas_289,Z5,PQ,,2.295340180844527,0.0,False,0.0,inf,,0.0,1.0,,,-inf,inf,0.0,1.0,biogas,81.0,0.0,True,0,inf,0.0,,,0.0,0.5,False,0.0,0.0,0.0,0,0,1,0,,,,,1.0,0.0,-3.211548611656638,56.17823694294422,REPD,north,,
gen_biogas_290,Z3,PQ,,1.7215051356333952,0.0,False,0.0,inf,,0.0,1.0,,,-inf,inf,0.0,1.0,biogas,81.0,0.0,True,0,inf,0.0,,,0.0,0.5,False,0.0,0.0,0.0,0,0,1,0,,,,,1.0,0.0,-3.336032479968896,56.308712916219555,REPD,north,,
gen_biogas_291,Z7,PQ,,5.853117461153543,0.0,False,0.0,inf,,0.0,1.0,,,-inf,inf,0.0,1.0,biogas,81.0,0.0,True,0,inf,0.0,,,0.0,0.5,False,0.0,0.0,0.0,0,0,1,0,,,,,1.0,0.0,-1.2058425663132475,54.647760966773696,REPD,south,,
gen_biogas_292,Z16,PQ,,1.3772041085067162,0.0,False,0.0,inf,,0.0,1.0,,,-inf,inf,0.0,1.0,biogas,81.0,0.0,True,0,inf,0.0,,,0.0,0.5,False,0.0,0.0,0.0,0,0,1,0,,,,,1.0,0.0,-1.0342945140388504,51.291661082659495,REPD,south,,
gen_biogas_293,Z8,PQ,,4.590680361689054,0.0,False,0.0,inf,,0.0,1.0,,,-inf,inf,0.0,1.0,biogas,81.0,0.0,True,0,inf,0.0,,,0.0,0.5,False,0.0,0.0,0.0,0,0,1,0,,,,,1.0,0.0,-1.4912257387289414,53.78147311990661,REPD,south,,
gen_biogas_294,Z14,PQ,,1.3772041085067162,0.0,False,0.0,inf,,0.0,1.0,,,-inf,inf,0.0,1.0,biogas,81.0,0.0,True,0,inf,0.0,,,0.0,0.5,False,0.0,0.0,0.0,0,0,1,0,,,,,1.0,0.0,0.09186390716637259,51.84586171903305,REPD,south,,
gen_biogas_295,Z17,PQ,,1.1476700904222634,0.0,False,0.0,inf,,0.0,1.0,,,-inf,inf,0.0,1.0,biogas,81.0,0.0,True,0,inf,0.0,,,0.0,0.5,False,0.0,0.0,0.0,0,0,1,0,,,,,1.0,0.0,-5.339884408053759,50.14221586139114,REPD,south,,
gen_biogas_296,Z17,PQ,,2.295340180844527,0.0,False,0.0,inf,,0.0,1.0,,,-inf,inf,0.0,1.0,biogas,81.0,0.0,True,0,inf,0.0,,,0.0,0.5,False,0.0,0.0,0.0,0,0,1,0,,,,,1.0,0.0,-3.440632993222235,50.70771536463877,REPD,south,,
gen_biogas_297,Z13,PQ,,1.6067381265911687,0.0,False,0.0,inf,,0.0,1.0,,,-inf,inf,0.0,1.0,biogas,81.0,0.0,True,0,inf,0.0,,,0.0,0.5,False,0.0,0.0,0.0,0,0,1,0,,,,,1.0,0.0,-3.2693373150403153,51.66452788148778,REPD,south,,
gen_biogas_298,Z13,PQ,,1.3772041085067162,0.0,False,0.0,inf,,0.0,1.0,,,-inf,inf,0.0,1.0,biogas,81.0,0.0,True,0,inf,0.0,,,0.0,0.5,False,0.0,0.0,0.0,0,0,1,0,,,,,1.0,0.0,-1.8084577575828484,51.567894225542865,REPD,south,,
gen_biogas_299,Z14,PQ,,2.6396412079712057,0.0,False,0.0,inf,,0.0,1.0,,,-inf,inf,0.0,1.0,biogas,81.0,0.0,True,0,inf,0.0,,,0.0,0.5,False,0.0,0.0,0.0,0,0,1,0,,,,,1.0,0.0,0.017102514165146646,51.77487724078977,REPD,south,,
gen_biogas_300,Z14,PQ,,3.4430102712667905,0.0,False,0.0,inf,,0.0,1.0,,,-inf,inf,0.0,1.0,biogas,81.0,0.0,True,0,inf,0.0,,,0.0,0.5,False,0.0,0.0,0.0,0,0,1,0,,,,,1.0,0.0,-0.04142741807287386,51.6265267191682,REPD,south,,
gen_biogas_301,Z12,PQ,,1.1476700904222634,0.0,False,0.0,inf,,0.0,1.0,,,-inf,inf,0.0,1.0,biogas,81.0,0.0,True,0,inf,0.0,,,0.0,0.5,False,0.0,0.0,0.0,0,0,1,0,,,,,1.0,0.0,0.3274922212910426,51.94850138810256,REPD,south,,
gen_biogas_302,Z12,PQ,,16.526449302080593,0.0,False,0.0,inf,,0.0,1.0,,,-inf,inf,0.0,1.0,biogas,81.0,0.0,True,0,inf,0.0,,,0.0,0.5,False,0.0,0.0,0.0,0,0,1,0,,,,,1.0,0.0,0.08778377600108508,52.42837941734335,REPD,south,,
gen_biogas_303,Z16,PQ,,2.5248741989289796,0.0,False,0.0,inf,,0.0,1.0,,,-inf,inf,0.0,1.0,biogas,81.0,0.0,True,0,inf,0.0,,,0.0,0.5,False,0.0,0.0,0.0,0,0,1,0,,,,,1.0,0.0,-0.8488563905047598,50.87355198860981,REPD,south,,
gen_biogas_304,Z16,PQ,,1.1476700904222634,0.0,False,0.0,inf,,0.0,1.0,,,-inf,inf,0.0,1.0,biogas,81.0,0.0,True,0,inf,0.0,,,0.0,0.5,False,0.0,0.0,0.0,0,0,1,0,,,,,1.0,0.0,-1.28959661378611,50.72185771430701,REPD,south,,
gen_biogas_305,Z12,PQ,,4.590680361689054,0.0,False,0.0,inf,,0.0,1.0,,,-inf,inf,0.0,1.0,biogas,81.0,0.0,True,0,inf,0.0,,,0.0,0.5,False,0.0,0.0,0.0,0,0,1,0,,,,,1.0,0.0,0.20976098570784882,52.514371729215505,REPD,south,,
gen_biogas_306,Z7,PQ,,0.5738350452111317,0.0,False,0.0,inf,,0.0,1.0,,,-inf,inf,0.0,1.0,biogas,81.0,0.0,True,0,inf,0.0,,,0.0,0.5,False,0.0,0.0,0.0,0,0,1,0,,,,,1.0,0.0,-1.634397671879991,55.191734633745895,REPD,south,,
gen_biogas_307,Z2,PQ,,1.7215051356333952,0.0,False,0.0,inf,,0.0,1.0,,,-inf,inf,0.0,1.0,biogas,81.0,0.0,True,0,inf,0.0,,,0.0,0.5,False,0.0,0.0,0.0,0,0,1,0,,,,,1.0,0.0,-3.1229922886186863,57.45485473348687,REPD,north,,
gen_biogas_308,Z12,PQ,,1.1476700904222634,0.0,False,0.0,inf,,0.0,1.0,,,-inf,inf,0.0,1.0,biogas,81.0,0.0,True,0,inf,0.0,,,0.0,0.5,False,0.0,0.0,0.0,0,0,1,0,,,,,1.0,0.0,0.9951244707784396,52.52098999009051,REPD,south,,
gen_biogas_309,Z13,PQ,,1.7215051356333952,0.0,False,0.0,inf,,0.0,1.0,,,-inf,inf,0.0,1.0,biogas,81.0,0.0,True,0,inf,0.0,,,0.0,0.5,False,0.0,0.0,0.0,0,0,1,0,,,,,1.0,0.0,-2.587678664809925,51.69083150232149,REPD,south,,
gen_biogas_310,Z12,PQ,,1.1476700904222634,0.0,False,0.0,inf,,0.0,1.0,,,-inf,inf,0.0,1.0,biogas,81.0,0.0,True,0,inf,0.0,,,0.0,0.5,False,0.0,0.0,0.0,0,0,1,0,,,,,1.0,0.0,0.5073840477572056,52.43509767840696,REPD,south,,
gen_biogas_311,Z2,PQ,,4.016845316477922,0.0,False,0.0,inf,,0.0,1.0,,,-inf,inf,0.0,1.0,biogas,81.0,0.0,True,0,inf,0.0,,,0.0,0.5,False,0.0,0.0,0.0,0,0,1,0,,,,,1.0,0.0,-2.0501181820844034,57.37079381573865,REPD,north,,
gen_landfill_gas_312,Z12,PQ,,3.0987092441401116,0.0,False,0.0,inf,,0.0,1.0,,,-inf,inf,0.0,1.0,landfill_gas,54.0,0.0,True,0,inf,0.0,,,0.0,0.5,False,0.0,0.0,0.0,0,0,1,0,,,,,1.0,0.0,0.819799996559701,51.87535859816515,REPD,south,,
gen_landfill_gas_313,Z14,PQ,,2.6396412079712057,0.0,False,0.0,inf,,0.0,1.0,,,-inf,inf,0.0,1.0,landfill_gas,54.0,0.0,True,0,inf,0.0,,,0.0,0.5,False,0.0,0.0,0.0,0,0,1,0,,,,,1.0,0.0,0.24342792398727828,51.503763791463776,REPD,south,,
gen_landfill_gas_314,Z14,PQ,,4.4759133526468275,0.0,False,0.0,inf,,0.0,1.0,,,-inf,inf,0.0,1.0,landfill_gas,54.0,0.0,True,0,inf,0.0,,,0.0,0.5,False,0.0,0.0,0.0,0,0,1,0,,,,,1.0,0.0,-0.05595036610435264,51.81575546345183,REPD,south,,
gen_landfill_gas_315,Z12,PQ,,1.3772041085067162,0.0,False,0.0,inf,,0.0,1.0,,,-inf,inf,0.0,1.0,landfill_gas,54.0,0.0,True,0,inf,0.0,,,0.0,0.5,False,0.0,0.0,0.0,0,0,1,0,,,,,1.0,0.0,0.6379636602244343,52.29235735318107,REPD,south,,
gen_landfill_gas_316,Z12,PQ,,1.4919711175489425,0.0,False,0.0,inf,,0.0,1.0,,,-inf,inf,0.0,1.0,landfill_gas,54.0,0.0,True,0,inf,0.0,,,0.0,0.5,False,0.0,0.0,0.0,0,0,1,0,,,,,1.0,0.0,1.177626130201668,52.69996486844649,REPD,south,,
gen_landfill_gas_317,Z14,PQ,,2.4101071898867534,0.0,False,0.0,inf,,0.0,1.0,,,-inf,inf,0.0,1.0,landfill_gas,54.0,0.0,True,0,inf,0.0,,,0.0,0.5,False,0.0,0.0,0.0,0,0,1,0,,,,,1.0,0.0,0.2347902009428241,51.503928795928005,REPD,south,,
gen_landfill_gas_318,Z12,PQ,,2.065806162760074,0.0,False,0.0,inf,,0.0,1.0,,,-inf,inf,0.0,1.0,landfill_gas,54.0,0.0,True,0,inf,0.0,,,0.0,0.5,False,0.0,0.0,0.0,0,0,1,0,,,,,1.0,0.0,-0.4712960349043048,52.10332800203597,REPD,south,,
gen_landfill_gas_319,Z14,PQ,,2.065806162760074,0.0,False,0.0,inf,,0.0,1.0,,,-inf,inf,0.0,1.0,landfill_gas,54.0,0.0,True,0,inf,0.0,,,0.0,0.5,False,0.0,0.0,0.0,0,0,1,0,,,,,1.0,0.0,0.25879653133389313,51.69771905242961,REPD,south,,
gen_landfill_gas_320,Z14,PQ,,2.983942235097885,0.0,False,0.0,inf,,0.0,1.0,,,-inf,inf,0.0,1.0,landfill_gas,54.0,0.0,True,0,inf,0.0,,,0.0,0.5,False,0.0,0.0,0.0,0,0,1,0,,,,,1.0,0.0,-0.4912799559700619,51.94353565877257,REPD,south,,
gen_landfill_gas_321,Z14,PQ,,1.3772041085067162,0.0,False,0.0,inf,,0.0,1.0,,,-inf,inf,0.0,1.0,landfill_gas,54.0,0.0,True,0,inf,0.0,,,0.0,0.5,False,0.0,0.0,0.0,0,0,1,0,,,,,1.0,0.0,0.23335057212540117,51.50395623473542,REPD,south,,
gen_landfill_gas_322,Z14,PQ,,12.624370994644897,0.0,False,0.0,inf,,0.0,1.0,,,-inf,inf,0.0,1.0,landfill_gas,54.0,0.0,True,0,inf,0.0,,,0.0,0.5,False,0.0,0.0,0.0,0,0,1,0,,,,,1.0,0.0,-0.5868142155038286,52.05171996992287,REPD,south,,
gen_landfill_gas_323,Z14,PQ,,12.624370994644897,0.0,False,0.0,inf,,0.0,1.0,,,-inf,inf,0.0,1.0,landfill_gas,54.0,0.0,True,0,inf,0.0,,,0.0,0.5,False,0.0,0.0,0.0,0,0,1,0,,,,,1.0,0.0,-0.5867009447965715,52.0553151757425,REPD,south,,
gen_landfill_gas_324,Z14,PQ,,9.755195768589239,0.0,False,0.0,inf,,0.0,1.0,,,-inf,inf,0.0,1.0,landfill_gas,54.0,0.0,True,0,inf,0.0,,,0.0,0.5,False,0.0,0.0,0.0,0,0,1,0,,,,,1.0,0.0,0.31798656314985185,51.524796774831636,REPD,south,,
gen_landfill_gas_325,Z12,PQ,,2.295340180844527,0.0,False,0.0,inf,,0.0,1.0,,,-inf,inf,0.0,1.0,landfill_gas,54.0,0.0,True,0,inf,0.0,,,0.0,0.5,False,0.0,0.0,0.0,0,0,1,0,,,,,1.0,0.0,-0.2266070412242523,52.308505084967244,REPD,south,,
gen_landfill_gas_326,Z14,PQ,,19.510391537178478,0.0,False,0.0,inf,,0.0,1.0,,,-inf,inf,0.0,1.0,landfill_gas,54.0,0.0,True,0,inf,0.0,,,0.0,0.5,False,0.0,0.0,0.0,0,0,1,0,,,,,1.0,0.0,0.19378868411295097,51.490314196494985,REPD,south,,
gen_landfill_gas_327,Z12,PQ,,6.3121854973224485,0.0,False,0.0,inf,,0.0,1.0,,,-inf,inf,0.0,1.0,landfill_gas,54.0,0.0,True,0,inf,0.0,,,0.0,0.5,False,0.0,0.0,0.0,0,0,1,0,,,,,1.0,0.0,1.081369042219498,52.10893425585434,REPD,south,,
gen_landfill_gas_328,Z14,PQ,,5.164515406900185,0.0,False,0.0,inf,,0.0,1.0,,,-inf,inf,0.0,1.0,landfill_gas,54.0,0.0,True,0,inf,0.0,,,0.0,0.5,False,0.0,0.0,0.0,0,0,1,0,,,,,1.0,0.0,0.3116795888309718,51.514129349339406,REPD,south,,
gen_landfill_gas_329,Z14,PQ,,12.280069967518218,0.0,False,0.0,inf,,0.0,1.0,,,-inf,inf,0.0,1.0,landfill_gas,54.0,0.0,True,0,inf,0.0,,,0.0,0.5,False,0.0,0.0,0.0,0,0,1,0,,,,,1.0,0.0,-0.5202917406457681,52.07877703163569,REPD,south,,
gen_landfill_gas_330,Z12,PQ,,2.1805731718023003,0.0,False,0.0,inf,,0.0,1.0,,,-inf,inf,0.0,1.0,landfill_gas,54.0,0.0,True,0,inf,0.0,,,0.0,0.5,False,0.0,0.0,0.0,0,0,1,0,,,,,1.0,0.0,-0.2221844367413748,52.60155389073186,REPD,south,,
gen_landfill_gas_331,Z12,PQ,,1.3772041085067162,0.0,False,0.0,inf,,0.0,1.0,,,-inf,inf,0.0,1.0,landfill_gas,54.0,0.0,True,0,inf,0.0,,,0.0,0.5,False,0.0,0.0,0.0,0,0,1,0,,,,,1.0,0.0,1.263971831707961,52.049150955048475,REPD,south,,
gen_landfill_gas_332,Z11,PQ,,2.6396412079712057,0.0,False,0.0,inf,,0.0,1.0,,,-inf,inf,0.0,1.0,landfill_gas,54.0,0.0,True,0,inf,0.0,,,0.0,0.5,False,0.0,0.0,0.0,0,0,1,0,,,,,1.0,0.0,-1.211380547303807,52.422755294382426,REPD,south,,
gen_landfill_gas_333,Z11,PQ,,2.065806162760074,0.0,False,0.0,inf,,0.0,1.0,,,-inf,inf,0.0,1.0,landfill_gas,54.0,0.0,True,0,inf,0.0,,,0.0,0.5,False,0.0,0.0,0.0,0,0,1,0,,,,,1.0,0.0,-1.033120500685865,52.387087969478905,REPD,south,,
gen_landfill_gas_334,Z10,PQ,,1.3772041085067162,0.0,False,0.0,inf,,0.0,1.0,,,-inf,inf,0.0,1.0,landfill_gas,54.0,0.0,True,0,inf,0.0,,,0.0,0.5,False,0.0,0.0,0.0,0,0,1,0,,,,,1.0,0.0,-1.309854840577257,53.19989571988541,REPD,south,,
gen_landfill_gas_335,Z10,PQ,,2.983942235097885,0.0,False,0.0,inf,,0.0,1.0,,,-inf,inf,0.0,1.0,landfill_gas,54.0,0.0,True,0,inf,0.0,,,0.0,0.5,False,0.0,0.0,0.0,0,0,1,0,,,,,1.0,0.0,-0.6588423939151905,52.80868572290313,REPD,south,,
gen_landfill_gas_336,Z11,PQ,,2.8691752260556584,0.0,False,0.0,inf,,0.0,1.0,,,-inf,inf,0.0,1.0,landfill_gas,54.0,0.0,True,0,inf,0.0,,,0.0,0.5,False,0.0,0.0,0.0,0,0,1,0,,,,,1.0,0.0,-1.2427580812501269,52.67270527187152,REPD,south,,
gen_landfill_gas_337,Z10,PQ,,2.065806162760074,0.0,False,0.0,inf,,0.0,1.0,,,-inf,inf,0.0,1.0,landfill_gas,54.0,0.0,True,0,inf,0.0,,,0.0,0.5,False,0.0,0.0,0.0,0,0,1,0,,,,,1.0,0.0,-1.1288765571998702,53.04409574397455,REPD,south,,
gen_landfill_gas_338,Z11,PQ,,3.0987092441401116,0.0,False,0.0,inf,,0.0,1.0,,,-inf,inf,0.0,1.0,landfill_gas,54.0,0.0,True,0,inf,0.0,,,0.0,0.5,False,0.0,0.0,0.0,0,0,1,0,,,,,1.0,0.0,-1.4825206389336905,52.5319528637589,REPD,south,,
gen_landfill_gas_339,Z11,PQ,,2.1805731718023003,0.0,False,0.0,inf,,0.0,1.0,,,-inf,inf,0.0,1.0,landfill_gas,54.0,0.0,True,0,inf,0.0,,,0.0,0.5,False,0.0,0.0,0.0,0,0,1,0,,,,,1.0,0.0,-1.2086144124705636,52.5978655674636,REPD,south,,
gen_landfill_gas_340,Z11,PQ,,1.1476700904222634,0.0,False,0.0,inf,,0.0,1.0,,,-inf,inf,0.0,1.0,landfill_gas,54.0,0.0,True,0,inf,0.0,,,0.0,0.5,False,0.0,0.0,0.0,0,0,1,0,,,,,1.0,0.0,-1.168078857939375,52.32068689119222,REPD,south,,
gen_landfill_gas_341,Z14,PQ,,2.5248741989289796,0.0,False,0.0,inf,,0.0,1.0,,,-inf,inf,0.0,1.0,landfill_gas,54.0,0.0,True,0,inf,0.0,,,0.0,0.5,False,0.0,0.0,0.0,0,0,1,0,,,,,1.0,0.0,-0.7652795663956012,51.97909669103586,REPD,south,,
gen_landfill_gas_342,Z14,PQ,,12.85390501272935,0.0,False,0.0,inf,,0.0,1.0,,,-inf,inf,0.0,1.0,landfill_gas,54.0,0.0,True,0,inf,0.0,,,0.0,0.5,False,0.0,0.0,0.0,0,0,1,0,,,,,1.0,0.0,-0.9927249894187742,51.900339019302,REPD,south,,
gen_landfill_gas_343,Z11,PQ,,4.590680361689054,0.0,False,0.0,inf,,0.0,1.0,,,-inf,inf,0.0,1.0,landfill_gas,54.0,0.0,True,0,inf,0.0,,,0.0,0.5,False,0.0,0.0,0.0,0,0,1,0,,,,,1.0,0.0,-0.6421422170673154,52.48663715910999,REPD,south,,
gen_landfill_gas_344,Z11,PQ,,5.623583443069091,0.0,False,0.0,inf,,0.0,1.0,,,-inf,inf,0.0,1.0,landfill_gas,54.0,0.0,True,0,inf,0.0,,,0.0,0.5,False,0.0,0.0,0.0,0,0,1,0,,,,,1.0,0.0,-1.2101067278608248,52.59697653489474,REPD,south,,
gen_landfill_gas_345,Z11,PQ,,2.7544082170134323,0.0,False,0.0,inf,,0.0,1.0,,,-inf,inf,0.0,1.0,landfill_gas,54.0,0.0,True,0,inf,0.0,,,0.0,0.5,False,0.0,0.0,0.0,0,0,1,0,,,,,1.0,0.0,-1.4715574284197364,52.339515073101346,REPD,south,,
gen_landfill_gas_346,Z10,PQ,,2.295340180844527,0.0,False,0.0,inf,,0.0,1.0,,,-inf,inf,0.0,1.0,landfill_gas,54.0,0.0,True,0,inf,0.0,,,0.0,0.5,False,0.0,0.0,0.0,0,0,1,0,,,,,1.0,0.0,-1.3099125397240459,53.196300460030216,REPD,south,,
gen_landfill_gas_347,Z11,PQ,,1.3772041085067162,0.0,False,0.0,inf,,0.0,1.0,,,-inf,inf,0.0,1.0,landfill_gas,54.0,0.0,True,0,inf,0.0,,,0.0,0.5,False,0.0,0.0,0.0,0,0,1,0,,,,,1.0,0.0,-1.4810465262197927,52.5319464205296,REPD,south,,
gen_landfill_gas_348,Z9,PQ,,2.6396412079712057,0.0,False,0.0,inf,,0.0,1.0,,,-inf,inf,0.0,1.0,landfill_gas,54.0,0.0,True,0,inf,0.0,,,0.0,0.5,False,0.0,0.0,0.0,0,0,1,0,,,,,1.0,0.0,-3.0556086627212626,52.967080983403626,REPD,south,,
gen_landfill_gas_349,Z9,PQ,,2.4101071898867534,0.0,False,0.0,inf,,0.0,1.0,,,-inf,inf,0.0,1.0,landfill_gas,54.0,0.0,True,0,inf,0.0,,,0.0,0.5,False,0.0,0.0,0.0,0,0,1,0,,,,,1.0,0.0,-3.04443666346623,52.99774480492041,REPD,south,,
gen_landfill_gas_350,Z9,PQ,,1.8362721446756216,0.0,False,0.0,inf,,0.0,1.0,,,-inf,inf,0.0,1.0,landfill_gas,54.0,0.0,True,0,inf,0.0,,,0.0,0.5,False,0.0,0.0,0.0,0,0,1,0,,,,,1.0,0.0,-2.4227556512270674,53.113946946858896,REPD,south,,
gen_landfill_gas_351,Z9,PQ,,1.8362721446756216,0.0,False,0.0,inf,,0.0,1.0,,,-inf,inf,0.0,1.0,landfill_gas,54.0,0.0,True,0,inf,0.0,,,0.0,0.5,False,0.0,0.0,0.0,0,0,1,0,,,,,1.0,0.0,-2.831512229536325,53.23764002768069,REPD,south,,
gen_landfill_gas_352,Z9,PQ,,9.066593714335882,0.0,False,0.0,inf,,0.0,1.0,,,-inf,inf,0.0,1.0,landfill_gas,54.0,0.0,True,0,inf,0.0,,,0.0,0.5,False,0.0,0.0,0.0,0,0,1,0,,,,,1.0,0.0,-2.6432410352070668,53.37184046891484,REPD,south,,
gen_landfill_gas_353,Z9,PQ,,3.328243262224564,0.0,False,0.0,inf,,0.0,1.0,,,-inf,inf,0.0,1.0,landfill_gas,54.0,0.0,True,0,inf,0.0,,,0.0,0.5,False,0.0,0.0,0.0,0,0,1,0,,,,,1.0,0.0,-2.770527915760078,53.512209811503084,REPD,south,,
gen_landfill_gas_354,Z9,PQ,,9.066593714335882,0.0,False,0.0,inf,,0.0,1.0,,,-inf,inf,0.0,1.0,landfill_gas,54.0,0.0,True,0,inf,0.0,,,0.0,0.5,False,0.0,0.0,0.0,0,0,1,0,,,,,1.0,0.0,-2.6432410352070668,53.37184046891484,REPD,south,,
gen_landfill_gas_355,Z9,PQ,,3.4430102712667905,0.0,False,0.0,inf,,0.0,1.0,,,-inf,inf,0.0,1.0,landfill_gas,54.0,0.0,True,0,inf,0.0,,,0.0,0.5,False,0.0,0.0,0.0,0,0,1,0,,,,,1.0,0.0,-2.9795573252407,53.356071277702114,REPD,south,,
gen_landfill_gas_356,Z9,PQ,,2.6396412079712057,0.0,False,0.0,inf,,0.0,1.0,,,-inf,inf,0.0,1.0,landfill_gas,54.0,0.0,True,0,inf,0.0,,,0.0,0.5,False,0.0,0.0,0.0,0,0,1,0,,,,,1.0,0.0,-3.075573700240096,53.410078242305595,REPD,south,,
gen_landfill_gas_357,Z9,PQ,,3.328243262224564,0.0,False,0.0,inf,,0.0,1.0,,,-inf,inf,0.0,1.0,landfill_gas,54.0,0.0,True,0,inf,0.0,,,0.0,0.5,False,0.0,0.0,0.0,0,0,1,0,,,,,1.0,0.0,-3.6367313756622623,53.292230731919375,REPD,south,,
gen_landfill_gas_358,Z9,PQ,,1.6067381265911687,0.0,False,0.0,inf,,0.0,1.0,,,-inf,inf,0.0,1.0,landfill_gas,54.0,0.0,True,0,inf,0.0,,,0.0,0.5,False,0.0,0.0,0.0,0,0,1,0,,,,,1.0,0.0,-2.770527915760078,53.512209811503084,REPD,south,,
gen_landfill_gas_359,Z11,PQ,,5.049748397857959,0.0,False,0.0,inf,,0.0,1.0,,,-inf,inf,0.0,1.0,landfill_gas,54.0,0.0,True,0,inf,0.0,,,0.0,0.5,False,0.0,0.0,0.0,0,0,1,0,,,,,1.0,0.0,-2.1502592027486918,52.51590401847556,REPD,south,,
gen_landfill_gas_360,Z11,PQ,,3.9020783074356955,0.0,False,0.0,inf,,0.0,1.0,,,-inf,inf,0.0,1.0,landfill_gas,54.0,0.0,True,0,inf,0.0,,,0.0,0.5,False,0.0,0.0,0.0,0,0,1,0,,,,,1.0,0.0,-2.030627028745768,52.13301062419258,REPD,south,,
gen_landfill_gas_361,Z11,PQ,,2.065806162760074,0.0,False,0.0,inf,,0.0,1.0,,,-inf,inf,0.0,1.0,landfill_gas,54.0,0.0,True,0,inf,0.0,,,0.0,0.5,False,0.0,0.0,0.0,0,0,1,0,,,,,1.0,0.0,-2.0603330198063285,52.48991389540677,REPD,south,,
gen_landfill_gas_362,Z11,PQ,,3.328243262224564,0.0,False,0.0,inf,,0.0,1.0,,,-inf,inf,0.0,1.0,landfill_gas,54.0,0.0,True,0,inf,0.0,,,0.0,0.5,False,0.0,0.0,0.0,0,0,1,0,,,,,1.0,0.0,-2.4997411736201407,52.66597368168295,REPD,south,,
gen_landfill_gas_363,Z11,PQ,,9.755195768589239,0.0,False,0.0,inf,,0.0,1.0,,,-inf,inf,0.0,1.0,landfill_gas,54.0,0.0,True,0,inf,0.0,,,0.0,0.5,False,0.0,0.0,0.0,0,0,1,0,,,,,1.0,0.0,-1.6908142069976966,52.46974815852337,REPD,south,,
gen_landfill_gas_364,Z11,PQ,,2.295340180844527,0.0,False,0.0,inf,,0.0,1.0,,,-inf,inf,0.0,1.0,landfill_gas,54.0,0.0,True,0,inf,0.0,,,0.0,0.5,False,0.0,0.0,0.0,0,0,1,0,,,,,1.0,0.0,-2.0719397108550512,52.38382348011029,REPD,south,,
gen_landfill_gas_365,Z11,PQ,,1.4919711175489425,0.0,False,0.0,inf,,0.0,1.0,,,-inf,inf,0.0,1.0,landfill_gas,54.0,0.0,True,0,inf,0.0,,,0.0,0.5,False,0.0,0.0,0.0,0,0,1,0,,,,,1.0,0.0,-2.2184997932993085,52.902352233094085,REPD,south,,
gen_landfill_gas_366,Z11,PQ,,1.6067381265911687,0.0,False,0.0,inf,,0.0,1.0,,,-inf,inf,0.0,1.0,landfill_gas,54.0,0.0,True,0,inf,0.0,,,0.0,0.5,False,0.0,0.0,0.0,0,0,1,0,,,,,1.0,0.0,-2.4084285186635714,52.70497904266963,REPD,south,,
gen_landfill_gas_367,Z7,PQ,,4.3611463436046005,0.0,False,0.0,inf,,0.0,1.0,,,-inf,inf,0.0,1.0,landfill_gas,54.0,0.0,True,0,inf,0.0,,,0.0,0.5,False,0.0,0.0,0.0,0,0,1,0,,,,,1.0,0.0,-1.492280123806146,54.724238713276485,REPD,south,,
gen_landfill_gas_368,Z7,PQ,,1.1476700904222634,0.0,False,0.0,inf,,0.0,1.0,,,-inf,inf,0.0,1.0,landfill_gas,54.0,0.0,True,0,inf,0.0,,,0.0,0.5,False,0.0,0.0,0.0,0,0,1,0,,,,,1.0,0.0,-1.7058626131354315,54.60272528773774,REPD,south,,
gen_landfill_gas_369,Z7,PQ,,2.6396412079712057,0.0,False,0.0,inf,,0.0,1.0,,,-inf,inf,0.0,1.0,landfill_gas,54.0,0.0,True,0,inf,0.0,,,0.0,0.5,False,0.0,0.0,0.0,0,0,1,0,,,,,1.0,0.0,-1.6038804462030538,54.902585343967225,REPD,south,,
gen_landfill_gas_370,Z7,PQ,,2.295340180844527,0.0,False,0.0,inf,,0.0,1.0,,,-inf,inf,0.0,1.0,landfill_gas,54.0,0.0,True,0,inf,0.0,,,0.0,0.5,False,0.0,0.0,0.0,0,0,1,0,,,,,1.0,0.0,-1.5868465969236474,54.890846431443414,REPD,south,,
gen_landfill_gas_371,Z7,PQ,,4.70544737073128,0.0,False,0.0,inf,,0.0,1.0,,,-inf,inf,0.0,1.0,landfill_gas,54.0,0.0,True,0,inf,0.0,,,0.0,0.5,False,0.0,0.0,0.0,0,0,1,0,,,,,1.0,0.0,-1.5349849971856588,55.06229633047661,REPD,south,,
gen_landfill_gas_372,Z6,PQ,,2.065806162760074,0.0,False,0.0,inf,,0.0,1.0,,,-inf,inf,0.0,1.0,landfill_gas,54.0,0.0,True,0,inf,0.0,,,0.0,0.5,False,0.0,0.0,0.0,0,0,1,0,,,,,1.0,0.0,-3.510902690742292,54.6044330561675,REPD,south,,
gen_landfill_gas_373,Z6,PQ,,2.1805731718023003,0.0,False,0.0,inf,,0.0,1.0,,,-inf,inf,0.0,1.0,landfill_gas,54.0,0.0,True,0,inf,0.0,,,0.0,0.5,False,0.0,0.0,0.0,0,0,1,0,,,,,1.0,0.0,-3.508007060366394,54.60986173232089,REPD,south,,
gen_landfill_gas_374,Z9,PQ,,1.8362721446756216,0.0,False,0.0,inf,,0.0,1.0,,,-inf,inf,0.0,1.0,landfill_gas,54.0,0.0,True,0,inf,0.0,,,0.0,0.5,False,0.0,0.0,0.0,0,0,1,0,,,,,1.0,0.0,-2.145300217761528,53.240455081045276,REPD,south,,
gen_landfill_gas_375,Z9,PQ,,4.70544737073128,0.0,False,0.0,inf,,0.0,1.0,,,-inf,inf,0.0,1.0,landfill_gas,54.0,0.0,True,0,inf,0.0,,,0.0,0.5,False,0.0,0.0,0.0,0,0,1,0,,,,,1.0,0.0,-2.258252792279954,53.58362541759002,REPD,south,,
gen_landfill_gas_376,Z9,PQ,,6.771253533491355,0.0,False,0.0,inf,,0.0,1.0,,,-inf,inf,0.0,1.0,landfill_gas,54.0,0.0,True,0,inf,0.0,,,0.0,0.5,False,0.0,0.0,0.0,0,0,1,0,,,,,1.0,0.0,-2.5057398541580747,53.4372214605892,REPD,south,,
gen_landfill_gas_377,Z9,PQ,,1.1476700904222634,0.0,False,0.0,inf,,0.0,1.0,,,-inf,inf,0.0,1.0,landfill_gas,54.0,0.0,True,0,inf,0.0,,,0.0,0.5,False,0.0,0.0,0.0,0,0,1,0,,,,,1.0,0.0,-2.717648448810033,53.50624667911276,REPD,south,,
gen_landfill_gas_378,Z9,PQ,,2.065806162760074,0.0,False,0.0,inf,,0.0,1.0,,,-inf,inf,0.0,1.0,landfill_gas,54.0,0.0,True,0,inf,0.0,,,0.0,0.5,False,0.0,0.0,0.0,0,0,1,0,,,,,1.0,0.0,-2.365603463781452,53.7702983673741,REPD,south,,
gen_landfill_gas_379,Z9,PQ,,2.295340180844527,0.0,False,0.0,inf,,0.0,1.0,,,-inf,inf,0.0,1.0,landfill_gas,54.0,0.0,True,0,inf,0.0,,,0.0,0.5,False,0.0,0.0,0.0,0,0,1,0,,,,,1.0,0.0,-2.219852316399703,53.750880527315466,REPD,south,,
gen_landfill_gas_380,Z9,PQ,,3.4430102712667905,0.0,False,0.0,inf,,0.0,1.0,,,-inf,inf,0.0,1.0,landfill_gas,54.0,0.0,True,0,inf,0.0,,,0.0,0.5,False,0.0,0.0,0.0,0,0,1,0,,,,,1.0,0.0,-2.484216925749445,53.397761123453364,REPD,south,,
gen_landfill_gas_381,Z15,PQ,,2.1805731718023003,0.0,False,0.0,inf,,0.0,1.0,,,-inf,inf,0.0,1.0,landfill_gas,54.0,0.0,True,0,inf,0.0,,,0.0,0.5,False,0.0,0.0,0.0,0,0,1,0,,,,,1.0,0.0,1.0998991828626659,51.29806003330416,REPD,south,,
gen_landfill_gas_382,Z16,PQ,,8.607525678166976,0.0,False,0.0,inf,,0.0,1.0,,,-inf,inf,0.0,1.0,landfill_gas,54.0,0.0,True,0,inf,0.0,,,0.0,0.5,False,0.0,0.0,0.0,0,0,1,0,,,,,1.0,0.0,0.051327550570413216,50.848973887093265,REPD,south,,
gen_landfill_gas_383,Z15,PQ,,5.164515406900185,0.0,False,0.0,inf,,0.0,1.0,,,-inf,inf,0.0,1.0,landfill_gas,54.0,0.0,True,0,inf,0.0,,,0.0,0.5,False,0.0,0.0,0.0,0,0,1,0,,,,,1.0,0.0,0.29719881127346076,51.28328568623046,REPD,south,,
gen_landfill_gas_384,Z15,PQ,,1.3772041085067162,0.0,False,0.0,inf,,0.0,1.0,,,-inf,inf,0.0,1.0,landfill_gas,54.0,0.0,True,0,inf,0.0,,,0.0,0.5,False,0.0,0.0,0.0,0,0,1,0,,,,,1.0,0.0,0.3593088859210147,51.291943331292096,REPD,south,,
gen_landfill_gas_385,Z15,PQ,,9.181360723378107,0.0,False,0.0,inf,,0.0,1.0,,,-inf,inf,0.0,1.0,landfill_gas,54.0,0.0,True,0,inf,0.0,,,0.0,0.5,False,0.0,0.0,0.0,0,0,1,0,,,,,1.0,0.0,1.0999213831993102,51.29945361956389,REPD,south,,
gen_landfill_gas_386,Z16,PQ,,5.853117461153543,0.0,False,0.0,inf,,0.0,1.0,,,-inf,inf,0.0,1.0,landfill_gas,54.0,0.0,True,0,inf,0.0,,,0.0,0.5,False,0.0,0.0,0.0,0,0,1,0,,,,,1.0,0.0,-0.3259985073789517,51.102307752851,REPD,south,,
gen_landfill_gas_387,Z16,PQ,,2.295340180844527,0.0,False,0.0,inf,,0.0,1.0,,,-inf,inf,0.0,1.0,landfill_gas,54.0,0.0,True,0,inf,0.0,,,0.0,0.5,False,0.0,0.0,0.0,0,0,1,0,,,,,1.0,0.0,-0.2878099927536758,50.89850916092182,REPD,south,,
gen_landfill_gas_388,Z16,PQ,,6.886020542533581,0.0,False,0.0,inf,,0.0,1.0,,,-inf,inf,0.0,1.0,landfill_gas,54.0,0.0,True,0,inf,0.0,,,0.0,0.5,False,0.0,0.0,0.0,0,0,1,0,,,,,1.0,0.0,-1.9588183382502544,50.76806978705176,REPD,south,,
gen_landfill_gas_389,Z11,PQ,,2.065806162760074,0.0,False,0.0,inf,,0.0,1.0,,,-inf,inf,0.0,1.0,landfill_gas,54.0,0.0,True,0,inf,0.0,,,0.0,0.5,False,0.0,0.0,0.0,0,0,1,0,,,,,1.0,0.0,-1.2085320535789423,51.943348073671565,REPD,south,,
gen_landfill_gas_390,Z13,PQ,,2.295340180844527,0.0,False,0.0,inf,,0.0,1.0,,,-inf,inf,0.0,1.0,landfill_gas,54.0,0.0,True,0,inf,0.0,,,0.0,0.5,False,0.0,0.0,0.0,0,0,1,0,,,,,1.0,0.0,-1.9726090516228874,51.43799144177689,REPD,south,,
gen_landfill_gas_391,Z16,PQ,,6.426952506364675,0.0,False,0.0,inf,,0.0,1.0,,,-inf,inf,0.0,1.0,landfill_gas,54.0,0.0,True,0,inf,0.0,,,0.0,0.5,False,0.0,0.0,0.0,0,0,1,0,,,,,1.0,0.0,-1.267424248683008,51.631728684526614,REPD,south,,
gen_landfill_gas_392,Z13,PQ,,3.4430102712667905,0.0,False,0.0,inf,,0.0,1.0,,,-inf,inf,0.0,1.0,landfill_gas,54.0,0.0,True,0,inf,0.0,,,0.0,0.5,False,0.0,0.0,0.0,0,0,1,0,,,,,1.0,0.0,-1.8092947514766018,51.61587389951845,REPD,south,,
gen_landfill_gas_393,Z17,PQ,,2.6396412079712057,0.0,False,0.0,inf,,0.0,1.0,,,-inf,inf,0.0,1.0,landfill_gas,54.0,0.0,True,0,inf,0.0,,,0.0,0.5,False,0.0,0.0,0.0,0,0,1,0,,,,,1.0,0.0,-2.5537907772124364,51.0761049894744,REPD,south,,
gen_landfill_gas_394,Z17,PQ,,2.1805731718023003,0.0,False,0.0,inf,,0.0,1.0,,,-inf,inf,0.0,1.0,landfill_gas,54.0,0.0,True,0,inf,0.0,,,0.0,0.5,False,0.0,0.0,0.0,0,0,1,0,,,,,1.0,0.0,-2.5537800564505257,51.07520582207456,REPD,south,,
gen_landfill_gas_395,Z16,PQ,,2.7544082170134323,0.0,False,0.0,inf,,0.0,1.0,,,-inf,inf,0.0,1.0,landfill_gas,54.0,0.0,True,0,inf,0.0,,,0.0,0.5,False,0.0,0.0,0.0,0,0,1,0,,,,,1.0,0.0,-0.8278413906717978,51.195642718713785,REPD,south,,
gen_landfill_gas_396,Z16,PQ,,6.886020542533581,0.0,False,0.0,inf,,0.0,1.0,,,-inf,inf,0.0,1.0,landfill_gas,54.0,0.0,True,0,inf,0.0,,,0.0,0.5,False,0.0,0.0,0.0,0,0,1,0,,,,,1.0,0.0,-1.254392429236497,51.63344506687818,REPD,south,,
gen_landfill_gas_397,Z16,PQ,,1.6067381265911687,0.0,False,0.0,inf,,0.0,1.0,,,-inf,inf,0.0,1.0,landfill_gas,54.0,0.0,True,0,inf,0.0,,,0.0,0.5,False,0.0,0.0,0.0,0,0,1,0,,,,,1.0,0.0,-0.6810286200306324,50.82267411963944,REPD,south,,
gen_landfill_gas_398,Z14,PQ,,3.0987092441401116,0.0,False,0.0,inf,,0.0,1.0,,,-inf,inf,0.0,1.0,landfill_gas,54.0,0.0,True,0,inf,0.0,,,0.0,0.5,False,0.0,0.0,0.0,0,0,1,0,,,,,1.0,0.0,-0.5274352841075393,51.41526198315294,REPD,south,,
gen_landfill_gas_399,Z13,PQ,,1.2624370994644898,0.0,False,0.0,inf,,0.0,1.0,,,-inf,inf,0.0,1.0,landfill_gas,54.0,0.0,True,0,inf,0.0,,,0.0,0.5,False,0.0,0.0,0.0,0,0,1,0,,,,,1.0,0.0,-2.1705306502479096,51.272420947638835,REPD,south,,
gen_landfill_gas_400,Z16,PQ,,2.7544082170134323,0.0,False,0.0,inf,,0.0,1.0,,,-inf,inf,0.0,1.0,landfill_gas,54.0,0.0,True,0,inf,0.0,,,0.0,0.5,False,0.0,0.0,0.0,0,0,1,0,,,,,1.0,0.0,-1.092488520080911,50.83649062830037,REPD,south,,
gen_landfill_gas_401,Z14,PQ,,1.1476700904222634,0.0,False,0.0,inf,,0.0,1.0,,,-inf,inf,0.0,1.0,landfill_gas,54.0,0.0,True,0,inf,0.0,,,0.0,0.5,False,0.0,0.0,0.0,0,0,1,0,,,,,1.0,0.0,-0.5953967371939477,51.590545215714094,REPD,south,,
gen_landfill_gas_402,Z13,PQ,,3.0987092441401116,0.0,False,0.0,inf,,0.0,1.0,,,-inf,inf,0.0,1.0,landfill_gas,54.0,0.0,True,0,inf,0.0,,,0.0,0.5,False,0.0,0.0,0.0,0,0,1,0,,,,,1.0,0.0,-3.182151333000954,51.75574038043463,REPD,south,,
gen_landfill_gas_403,Z13,PQ,,2.295340180844527,0.0,False,0.0,inf,,0.0,1.0,,,-inf,inf,0.0,1.0,landfill_gas,54.0,0.0,True,0,inf,0.0,,,0.0,0.5,False,0.0,0.0,0.0,0,0,1,0,,,,,1.0,0.0,-3.8310036851054203,51.64221244157138,REPD,south,,
gen_landfill_gas_404,Z13,PQ,,2.7544082170134323,0.0,False,0.0,inf,,0.0,1.0,,,-inf,inf,0.0,1.0,landfill_gas,54.0,0.0,True,0,inf,0.0,,,0.0,0.5,False,0.0,0.0,0.0,0,0,1,0,,,,,1.0,0.0,-4.952230191576012,51.857707412241425,REPD,south,,
gen_landfill_gas_405,Z13,PQ,,1.3772041085067162,0.0,False,0.0,inf,,0.0,1.0,,,-inf,inf,0.0,1.0,landfill_gas,54.0,0.0,True,0,inf,0.0,,,0.0,0.5,False,0.0,0.0,0.0,0,0,1,0,,,,,1.0,0.0,-3.65659899046211,51.496428384615875,REPD,south,,
gen_landfill_gas_406,Z13,PQ,,2.5248741989289796,0.0,False,0.0,inf,,0.0,1.0,,,-inf,inf,0.0,1.0,landfill_gas,54.0,0.0,True,0,inf,0.0,,,0.0,0.5,False,0.0,0.0,0.0,0,0,1,0,,,,,1.0,0.0,-3.8324843469313534,51.64308856384839,REPD,south,,
gen_landfill_gas_407,Z13,PQ,,4.590680361689054,0.0,False,0.0,inf,,0.0,1.0,,,-inf,inf,0.0,1.0,landfill_gas,54.0,0.0,True,0,inf,0.0,,,0.0,0.5,False,0.0,0.0,0.0,0,0,1,0,,,,,1.0,0.0,-3.122172887655894,51.498264941190286,REPD,south,,
gen_landfill_gas_408,Z13,PQ,,1.6067381265911687,0.0,False,0.0,inf,,0.0,1.0,,,-inf,inf,0.0,1.0,landfill_gas,54.0,0.0,True,0,inf,0.0,,,0.0,0.5,False,0.0,0.0,0.0,0,0,1,0,,,,,1.0,0.0,-4.219208399441224,51.83695422459512,REPD,south,,
gen_landfill_gas_409,Z17,PQ,,2.295340180844527,0.0,False,0.0,inf,,0.0,1.0,,,-inf,inf,0.0,1.0,landfill_gas,54.0,0.0,True,0,inf,0.0,,,0.0,0.5,False,0.0,0.0,0.0,0,0,1,0,,,,,1.0,0.0,-4.099380360573876,50.972221422144464,REPD,south,,
gen_landfill_gas_410,Z17,PQ,,2.065806162760074,0.0,False,0.0,inf,,0.0,1.0,,,-inf,inf,0.0,1.0,landfill_gas,54.0,0.0,True,0,inf,0.0,,,0.0,0.5,False,0.0,0.0,0.0,0,0,1,0,,,,,1.0,0.0,-4.116176641187832,50.37088848726229,REPD,south,,
gen_landfill_gas_411,Z17,PQ,,3.4430102712667905,0.0,False,0.0,inf,,0.0,1.0,,,-inf,inf,0.0,1.0,landfill_gas,54.0,0.0,True,0,inf,0.0,,,0.0,0.5,False,0.0,0.0,0.0,0,0,1,0,,,,,1.0,0.0,-5.177819014035629,50.23898597072193,REPD,south,,
gen_landfill_gas_412,Z17,PQ,,2.7544082170134323,0.0,False,0.0,inf,,0.0,1.0,,,-inf,inf,0.0,1.0,landfill_gas,54.0,0.0,True,0,inf,0.0,,,0.0,0.5,False,0.0,0.0,0.0,0,0,1,0,,,,,1.0,0.0,-3.209544860761726,50.987526515606525,REPD,south,,
gen_landfill_gas_413,Z17,PQ,,1.8362721446756216,0.0,False,0.0,inf,,0.0,1.0,,,-inf,inf,0.0,1.0,landfill_gas,54.0,0.0,True,0,inf,0.0,,,0.0,0.5,False,0.0,0.0,0.0,0,0,1,0,,,,,1.0,0.0,-2.982887621459213,51.18389001799587,REPD,south,,
gen_landfill_gas_414,Z8,PQ,,1.3772041085067162,0.0,False,0.0,inf,,0.0,1.0,,,-inf,inf,0.0,1.0,landfill_gas,54.0,0.0,True,0,inf,0.0,,,0.0,0.5,False,0.0,0.0,0.0,0,0,1,0,,,,,1.0,0.0,-1.0105266464698395,53.58611158431155,REPD,south,,
gen_landfill_gas_415,Z8,PQ,,1.3772041085067162,0.0,False,0.0,inf,,0.0,1.0,,,-inf,inf,0.0,1.0,landfill_gas,54.0,0.0,True,0,inf,0.0,,,0.0,0.5,False,0.0,0.0,0.0,0,0,1,0,,,,,1.0,0.0,-1.4795360510500333,53.403903918720246,REPD,south,,
gen_landfill_gas_416,Z10,PQ,,1.1476700904222634,0.0,False,0.0,inf,,0.0,1.0,,,-inf,inf,0.0,1.0,landfill_gas,54.0,0.0,True,0,inf,0.0,,,0.0,0.5,False,0.0,0.0,0.0,0,0,1,0,,,,,1.0,0.0,-0.18602464255618534,53.61331163671118,REPD,south,,
gen_landfill_gas_417,Z10,PQ,,2.295340180844527,0.0,False,0.0,inf,,0.0,1.0,,,-inf,inf,0.0,1.0,landfill_gas,54.0,0.0,True,0,inf,0.0,,,0.0,0.5,False,0.0,0.0,0.0,0,0,1,0,,,,,1.0,0.0,-0.18602464255618534,53.61331163671118,REPD,south,,
gen_landfill_gas_418,Z8,PQ,,2.4101071898867534,0.0,False,0.0,inf,,0.0,1.0,,,-inf,inf,0.0,1.0,landfill_gas,54.0,0.0,True,0,inf,0.0,,,0.0,0.5,False,0.0,0.0,0.0,0,0,1,0,,,,,1.0,0.0,-1.2308347483626474,53.59941299740325,REPD,south,,
gen_landfill_gas_419,Z8,PQ,,1.1476700904222634,0.0,False,0.0,inf,,0.0,1.0,,,-inf,inf,0.0,1.0,landfill_gas,54.0,0.0,True,0,inf,0.0,,,0.0,0.5,False,0.0,0.0,0.0,0,0,1,0,,,,,1.0,0.0,-1.5999265801811884,53.718059572288645,REPD,south,,
gen_landfill_gas_420,Z8,PQ,,9.755195768589239,0.0,False,0.0,inf,,0.0,1.0,,,-inf,inf,0.0,1.0,landfill_gas,54.0,0.0,True,0,inf,0.0,,,0.0,0.5,False,0.0,0.0,0.0,0,0,1,0,,,,,1.0,0.0,-0.625014696677888,53.6416310507066,REPD,south,,
gen_landfill_gas_421,Z8,PQ,,4.3611463436046005,0.0,False,0.0,inf,,0.0,1.0,,,-inf,inf,0.0,1.0,landfill_gas,54.0,0.0,True,0,inf,0.0,,,0.0,0.5,False,0.0,0.0,0.0,0,0,1,0,,,,,1.0,0.0,-0.6180558362100501,53.66941612272144,REPD,south,,
gen_landfill_gas_422,Z15,PQ,,16.06738126591169,0.0,False,0.0,inf,,0.0,1.0,,,-inf,inf,0.0,1.0,landfill_gas,54.0,0.0,True,0,inf,0.0,,,0.0,0.5,False,0.0,0.0,0.0,0,0,1,0,,,,,1.0,0.0,0.5089633354240493,51.53705602304724,REPD,south,,
gen_landfill_gas_423,Z9,PQ,,2.1805731718023003,0.0,False,0.0,inf,,0.0,1.0,,,-inf,inf,0.0,1.0,landfill_gas,54.0,0.0,True,0,inf,0.0,,,0.0,0.5,False,0.0,0.0,0.0,0,0,1,0,,,,,1.0,0.0,-2.2196369627617694,53.799451906583705,REPD,south,,
gen_landfill_gas_424,Z11,PQ,,1.1476700904222634,0.0,False,0.0,inf,,0.0,1.0,,,-inf,inf,0.0,1.0,landfill_gas,54.0,0.0,True,0,inf,0.0,,,0.0,0.5,False,0.0,0.0,0.0,0,0,1,0,,,,,1.0,0.0,-1.936253588075271,52.623421000626834,REPD,south,,
gen_landfill_gas_425,Z2,PQ,,2.5248741989289796,0.0,False,0.0,inf,,0.0,1.0,,,-inf,inf,0.0,1.0,landfill_gas,54.0,0.0,True,0,inf,0.0,,,0.0,0.5,False,0.0,0.0,0.0,0,0,1,0,,,,,1.0,0.0,-2.0604305560535097,57.22051573123795,REPD,north,,
gen_landfill_gas_426,Z8,PQ,,1.6067381265911687,0.0,False,0.0,inf,,0.0,1.0,,,-inf,inf,0.0,1.0,landfill_gas,54.0,0.0,True,0,inf,0.0,,,0.0,0.5,False,0.0,0.0,0.0,0,0,1,0,,,,,1.0,0.0,-1.0105266464698395,53.58611158431155,REPD,south,,
gen_landfill_gas_427,Z14,PQ,,2.983942235097885,0.0,False,0.0,inf,,0.0,1.0,,,-inf,inf,0.0,1.0,landfill_gas,54.0,0.0,True,0,inf,0.0,,,0.0,0.5,False,0.0,0.0,0.0,0,0,1,0,,,,,1.0,0.0,-0.0573392560579034,51.82225289726146,REPD,south,,
gen_landfill_gas_428,Z17,PQ,,2.295340180844527,0.0,False,0.0,inf,,0.0,1.0,,,-inf,inf,0.0,1.0,landfill_gas,54.0,0.0,True,0,inf,0.0,,,0.0,0.5,False,0.0,0.0,0.0,0,0,1,0,,,,,1.0,0.0,-5.160679483932933,50.23751961062148,REPD,south,,
gen_landfill_gas_429,Z17,PQ,,1.1476700904222634,0.0,False,0.0,inf,,0.0,1.0,,,-inf,inf,0.0,1.0,landfill_gas,54.0,0.0,True,0,inf,0.0,,,0.0,0.5,False,0.0,0.0,0.0,0,0,1,0,,,,,1.0,0.0,-4.54872124035085,50.43529440025481,REPD,south,,
gen_landfill_gas_430,Z9,PQ,,2.1805731718023003,0.0,False,0.0,inf,,0.0,1.0,,,-inf,inf,0.0,1.0,landfill_gas,54.0,0.0,True,0,inf,0.0,,,0.0,0.5,False,0.0,0.0,0.0,0,0,1,0,,,,,1.0,0.0,-2.221513731185377,53.79548475812517,REPD,south,,
gen_landfill_gas_431,Z9,PQ,,2.6396412079712057,0.0,False,0.0,inf,,0.0,1.0,,,-inf,inf,0.0,1.0,landfill_gas,54.0,0.0,True,0,inf,0.0,,,0.0,0.5,False,0.0,0.0,0.0,0,0,1,0,,,,,1.0,0.0,-2.5485631792482346,53.71126835914316,REPD,south,,
gen_landfill_gas_432,Z9,PQ,,2.295340180844527,0.0,False,0.0,inf,,0.0,1.0,,,-inf,inf,0.0,1.0,landfill_gas,54.0,0.0,True,0,inf,0.0,,,0.0,0.5,False,0.0,0.0,0.0,0,0,1,0,,,,,1.0,0.0,-2.8340151437764822,54.05556804244641,REPD,south,,
gen_landfill_gas_433,Z9,PQ,,1.8362721446756216,0.0,False,0.0,inf,,0.0,1.0,,,-inf,inf,0.0,1.0,landfill_gas,54.0,0.0,True,0,inf,0.0,,,0.0,0.5,False,0.0,0.0,0.0,0,0,1,0,,,,,1.0,0.0,-2.294693293197196,53.684253829473434,REPD,south,,
gen_landfill_gas_434,Z12,PQ,,1.6067381265911687,0.0,False,0.0,inf,,0.0,1.0,,,-inf,inf,0.0,1.0,landfill_gas,54.0,0.0,True,0,inf,0.0,,,0.0,0.5,False,0.0,0.0,0.0,0,0,1,0,,,,,1.0,0.0,-0.22142835768111896,52.60199208814903,REPD,south,,
gen_landfill_gas_435,Z5,PQ,,4.590680361689054,0.0,False,0.0,inf,,0.0,1.0,,,-inf,inf,0.0,1.0,landfill_gas,54.0,0.0,True,0,inf,0.0,,,0.0,0.5,False,0.0,0.0,0.0,0,0,1,0,,,,,1.0,0.0,-3.9450030287525557,55.90501818917732,REPD,north,,
gen_landfill_gas_436,Z14,PQ,,1.6067381265911687,0.0,False,0.0,inf,,0.0,1.0,,,-inf,inf,0.0,1.0,landfill_gas,54.0,0.0,True,0,inf,0.0,,,0.0,0.5,False,0.0,0.0,0.0,0,0,1,0,,,,,1.0,0.0,-0.5574859745071873,51.582414953002136,REPD,south,,
gen_landfill_gas_437,Z9,PQ,,2.295340180844527,0.0,False,0.0,inf,,0.0,1.0,,,-inf,inf,0.0,1.0,landfill_gas,54.0,0.0,True,0,inf,0.0,,,0.0,0.5,False,0.0,0.0,0.0,0,0,1,0,,,,,1.0,0.0,-2.145300217761528,53.240455081045276,REPD,south,,
gen_landfill_gas_438,Z13,PQ,,4.016845316477922,0.0,False,0.0,inf,,0.0,1.0,,,-inf,inf,0.0,1.0,landfill_gas,54.0,0.0,True,0,inf,0.0,,,0.0,0.5,False,0.0,0.0,0.0,0,0,1,0,,,,,1.0,0.0,-1.9783633944733985,51.43889182389578,REPD,south,,
gen_landfill_gas_439,Z16,PQ,,1.1476700904222634,0.0,False,0.0,inf,,0.0,1.0,,,-inf,inf,0.0,1.0,landfill_gas,54.0,0.0,True,0,inf,0.0,,,0.0,0.5,False,0.0,0.0,0.0,0,0,1,0,,,,,1.0,0.0,-1.5240446585945993,50.99192179100635,REPD,south,,
gen_landfill_gas_440,Z11,PQ,,2.295340180844527,0.0,False,0.0,inf,,0.0,1.0,,,-inf,inf,0.0,1.0,landfill_gas,54.0,0.0,True,0,inf,0.0,,,0.0,0.5,False,0.0,0.0,0.0,0,0,1,0,,,,,1.0,0.0,-0.8881234874584404,52.1925117857288,REPD,south,,
gen_landfill_gas_441,Z9,PQ,,1.1476700904222634,0.0,False,0.0,inf,,0.0,1.0,,,-inf,inf,0.0,1.0,landfill_gas,54.0,0.0,True,0,inf,0.0,,,0.0,0.5,False,0.0,0.0,0.0,0,0,1,0,,,,,1.0,0.0,-2.314550964591409,53.520761698567526,REPD,south,,
gen_landfill_gas_442,Z7,PQ,,1.1476700904222634,0.0,False,0.0,inf,,0.0,1.0,,,-inf,inf,0.0,1.0,landfill_gas,54.0,0.0,True,0,inf,0.0,,,0.0,0.5,False,0.0,0.0,0.0,0,0,1,0,,,,,1.0,0.0,-1.7319830133817342,54.851811682408126,REPD,south,,
gen_landfill_gas_443,Z7,PQ,,1.1476700904222634,0.0,False,0.0,inf,,0.0,1.0,,,-inf,inf,0.0,1.0,landfill_gas,54.0,0.0,True,0,inf,0.0,,,0.0,0.5,False,0.0,0.0,0.0,0,0,1,0,,,,,1.0,0.0,-1.5114047809261033,54.812385291506615,REPD,south,,
gen_landfill_gas_444,Z15,PQ,,1.1476700904222634,0.0,False,0.0,inf,,0.0,1.0,,,-inf,inf,0.0,1.0,landfill_gas,54.0,0.0,True,0,inf,0.0,,,0.0,0.5,False,0.0,0.0,0.0,0,0,1,0,,,,,1.0,0.0,0.755370783800878,51.177221754424565,REPD,south,,
gen_landfill_gas_445,Z9,PQ,,1.1476700904222634,0.0,False,0.0,inf,,0.0,1.0,,,-inf,inf,0.0,1.0,landfill_gas,54.0,0.0,True,0,inf,0.0,,,0.0,0.5,False,0.0,0.0,0.0,0,0,1,0,,,,,1.0,0.0,-2.294693293197196,53.684253829473434,REPD,south,,
gen_landfill_gas_446,Z8,PQ,,2.295340180844527,0.0,False,0.0,inf,,0.0,1.0,,,-inf,inf,0.0,1.0,landfill_gas,54.0,0.0,True,0,inf,0.0,,,0.0,0.5,False,0.0,0.0,0.0,0,0,1,0,,,,,1.0,0.0,-1.9810040744445516,53.970483552393524,REPD,south,,
gen_landfill_gas_447,Z12,PQ,,1.2624370994644898,0.0,False,0.0,inf,,0.0,1.0,,,-inf,inf,0.0,1.0,landfill_gas,54.0,0.0,True,0,inf,0.0,,,0.0,0.5,False,0.0,0.0,0.0,0,0,1,0,,,,,1.0,0.0,0.2168259354383053,51.93412769651218,REPD,south,,
gen_landfill_gas_448,Z11,PQ,,1.8362721446756216,0.0,False,0.0,inf,,0.0,1.0,,,-inf,inf,0.0,1.0,landfill_gas,54.0,0.0,True,0,inf,0.0,,,0.0,0.5,False,0.0,0.0,0.0,0,0,1,0,,,,,1.0,0.0,-2.215287366331363,52.33437435102625,REPD,south,,
gen_landfill_gas_449,Z16,PQ,,1.2624370994644898,0.0,False,0.0,inf,,0.0,1.0,,,-inf,inf,0.0,1.0,landfill_gas,54.0,0.0,True,0,inf,0.0,,,0.0,0.5,False,0.0,0.0,0.0,0,0,1,0,,,,,1.0,0.0,-1.6948444386397108,51.01946944496038,REPD,south,,
gen_landfill_gas_450,Z16,PQ,,2.295340180844527,0.0,False,0.0,inf,,0.0,1.0,,,-inf,inf,0.0,1.0,landfill_gas,54.0,0.0,True,0,inf,0.0,,,0.0,0.5,False,0.0,0.0,0.0,0,0,1,0,,,,,1.0,0.0,-0.35217545052857,51.0891903360468,REPD,south,,
gen_landfill_gas_451,Z9,PQ,,4.246379334562375,0.0,False,0.0,inf,,0.0,1.0,,,-inf,inf,0.0,1.0,landfill_gas,54.0,0.0,True,0,inf,0.0,,,0.0,0.5,False,0.0,0.0,0.0,0,0,1,0,,,,,1.0,0.0,-2.9805889799299403,53.34799953538872,REPD,south,,
gen_landfill_gas_452,Z9,PQ,,2.295340180844527,0.0,False,0.0,inf,,0.0,1.0,,,-inf,inf,0.0,1.0,landfill_gas,54.0,0.0,True,0,inf,0.0,,,0.0,0.5,False,0.0,0.0,0.0,0,0,1,0,,,,,1.0,0.0,-2.4227556512270674,53.113946946858896,REPD,south,,
gen_landfill_gas_453,Z9,PQ,,6.886020542533581,0.0,False,0.0,inf,,0.0,1.0,,,-inf,inf,0.0,1.0,landfill_gas,54.0,0.0,True,0,inf,0.0,,,0.0,0.5,False,0.0,0.0,0.0,0,0,1,0,,,,,1.0,0.0,-2.831512229536325,53.23764002768069,REPD,south,,
gen_landfill_gas_454,Z7,PQ,,2.295340180844527,0.0,False,0.0,inf,,0.0,1.0,,,-inf,inf,0.0,1.0,landfill_gas,54.0,0.0,True,0,inf,0.0,,,0.0,0.5,False,0.0,0.0,0.0,0,0,1,0,,,,,1.0,0.0,-1.588405542154035,54.890851716918995,REPD,south,,
gen_landfill_gas_455,Z10,PQ,,3.4430102712667905,0.0,False,0.0,inf,,0.0,1.0,,,-inf,inf,0.0,1.0,landfill_gas,54.0,0.0,True,0,inf,0.0,,,0.0,0.5,False,0.0,0.0,0.0,0,0,1,0,,,,,1.0,0.0,-1.2818824977724617,53.12596625085713,REPD,south,,
gen_landfill_gas_456,Z7,PQ,,1.1476700904222634,0.0,False,0.0,inf,,0.0,1.0,,,-inf,inf,0.0,1.0,landfill_gas,54.0,0.0,True,0,inf,0.0,,,0.0,0.5,False,0.0,0.0,0.0,0,0,1,0,,,,,1.0,0.0,-1.585287652206673,54.89084112596587,REPD,south,,
gen_landfill_gas_457,Z14,PQ,,1.2624370994644898,0.0,False,0.0,inf,,0.0,1.0,,,-inf,inf,0.0,1.0,landfill_gas,54.0,0.0,True,0,inf,0.0,,,0.0,0.5,False,0.0,0.0,0.0,0,0,1,0,,,,,1.0,0.0,-0.27662885306716206,52.0017330132999,REPD,south,,
gen_landfill_gas_458,Z13,PQ,,3.0987092441401116,0.0,False,0.0,inf,,0.0,1.0,,,-inf,inf,0.0,1.0,landfill_gas,54.0,0.0,True,0,inf,0.0,,,0.0,0.5,False,0.0,0.0,0.0,0,0,1,0,,,,,1.0,0.0,-3.483204066818714,51.65791122824743,REPD,south,,
gen_landfill_gas_459,Z16,PQ,,4.016845316477922,0.0,False,0.0,inf,,0.0,1.0,,,-inf,inf,0.0,1.0,landfill_gas,54.0,0.0,True,0,inf,0.0,,,0.0,0.5,False,0.0,0.0,0.0,0,0,1,0,,,,,1.0,0.0,-0.9525990728394059,50.86777454208563,REPD,south,,
gen_landfill_gas_460,Z17,PQ,,2.295340180844527,0.0,False,0.0,inf,,0.0,1.0,,,-inf,inf,0.0,1.0,landfill_gas,54.0,0.0,True,0,inf,0.0,,,0.0,0.5,False,0.0,0.0,0.0,0,0,1,0,,,,,1.0,0.0,-3.558952364031541,50.69919582681584,REPD,south,,
gen_landfill_gas_461,Z14,PQ,,1.1476700904222634,0.0,False,0.0,inf,,0.0,1.0,,,-inf,inf,0.0,1.0,landfill_gas,54.0,0.0,True,0,inf,0.0,,,0.0,0.5,False,0.0,0.0,0.0,0,0,1,0,,,,,1.0,0.0,0.25954178818791235,51.698154370605934,REPD,south,,
gen_landfill_gas_462,Z7,PQ,,1.2624370994644898,0.0,False,0.0,inf,,0.0,1.0,,,-inf,inf,0.0,1.0,landfill_gas,54.0,0.0,True,0,inf,0.0,,,0.0,0.5,False,0.0,0.0,0.0,0,0,1,0,,,,,1.0,0.0,-1.7058626131354315,54.60272528773774,REPD,south,,
gen_landfill_gas_463,Z5,PQ,,3.4430102712667905,0.0,False,0.0,inf,,0.0,1.0,,,-inf,inf,0.0,1.0,landfill_gas,54.0,0.0,True,0,inf,0.0,,,0.0,0.5,False,0.0,0.0,0.0,0,0,1,0,,,,,1.0,0.0,-4.304041702384108,55.42966418053997,REPD,south,,
gen_landfill_gas_464,Z12,PQ,,2.295340180844527,0.0,False,0.0,inf,,0.0,1.0,,,-inf,inf,0.0,1.0,landfill_gas,54.0,0.0,True,0,inf,0.0,,,0.0,0.5,False,0.0,0.0,0.0,0,0,1,0,,,,,1.0,0.0,0.15608100141650033,52.24058868945661,REPD,south,,
gen_landfill_gas_465,Z9,PQ,,2.4101071898867534,0.0,False,0.0,inf,,0.0,1.0,,,-inf,inf,0.0,1.0,landfill_gas,54.0,0.0,True,0,inf,0.0,,,0.0,0.5,False,0.0,0.0,0.0,0,0,1,0,,,,,1.0,0.0,-2.5057185450513018,53.43542386939053,REPD,south,,
gen_landfill_gas_466,Z7,PQ,,1.1476700904222634,0.0,False,0.0,inf,,0.0,1.0,,,-inf,inf,0.0,1.0,landfill_gas,54.0,0.0,True,0,inf,0.0,,,0.0,0.5,False,0.0,0.0,0.0,0,0,1,0,,,,,1.0,0.0,-1.728094452714547,54.96480520972111,REPD,south,,
gen_landfill_gas_467,Z5,PQ,,2.295340180844527,0.0,False,0.0,inf,,0.0,1.0,,,-inf,inf,0.0,1.0,landfill_gas,54.0,0.0,True,0,inf,0.0,,,0.0,0.5,False,0.0,0.0,0.0,0,0,1,0,,,,,1.0,0.0,-3.1645043508194375,55.85557029605892,REPD,north,,
gen_landfill_gas_468,Z11,PQ,,2.295340180844527,0.0,False,0.0,inf,,0.0,1.0,,,-inf,inf,0.0,1.0,landfill_gas,54.0,0.0,True,0,inf,0.0,,,0.0,0.5,False,0.0,0.0,0.0,0,0,1,0,,,,,1.0,0.0,-1.0193799975473117,52.22442454039636,REPD,south,,
gen_landfill_gas_469,Z12,PQ,,2.8691752260556584,0.0,False,0.0,inf,,0.0,1.0,,,-inf,inf,0.0,1.0,landfill_gas,54.0,0.0,True,0,inf,0.0,,,0.0,0.5,False,0.0,0.0,0.0,0,0,1,0,,,,,1.0,0.0,0.24171858649771924,51.8836483285617,REPD,south,,
gen_landfill_gas_470,Z8,PQ,,5.96788447019577,0.0,False,0.0,inf,,0.0,1.0,,,-inf,inf,0.0,1.0,landfill_gas,54.0,0.0,True,0,inf,0.0,,,0.0,0.5,False,0.0,0.0,0.0,0,0,1,0,,,,,1.0,0.0,-1.4461919387214441,53.77047930410221,REPD,south,,
gen_landfill_gas_471,Z7,PQ,,3.4430102712667905,0.0,False,0.0,inf,,0.0,1.0,,,-inf,inf,0.0,1.0,landfill_gas,54.0,0.0,True,0,inf,0.0,,,0.0,0.5,False,0.0,0.0,0.0,0,0,1,0,,,,,1.0,0.0,-1.4515407142313963,54.84380740268912,REPD,south,,
gen_landfill_gas_472,Z5,PQ,,1.3772041085067162,0.0,False,0.0,inf,,0.0,1.0,,,-inf,inf,0.0,1.0,landfill_gas,54.0,0.0,True,0,inf,0.0,,,0.0,0.5,False,0.0,0.0,0.0,0,0,1,0,,,,,1.0,0.0,-4.7185519952828985,55.718049120590834,REPD,north,,
gen_landfill_gas_473,Z5,PQ,,2.295340180844527,0.0,False,0.0,inf,,0.0,1.0,,,-inf,inf,0.0,1.0,landfill_gas,54.0,0.0,True,0,inf,0.0,,,0.0,0.5,False,0.0,0.0,0.0,0,0,1,0,,,,,1.0,0.0,-3.47244227078726,56.098480107343306,REPD,north,,
gen_landfill_gas_474,Z5,PQ,,2.7544082170134323,0.0,False,0.0,inf,,0.0,1.0,,,-inf,inf,0.0,1.0,landfill_gas,54.0,0.0,True,0,inf,0.0,,,0.0,0.5,False,0.0,0.0,0.0,0,0,1,0,,,,,1.0,0.0,-3.3955547937196386,55.88371800444345,REPD,north,,
gen_landfill_gas_475,Z5,PQ,,2.5248741989289796,0.0,False,0.0,inf,,0.0,1.0,,,-inf,inf,0.0,1.0,landfill_gas,54.0,0.0,True,0,inf,0.0,,,0.0,0.5,False,0.0,0.0,0.0,0,0,1,0,,,,,1.0,0.0,-3.9450030287525557,55.90501818917732,REPD,north,,
gen_landfill_gas_476,Z5,PQ,,2.4101071898867534,0.0,False,0.0,inf,,0.0,1.0,,,-inf,inf,0.0,1.0,landfill_gas,54.0,0.0,True,0,inf,0.0,,,0.0,0.5,False,0.0,0.0,0.0,0,0,1,0,,,,,1.0,0.0,-4.5333402742884825,55.99677589983151,REPD,north,,
gen_landfill_gas_477,Z5,PQ,,4.4759133526468275,0.0,False,0.0,inf,,0.0,1.0,,,-inf,inf,0.0,1.0,landfill_gas,54.0,0.0,True,0,inf,0.0,,,0.0,0.5,False,0.0,0.0,0.0,0,0,1,0,,,,,1.0,0.0,-4.1317548308719045,55.83901581780427,REPD,north,,
gen_landfill_gas_478,Z5,PQ,,1.4919711175489425,0.0,False,0.0,inf,,0.0,1.0,,,-inf,inf,0.0,1.0,landfill_gas,54.0,0.0,True,0,inf,0.0,,,0.0,0.5,False,0.0,0.0,0.0,0,0,1,0,,,,,1.0,0.0,-4.304041702384108,55.42966418053997,REPD,south,,
gen_landfill_gas_479,Z2,PQ,,2.5248741989289796,0.0,False,0.0,inf,,0.0,1.0,,,-inf,inf,0.0,1.0,landfill_gas,54.0,0.0,True,0,inf,0.0,,,0.0,0.5,False,0.0,0.0,0.0,0,0,1,0,,,,,1.0,0.0,-2.074489176581128,57.21222588847625,REPD,north,,
gen_landfill_gas_480,Z5,PQ,,2.295340180844527,0.0,False,0.0,inf,,0.0,1.0,,,-inf,inf,0.0,1.0,landfill_gas,54.0,0.0,True,0,inf,0.0,,,0.0,0.5,False,0.0,0.0,0.0,0,0,1,0,,,,,1.0,0.0,-3.9450030287525557,55.90501818917732,REPD,north,,
gen_landfill_gas_481,Z5,PQ,,2.295340180844527,0.0,False,0.0,inf,,0.0,1.0,,,-inf,inf,0.0,1.0,landfill_gas,54.0,0.0,True,0,inf,0.0,,,0.0,0.5,False,0.0,0.0,0.0,0,0,1,0,,,,,1.0,0.0,-3.9450030287525557,55.90501818917732,REPD,north,,
gen_landfill_gas_482,Z5,PQ,,2.1805731718023003,0.0,False,0.0,inf,,0.0,1.0,,,-inf,inf,0.0,1.0,landfill_gas,54.0,0.0,True,0,inf,0.0,,,0.0,0.5,False,0.0,0.0,0.0,0,0,1,0,,,,,1.0,0.0,-3.9405186464217845,55.815222199722996,REPD,north,,
gen_landfill_gas_483,Z5,PQ,,2.1805731718023003,0.0,False,0.0,inf,,0.0,1.0,,,-inf,inf,0.0,1.0,landfill_gas,54.0,0.0,True,0,inf,0.0,,,0.0,0.5,False,0.0,0.0,0.0,0,0,1,0,,,,,1.0,0.0,-3.9450030287525557,55.90501818917732,REPD,north,,
gen_landfill_gas_484,Z9,PQ,,5.164515406900185,0.0,False,0.0,inf,,0.0,1.0,,,-inf,inf,0.0,1.0,landfill_gas,54.0,0.0,True,0,inf,0.0,,,0.0,0.5,False,0.0,0.0,0.0,0,0,1,0,,,,,1.0,0.0,-2.7234565157832678,53.581716284576856,REPD,south,,
gen_landfill_gas_485,Z3,PQ,,1.1476700904222634,0.0,False,0.0,inf,,0.0,1.0,,,-inf,inf,0.0,1.0,landfill_gas,54.0,0.0,True,0,inf,0.0,,,0.0,0.5,False,0.0,0.0,0.0,0,0,1,0,,,,,1.0,0.0,-3.1325203057530455,56.29254727563359,REPD,north,,
gen_landfill_gas_486,Z9,PQ,,2.5248741989289796,0.0,False,0.0,inf,,0.0,1.0,,,-inf,inf,0.0,1.0,landfill_gas,54.0,0.0,True,0,inf,0.0,,,0.0,0.5,False,0.0,0.0,0.0,0,0,1,0,,,,,1.0,0.0,-3.203677546069451,54.1602909774049,REPD,south,,
gen_landfill_gas_487,Z16,PQ,,3.2134762531823373,0.0,False,0.0,inf,,0.0,1.0,,,-inf,inf,0.0,1.0,landfill_gas,54.0,0.0,True,0,inf,0.0,,,0.0,0.5,False,0.0,0.0,0.0,0,0,1,0,,,,,1.0,0.0,-1.6681974488521376,50.75771406351592,REPD,south,,
gen_landfill_gas_488,Z11,PQ,,1.4919711175489425,0.0,False,0.0,inf,,0.0,1.0,,,-inf,inf,0.0,1.0,landfill_gas,54.0,0.0,True,0,inf,0.0,,,0.0,0.5,False,0.0,0.0,0.0,0,0,1,0,,,,,1.0,0.0,-2.7201336752587384,52.670232315764906,REPD,south,,
gen_landfill_gas_489,Z7,PQ,,1.7215051356333952,0.0,False,0.0,inf,,0.0,1.0,,,-inf,inf,0.0,1.0,landfill_gas,54.0,0.0,True,0,inf,0.0,,,0.0,0.5,False,0.0,0.0,0.0,0,0,1,0,,,,,1.0,0.0,-1.7579471105659452,54.956007899672045,REPD,south,,
gen_landfill_gas_490,Z7,PQ,,2.1805731718023003,0.0,False,0.0,inf,,0.0,1.0,,,-inf,inf,0.0,1.0,landfill_gas,54.0,0.0,True,0,inf,0.0,,,0.0,0.5,False,0.0,0.0,0.0,0,0,1,0,,,,,1.0,0.0,-1.6742734201868028,55.06903781093131,REPD,south,,
gen_landfill_gas_491,Z7,PQ,,4.3611463436046005,0.0,False,0.0,inf,,0.0,1.0,,,-inf,inf,0.0,1.0,landfill_gas,54.0,0.0,True,0,inf,0.0,,,0.0,0.5,False,0.0,0.0,0.0,0,0,1,0,,,,,1.0,0.0,-1.7579471105659452,54.956007899672045,REPD,south,,
gen_landfill_gas_492,Z9,PQ,,3.787311298393469,0.0,False,0.0,inf,,0.0,1.0,,,-inf,inf,0.0,1.0,landfill_gas,54.0,0.0,True,0,inf,0.0,,,0.0,0.5,False,0.0,0.0,0.0,0,0,1,0,,,,,1.0,0.0,-2.803722806847337,53.75198320823302,REPD,south,,
gen_landfill_gas_493,Z9,PQ,,1.4919711175489425,0.0,False,0.0,inf,,0.0,1.0,,,-inf,inf,0.0,1.0,landfill_gas,54.0,0.0,True,0,inf,0.0,,,0.0,0.5,False,0.0,0.0,0.0,0,0,1,0,,,,,1.0,0.0,-2.767470279707953,53.67671895053396,REPD,south,,
gen_landfill_gas_494,Z9,PQ,,4.934981388815732,0.0,False,0.0,inf,,0.0,1.0,,,-inf,inf,0.0,1.0,landfill_gas,54.0,0.0,True,0,inf,0.0,,,0.0,0.5,False,0.0,0.0,0.0,0,0,1,0,,,,,1.0,0.0,-3.0166613264021502,53.90316480797982,REPD,south,,
gen_landfill_gas_495,Z9,PQ,,3.328243262224564,0.0,False,0.0,inf,,0.0,1.0,,,-inf,inf,0.0,1.0,landfill_gas,54.0,0.0,True,0,inf,0.0,,,0.0,0.5,False,0.0,0.0,0.0,0,0,1,0,,,,,1.0,0.0,-2.0392060841802144,53.55513644004867,REPD,south,,
gen_landfill_gas_496,Z16,PQ,,1.3772041085067162,0.0,False,0.0,inf,,0.0,1.0,,,-inf,inf,0.0,1.0,landfill_gas,54.0,0.0,True,0,inf,0.0,,,0.0,0.5,False,0.0,0.0,0.0,0,0,1,0,,,,,1.0,0.0,-0.7628302738600602,51.21835393723567,REPD,south,,
gen_landfill_gas_497,Z11,PQ,,3.0987092441401116,0.0,False,0.0,inf,,0.0,1.0,,,-inf,inf,0.0,1.0,landfill_gas,54.0,0.0,True,0,inf,0.0,,,0.0,0.5,False,0.0,0.0,0.0,0,0,1,0,,,,,1.0,0.0,-1.2267705099793438,52.572813534718435,REPD,south,,
gen_landfill_gas_498,Z11,PQ,,1.2624370994644898,0.0,False,0.0,inf,,0.0,1.0,,,-inf,inf,0.0,1.0,landfill_gas,54.0,0.0,True,0,inf,0.0,,,0.0,0.5,False,0.0,0.0,0.0,0,0,1,0,,,,,1.0,0.0,-1.435308904513174,52.76457422680069,REPD,south,,
gen_landfill_gas_499,Z11,PQ,,2.7544082170134323,0.0,False,0.0,inf,,0.0,1.0,,,-inf,inf,0.0,1.0,landfill_gas,54.0,0.0,True,0,inf,0.0,,,0.0,0.5,False,0.0,0.0,0.0,0,0,1,0,,,,,1.0,0.0,-0.6559548977173475,52.32316158487634,REPD,south,,
gen_landfill_gas_500,Z12,PQ,,3.4430102712667905,0.0,False,0.0,inf,,0.0,1.0,,,-inf,inf,0.0,1.0,landfill_gas,54.0,0.0,True,0,inf,0.0,,,0.0,0.5,False,0.0,0.0,0.0,0,0,1,0,,,,,1.0,0.0,-0.1570718102772067,52.322726612962434,REPD,south,,
gen_landfill_gas_501,Z3,PQ,,2.1805731718023003,0.0,False,0.0,inf,,0.0,1.0,,,-inf,inf,0.0,1.0,landfill_gas,54.0,0.0,True,0,inf,0.0,,,0.0,0.5,False,0.0,0.0,0.0,0,0,1,0,,,,,1.0,0.0,-3.3334858227113116,56.31031275267219,REPD,north,,
gen_landfill_gas_502,Z5,PQ,,2.6396412079712057,0.0,False,0.0,inf,,0.0,1.0,,,-inf,inf,0.0,1.0,landfill_gas,54.0,0.0,True,0,inf,0.0,,,0.0,0.5,False,0.0,0.0,0.0,0,0,1,0,,,,,1.0,0.0,-3.900341192291688,55.80955912688447,REPD,north,,
gen_landfill_gas_503,Z11,PQ,,1.1476700904222634,0.0,False,0.0,inf,,0.0,1.0,,,-inf,inf,0.0,1.0,landfill_gas,54.0,0.0,True,0,inf,0.0,,,0.0,0.5,False,0.0,0.0,0.0,0,0,1,0,,,,,1.0,0.0,-1.4433532664049984,52.24768325395207,REPD,south,,
gen_landfill_gas_504,Z11,PQ,,1.1476700904222634,0.0,False,0.0,inf,,0.0,1.0,,,-inf,inf,0.0,1.0,landfill_gas,54.0,0.0,True,0,inf,0.0,,,0.0,0.5,False,0.0,0.0,0.0,0,0,1,0,,,,,1.0,0.0,-1.6839806030173856,52.60188370260749,REPD,south,,
gen_landfill_gas_505,Z15,PQ,,3.4430102712667905,0.0,False,0.0,inf,,0.0,1.0,,,-inf,inf,0.0,1.0,landfill_gas,54.0,0.0,True,0,inf,0.0,,,0.0,0.5,False,0.0,0.0,0.0,0,0,1,0,,,,,1.0,0.0,0.5203918243239619,50.85327542835496,REPD,south,,
gen_landfill_gas_506,Z14,PQ,,3.4430102712667905,0.0,False,0.0,inf,,0.0,1.0,,,-inf,inf,0.0,1.0,landfill_gas,54.0,0.0,True,0,inf,0.0,,,0.0,0.5,False,0.0,0.0,0.0,0,0,1,0,,,,,1.0,0.0,-0.14641117205069104,51.235394441550845,REPD,south,,
gen_landfill_gas_507,Z15,PQ,,1.1476700904222634,0.0,False,0.0,inf,,0.0,1.0,,,-inf,inf,0.0,1.0,landfill_gas,54.0,0.0,True,0,inf,0.0,,,0.0,0.5,False,0.0,0.0,0.0,0,0,1,0,,,,,1.0,0.0,0.6114847374804708,51.46376806874173,REPD,south,,
gen_landfill_gas_508,Z13,PQ,,2.983942235097885,0.0,False,0.0,inf,,0.0,1.0,,,-inf,inf,0.0,1.0,landfill_gas,54.0,0.0,True,0,inf,0.0,,,0.0,0.5,False,0.0,0.0,0.0,0,0,1,0,,,,,1.0,0.0,-2.5932112826459033,51.58935121139711,REPD,south,,
gen_landfill_gas_509,Z16,PQ,,3.4430102712667905,0.0,False,0.0,inf,,0.0,1.0,,,-inf,inf,0.0,1.0,landfill_gas,54.0,0.0,True,0,inf,0.0,,,0.0,0.5,False,0.0,0.0,0.0,0,0,1,0,,,,,1.0,0.0,-2.029712565536215,50.75458433819897,REPD,south,,
gen_landfill_gas_510,Z14,PQ,,2.065806162760074,0.0,False,0.0,inf,,0.0,1.0,,,-inf,inf,0.0,1.0,landfill_gas,54.0,0.0,True,0,inf,0.0,,,0.0,0.5,False,0.0,0.0,0.0,0,0,1,0,,,,,1.0,0.0,-0.14894993305481782,51.24352841497676,REPD,south,,
gen_landfill_gas_511,Z14,PQ,,4.4759133526468275,0.0,False,0.0,inf,,0.0,1.0,,,-inf,inf,0.0,1.0,landfill_gas,54.0,0.0,True,0,inf,0.0,,,0.0,0.5,False,0.0,0.0,0.0,0,0,1,0,,,,,1.0,0.0,0.19378868411295097,51.490314196494985,REPD,south,,
gen_landfill_gas_512,Z5,PQ,,8.49275866912475,0.0,False,0.0,inf,,0.0,1.0,,,-inf,inf,0.0,1.0,landfill_gas,54.0,0.0,True,0,inf,0.0,,,0.0,0.5,False,0.0,0.0,0.0,0,0,1,0,,,,,1.0,0.0,-4.194541251525753,55.79117731976317,REPD,north,,
gen_landfill_gas_513,Z17,PQ,,5.96788447019577,0.0,False,0.0,inf,,0.0,1.0,,,-inf,inf,0.0,1.0,landfill_gas,54.0,0.0,True,0,inf,0.0,,,0.0,0.5,False,0.0,0.0,0.0,0,0,1,0,,,,,1.0,0.0,-4.550079649703912,50.43436511543885,REPD,south,,
gen_landfill_gas_514,Z12,PQ,,1.7215051356333952,0.0,False,0.0,inf,,0.0,1.0,,,-inf,inf,0.0,1.0,landfill_gas,54.0,0.0,True,0,inf,0.0,,,0.0,0.5,False,0.0,0.0,0.0,0,0,1,0,,,,,1.0,0.0,1.3256160353982387,52.73817365301705,REPD,south,,
gen_landfill_gas_515,Z12,PQ,,1.7215051356333952,0.0,False,0.0,inf,,0.0,1.0,,,-inf,inf,0.0,1.0,landfill_gas,54.0,0.0,True,0,inf,0.0,,,0.0,0.5,False,0.0,0.0,0.0,0,0,1,0,,,,,1.0,0.0,0.47319653743927437,52.70327110730401,REPD,south,,
gen_landfill_gas_516,Z9,PQ,,1.3772041085067162,0.0,False,0.0,inf,,0.0,1.0,,,-inf,inf,0.0,1.0,landfill_gas,54.0,0.0,True,0,inf,0.0,,,0.0,0.5,False,0.0,0.0,0.0,0,0,1,0,,,,,1.0,0.0,-2.371656108802907,53.76848217225497,REPD,south,,
gen_landfill_gas_517,Z9,PQ,,2.065806162760074,0.0,False,0.0,inf,,0.0,1.0,,,-inf,inf,0.0,1.0,landfill_gas,54.0,0.0,True,0,inf,0.0,,,0.0,0.5,False,0.0,0.0,0.0,0,0,1,0,,,,,1.0,0.0,-2.2277614255371367,53.79701899066528,REPD,south,,
gen_landfill_gas_518,Z17,PQ,,1.6067381265911687,0.0,False,0.0,inf,,0.0,1.0,,,-inf,inf,0.0,1.0,landfill_gas,54.0,0.0,True,0,inf,0.0,,,0.0,0.5,False,0.0,0.0,0.0,0,0,1,0,,,,,1.0,0.0,-4.116176641187832,50.37088848726229,REPD,south,,
gen_landfill_gas_519,Z12,PQ,,2.295340180844527,0.0,False,0.0,inf,,0.0,1.0,,,-inf,inf,0.0,1.0,landfill_gas,54.0,0.0,True,0,inf,0.0,,,0.0,0.5,False,0.0,0.0,0.0,0,0,1,0,,,,,1.0,0.0,1.1940654722749136,52.65140770730975,REPD,south,,
gen_landfill_gas_520,Z5,PQ,,3.2134762531823373,0.0,False,0.0,inf,,0.0,1.0,,,-inf,inf,0.0,1.0,landfill_gas,54.0,0.0,True,0,inf,0.0,,,0.0,0.5,False,0.0,0.0,0.0,0,0,1,0,,,,,1.0,0.0,-4.273684841994399,55.917359323677,REPD,north,,
gen_landfill_gas_521,Z15,PQ,,2.7544082170134323,0.0,False,0.0,inf,,0.0,1.0,,,-inf,inf,0.0,1.0,landfill_gas,54.0,0.0,True,0,inf,0.0,,,0.0,0.5,False,0.0,0.0,0.0,0,0,1,0,,,,,1.0,0.0,0.792818033514732,51.580106782673866,REPD,south,,
gen_landfill_gas_522,Z12,PQ,,4.4759133526468275,0.0,False,0.0,inf,,0.0,1.0,,,-inf,inf,0.0,1.0,landfill_gas,54.0,0.0,True,0,inf,0.0,,,0.0,0.5,False,0.0,0.0,0.0,0,0,1,0,,,,,1.0,0.0,0.829279065991545,51.864338285111565,REPD,south,,
gen_landfill_gas_523,Z15,PQ,,4.4759133526468275,0.0,False,0.0,inf,,0.0,1.0,,,-inf,inf,0.0,1.0,landfill_gas,54.0,0.0,True,0,inf,0.0,,,0.0,0.5,False,0.0,0.0,0.0,0,0,1,0,,,,,1.0,0.0,0.42447126521298567,51.49386522617749,REPD,south,,
gen_landfill_gas_524,Z11,PQ,,1.4919711175489425,0.0,False,0.0,inf,,0.0,1.0,,,-inf,inf,0.0,1.0,landfill_gas,54.0,0.0,True,0,inf,0.0,,,0.0,0.5,False,0.0,0.0,0.0,0,0,1,0,,,,,1.0,0.0,-0.658888431306438,52.323194910899325,REPD,south,,
gen_landfill_gas_525,Z15,PQ,,4.3611463436046005,0.0,False,0.0,inf,,0.0,1.0,,,-inf,inf,0.0,1.0,landfill_gas,54.0,0.0,True,0,inf,0.0,,,0.0,0.5,False,0.0,0.0,0.0,0,0,1,0,,,,,1.0,0.0,0.42447126521298567,51.49386522617749,REPD,south,,
gen_landfill_gas_526,Z17,PQ,,2.5248741989289796,0.0,False,0.0,inf,,0.0,1.0,,,-inf,inf,0.0,1.0,landfill_gas,54.0,0.0,True,0,inf,0.0,,,0.0,0.5,False,0.0,0.0,0.0,0,0,1,0,,,,,1.0,0.0,-3.6099070231033896,50.57439240305039,REPD,south,,
gen_landfill_gas_527,Z10,PQ,,2.295340180844527,0.0,False,0.0,inf,,0.0,1.0,,,-inf,inf,0.0,1.0,landfill_gas,54.0,0.0,True,0,inf,0.0,,,0.0,0.5,False,0.0,0.0,0.0,0,0,1,0,,,,,1.0,0.0,-0.6093255207419782,53.19737903835516,REPD,south,,
gen_landfill_gas_528,Z11,PQ,,1.8362721446756216,0.0,False,0.0,inf,,0.0,1.0,,,-inf,inf,0.0,1.0,landfill_gas,54.0,0.0,True,0,inf,0.0,,,0.0,0.5,False,0.0,0.0,0.0,0,0,1,0,,,,,1.0,0.0,-1.5847841686868263,52.78676556116995,REPD,south,,
gen_landfill_gas_529,Z8,PQ,,3.0987092441401116,0.0,False,0.0,inf,,0.0,1.0,,,-inf,inf,0.0,1.0,landfill_gas,54.0,0.0,True,0,inf,0.0,,,0.0,0.5,False,0.0,0.0,0.0,0,0,1,0,,,,,1.0,0.0,-1.0089321917425622,53.58969383419945,REPD,south,,
gen_landfill_gas_530,Z8,PQ,,4.4759133526468275,0.0,False,0.0,inf,,0.0,1.0,,,-inf,inf,0.0,1.0,landfill_gas,54.0,0.0,True,0,inf,0.0,,,0.0,0.5,False,0.0,0.0,0.0,0,0,1,0,,,,,1.0,0.0,-1.3413156000919653,53.78253297693568,REPD,south,,
gen_landfill_gas_531,Z9,PQ,,1.1476700904222634,0.0,False,0.0,inf,,0.0,1.0,,,-inf,inf,0.0,1.0,landfill_gas,54.0,0.0,True,0,inf,0.0,,,0.0,0.5,False,0.0,0.0,0.0,0,0,1,0,,,,,1.0,0.0,-2.294693293197196,53.684253829473434,REPD,south,,
gen_landfill_gas_532,Z5,PQ,,2.7544082170134323,0.0,False,0.0,inf,,0.0,1.0,,,-inf,inf,0.0,1.0,landfill_gas,54.0,0.0,True,0,inf,0.0,,,0.0,0.5,False,0.0,0.0,0.0,0,0,1,0,,,,,1.0,0.0,-4.476325433595373,55.731893215263234,REPD,north,,
gen_landfill_gas_533,Z5,PQ,,2.5248741989289796,0.0,False,0.0,inf,,0.0,1.0,,,-inf,inf,0.0,1.0,landfill_gas,54.0,0.0,True,0,inf,0.0,,,0.0,0.5,False,0.0,0.0,0.0,0,0,1,0,,,,,1.0,0.0,-3.1254614900077557,55.88648402247611,REPD,north,,
gen_landfill_gas_534,Z9,PQ,,4.590680361689054,0.0,False,0.0,inf,,0.0,1.0,,,-inf,inf,0.0,1.0,landfill_gas,54.0,0.0,True,0,inf,0.0,,,0.0,0.5,False,0.0,0.0,0.0,0,0,1,0,,,,,1.0,0.0,-2.8340151437764822,54.05556804244641,REPD,south,,
gen_landfill_gas_535,Z11,PQ,,1.8362721446756216,0.0,False,0.0,inf,,0.0,1.0,,,-inf,inf,0.0,1.0,landfill_gas,54.0,0.0,True,0,inf,0.0,,,0.0,0.5,False,0.0,0.0,0.0,0,0,1,0,,,,,1.0,0.0,-1.1558834648525493,52.72965466875407,REPD,south,,
gen_landfill_gas_536,Z16,PQ,,1.7215051356333952,0.0,False,0.0,inf,,0.0,1.0,,,-inf,inf,0.0,1.0,landfill_gas,54.0,0.0,True,0,inf,0.0,,,0.0,0.5,False,0.0,0.0,0.0,0,0,1,0,,,,,1.0,0.0,-1.2823331402490137,50.96322419093093,REPD,south,,
gen_landfill_gas_537,Z10,PQ,,1.4919711175489425,0.0,False,0.0,inf,,0.0,1.0,,,-inf,inf,0.0,1.0,landfill_gas,54.0,0.0,True,0,inf,0.0,,,0.0,0.5,False,0.0,0.0,0.0,0,0,1,0,,,,,1.0,0.0,0.005028090445304106,52.95217380896247,REPD,south,,
gen_landfill_gas_538,Z14,PQ,,3.328243262224564,0.0,False,0.0,inf,,0.0,1.0,,,-inf,inf,0.0,1.0,landfill_gas,54.0,0.0,True,0,inf,0.0,,,0.0,0.5,False,0.0,0.0,0.0,0,0,1,0,,,,,1.0,0.0,-0.5729485117579459,51.3852514216083,REPD,south,,
gen_landfill_gas_539,Z14,PQ,,2.1805731718023003,0.0,False,0.0,inf,,0.0,1.0,,,-inf,inf,0.0,1.0,landfill_gas,54.0,0.0,True,0,inf,0.0,,,0.0,0.5,False,0.0,0.0,0.0,0,0,1,0,,,,,1.0,0.0,-0.7986671597606545,51.60089461811218,REPD,south,,
gen_landfill_gas_540,Z13,PQ,,2.295340180844527,0.0,False,0.0,inf,,0.0,1.0,,,-inf,inf,0.0,1.0,landfill_gas,54.0,0.0,True,0,inf,0.0,,,0.0,0.5,False,0.0,0.0,0.0,0,0,1,0,,,,,1.0,0.0,-3.004008035174499,51.562279115986875,REPD,south,,
gen_landfill_gas_541,Z11,PQ,,1.2624370994644898,0.0,False,0.0,inf,,0.0,1.0,,,-inf,inf,0.0,1.0,landfill_gas,54.0,0.0,True,0,inf,0.0,,,0.0,0.5,False,0.0,0.0,0.0,0,0,1,0,,,,,1.0,0.0,-0.6337860757090883,52.37595381193493,REPD,south,,
gen_landfill_gas_542,Z11,PQ,,3.4430102712667905,0.0,False,0.0,inf,,0.0,1.0,,,-inf,inf,0.0,1.0,landfill_gas,54.0,0.0,True,0,inf,0.0,,,0.0,0.5,False,0.0,0.0,0.0,0,0,1,0,,,,,1.0,0.0,-1.3422160007787542,52.35145275352913,REPD,south,,
gen_landfill_gas_543,Z14,PQ,,1.1476700904222634,0.0,False,0.0,inf,,0.0,1.0,,,-inf,inf,0.0,1.0,landfill_gas,54.0,0.0,True,0,inf,0.0,,,0.0,0.5,False,0.0,0.0,0.0,0,0,1,0,,,,,1.0,0.0,-0.5954244865245842,51.58964634967207,REPD,south,,
gen_landfill_gas_544,Z5,PQ,,2.5248741989289796,0.0,False,0.0,inf,,0.0,1.0,,,-inf,inf,0.0,1.0,landfill_gas,54.0,0.0,True,0,inf,0.0,,,0.0,0.5,False,0.0,0.0,0.0,0,0,1,0,,,,,1.0,0.0,-3.9450030287525557,55.90501818917732,REPD,north,,
gen_landfill_gas_545,Z8,PQ,,1.4919711175489425,0.0,False,0.0,inf,,0.0,1.0,,,-inf,inf,0.0,1.0,landfill_gas,54.0,0.0,True,0,inf,0.0,,,0.0,0.5,False,0.0,0.0,0.0,0,0,1,0,,,,,1.0,0.0,-0.4169612978460795,54.22692515315697,REPD,south,,
gen_landfill_gas_546,Z8,PQ,,2.7544082170134323,0.0,False,0.0,inf,,0.0,1.0,,,-inf,inf,0.0,1.0,landfill_gas,54.0,0.0,True,0,inf,0.0,,,0.0,0.5,False,0.0,0.0,0.0,0,0,1,0,,,,,1.0,0.0,-1.172446452537496,53.95765490701653,REPD,south,,
gen_landfill_gas_547,Z2,PQ,,2.295340180844527,0.0,False,0.0,inf,,0.0,1.0,,,-inf,inf,0.0,1.0,landfill_gas,54.0,0.0,True,0,inf,0.0,,,0.0,0.5,False,0.0,0.0,0.0,0,0,1,0,,,,,1.0,0.0,-2.84084707932268,56.64703834466907,REPD,north,,
gen_landfill_gas_548,Z10,PQ,,2.4101071898867534,0.0,False,0.0,inf,,0.0,1.0,,,-inf,inf,0.0,1.0,landfill_gas,54.0,0.0,True,0,inf,0.0,,,0.0,0.5,False,0.0,0.0,0.0,0,0,1,0,,,,,1.0,0.0,-1.3611479811343397,53.27389235332824,REPD,south,,
gen_landfill_gas_549,Z16,PQ,,1.7215051356333952,0.0,False,0.0,inf,,0.0,1.0,,,-inf,inf,0.0,1.0,landfill_gas,54.0,0.0,True,0,inf,0.0,,,0.0,0.5,False,0.0,0.0,0.0,0,0,1,0,,,,,1.0,0.0,-0.4905748126538215,51.224151231321066,REPD,south,,
gen_landfill_gas_550,Z13,PQ,,8.033690632955844,0.0,False,0.0,inf,,0.0,1.0,,,-inf,inf,0.0,1.0,landfill_gas,54.0,0.0,True,0,inf,0.0,,,0.0,0.5,False,0.0,0.0,0.0,0,0,1,0,,,,,1.0,0.0,-3.281387874401226,51.74312820840512,REPD,south,,
gen_landfill_gas_551,Z8,PQ,,3.328243262224564,0.0,False,0.0,inf,,0.0,1.0,,,-inf,inf,0.0,1.0,landfill_gas,54.0,0.0,True,0,inf,0.0,,,0.0,0.5,False,0.0,0.0,0.0,0,0,1,0,,,,,1.0,0.0,-0.7262540091146126,53.8458943672873,REPD,south,,
gen_landfill_gas_552,Z8,PQ,,1.2624370994644898,0.0,False,0.0,inf,,0.0,1.0,,,-inf,inf,0.0,1.0,landfill_gas,54.0,0.0,True,0,inf,0.0,,,0.0,0.5,False,0.0,0.0,0.0,0,0,1,0,,,,,1.0,0.0,-1.407030427697141,53.42603830269709,REPD,south,,
gen_landfill_gas_553,Z14,PQ,,2.6396412079712057,0.0,False,0.0,inf,,0.0,1.0,,,-inf,inf,0.0,1.0,landfill_gas,54.0,0.0,True,0,inf,0.0,,,0.0,0.5,False,0.0,0.0,0.0,0,0,1,0,,,,,1.0,0.0,-0.2702866565537361,52.002997819080825,REPD,south,,
gen_landfill_gas_554,Z14,PQ,,8.607525678166976,0.0,False,0.0,inf,,0.0,1.0,,,-inf,inf,0.0,1.0,landfill_gas,54.0,0.0,True,0,inf,0.0,,,0.0,0.5,False,0.0,0.0,0.0,0,0,1,0,,,,,1.0,0.0,-0.5962442551977326,51.590213658230546,REPD,south,,
gen_landfill_gas_555,Z16,PQ,,1.7215051356333952,0.0,False,0.0,inf,,0.0,1.0,,,-inf,inf,0.0,1.0,landfill_gas,54.0,0.0,True,0,inf,0.0,,,0.0,0.5,False,0.0,0.0,0.0,0,0,1,0,,,,,1.0,0.0,-1.3595102862771025,50.69153479189063,REPD,south,,
gen_landfill_gas_556,Z9,PQ,,2.295340180844527,0.0,False,0.0,inf,,0.0,1.0,,,-inf,inf,0.0,1.0,landfill_gas,54.0,0.0,True,0,inf,0.0,,,0.0,0.5,False,0.0,0.0,0.0,0,0,1,0,,,,,1.0,0.0,-2.5024331801817437,53.43764887742559,REPD,south,,
gen_landfill_gas_557,Z14,PQ,,1.7215051356333952,0.0,False,0.0,inf,,0.0,1.0,,,-inf,inf,0.0,1.0,landfill_gas,54.0,0.0,True,0,inf,0.0,,,0.0,0.5,False,0.0,0.0,0.0,0,0,1,0,,,,,1.0,0.0,-0.2979669815896972,51.97686624989642,REPD,south,,
gen_landfill_gas_558,Z15,PQ,,1.1476700904222634,0.0,False,0.0,inf,,0.0,1.0,,,-inf,inf,0.0,1.0,landfill_gas,54.0,0.0,True,0,inf,0.0,,,0.0,0.5,False,0.0,0.0,0.0,0,0,1,0,,,,,1.0,0.0,0.5203918243239619,50.85327542835496,REPD,south,,
gen_landfill_gas_559,Z9,PQ,,3.5577772803090166,0.0,False,0.0,inf,,0.0,1.0,,,-inf,inf,0.0,1.0,landfill_gas,54.0,0.0,True,0,inf,0.0,,,0.0,0.5,False,0.0,0.0,0.0,0,0,1,0,,,,,1.0,0.0,-1.968096381066747,53.37177335226266,REPD,south,,
gen_landfill_gas_560,Z16,PQ,,1.1476700904222634,0.0,False,0.0,inf,,0.0,1.0,,,-inf,inf,0.0,1.0,landfill_gas,54.0,0.0,True,0,inf,0.0,,,0.0,0.5,False,0.0,0.0,0.0,0,0,1,0,,,,,1.0,0.0,-0.32493201841330227,51.13854283507354,REPD,south,,
gen_landfill_gas_561,Z12,PQ,,1.1476700904222634,0.0,False,0.0,inf,,0.0,1.0,,,-inf,inf,0.0,1.0,landfill_gas,54.0,0.0,True,0,inf,0.0,,,0.0,0.5,False,0.0,0.0,0.0,0,0,1,0,,,,,1.0,0.0,0.9224507842354048,52.72267558687559,REPD,south,,
gen_landfill_gas_562,Z5,PQ,,2.295340180844527,0.0,False,0.0,inf,,0.0,1.0,,,-inf,inf,0.0,1.0,landfill_gas,54.0,0.0,True,0,inf,0.0,,,0.0,0.5,False,0.0,0.0,0.0,0,0,1,0,,,,,1.0,0.0,-4.5325688288418196,55.997241159659275,REPD,north,,
gen_landfill_gas_563,Z9,PQ,,3.4430102712667905,0.0,False,0.0,inf,,0.0,1.0,,,-inf,inf,0.0,1.0,landfill_gas,54.0,0.0,True,0,inf,0.0,,,0.0,0.5,False,0.0,0.0,0.0,0,0,1,0,,,,,1.0,0.0,-2.617802488779865,53.60984826601922,REPD,south,,
gen_landfill_gas_564,Z2,PQ,,4.934981388815732,0.0,False,0.0,inf,,0.0,1.0,,,-inf,inf,0.0,1.0,landfill_gas,54.0,0.0,True,0,inf,0.0,,,0.0,0.5,False,0.0,0.0,0.0,0,0,1,0,,,,,1.0,0.0,-1.8723717673050102,57.45895849644268,REPD,north,,
gen_landfill_gas_565,Z14,PQ,,4.590680361689054,0.0,False,0.0,inf,,0.0,1.0,,,-inf,inf,0.0,1.0,landfill_gas,54.0,0.0,True,0,inf,0.0,,,0.0,0.5,False,0.0,0.0,0.0,0,0,1,0,,,,,1.0,0.0,-0.5139226666692116,51.41154841056564,REPD,south,,
gen_landfill_gas_566,Z14,PQ,,1.4919711175489425,0.0,False,0.0,inf,,0.0,1.0,,,-inf,inf,0.0,1.0,landfill_gas,54.0,0.0,True,0,inf,0.0,,,0.0,0.5,False,0.0,0.0,0.0,0,0,1,0,,,,,1.0,0.0,0.405537329306343,51.76315365073312,REPD,south,,
gen_landfill_gas_567,Z9,PQ,,2.4101071898867534,0.0,False,0.0,inf,,0.0,1.0,,,-inf,inf,0.0,1.0,landfill_gas,54.0,0.0,True,0,inf,0.0,,,0.0,0.5,False,0.0,0.0,0.0,0,0,1,0,,,,,1.0,0.0,-2.590059308530141,53.54739309786977,REPD,south,,
gen_landfill_gas_568,Z5,PQ,,16.06738126591169,0.0,False,0.0,inf,,0.0,1.0,,,-inf,inf,0.0,1.0,landfill_gas,54.0,0.0,True,0,inf,0.0,,,0.0,0.5,False,0.0,0.0,0.0,0,0,1,0,,,,,1.0,0.0,-2.4604041903929663,55.97473144338823,REPD,north,,
gen_landfill_gas_569,Z5,PQ,,2.5248741989289796,0.0,False,0.0,inf,,0.0,1.0,,,-inf,inf,0.0,1.0,landfill_gas,54.0,0.0,True,0,inf,0.0,,,0.0,0.5,False,0.0,0.0,0.0,0,0,1,0,,,,,1.0,0.0,-2.4566130241081745,55.97254431010977,REPD,north,,
gen_landfill_gas_570,Z9,PQ,,6.082651479237996,0.0,False,0.0,inf,,0.0,1.0,,,-inf,inf,0.0,1.0,landfill_gas,54.0,0.0,True,0,inf,0.0,,,0.0,0.5,False,0.0,0.0,0.0,0,0,1,0,,,,,1.0,0.0,-2.4491136693020534,53.49182866546998,REPD,south,,
gen_landfill_gas_571,Z14,PQ,,2.1805731718023003,0.0,False,0.0,inf,,0.0,1.0,,,-inf,inf,0.0,1.0,landfill_gas,54.0,0.0,True,0,inf,0.0,,,0.0,0.5,False,0.0,0.0,0.0,0,0,1,0,,,,,1.0,0.0,-0.5279418716510209,51.48900615954035,REPD,south,,
gen_landfill_gas_572,Z10,PQ,,3.2134762531823373,0.0,False,0.0,inf,,0.0,1.0,,,-inf,inf,0.0,1.0,landfill_gas,54.0,0.0,True,0,inf,0.0,,,0.0,0.5,False,0.0,0.0,0.0,0,0,1,0,,,,,1.0,0.0,-1.1144234920483616,53.02151607724169,REPD,south,,
gen_landfill_gas_573,Z5,PQ,,2.295340180844527,0.0,False,0.0,inf,,0.0,1.0,,,-inf,inf,0.0,1.0,landfill_gas,54.0,0.0,True,0,inf,0.0,,,0.0,0.5,False,0.0,0.0,0.0,0,0,1,0,,,,,1.0,0.0,-3.077382443467793,55.8822417294956,REPD,north,,
gen_landfill_gas_574,Z16,PQ,,1.3772041085067162,0.0,False,0.0,inf,,0.0,1.0,,,-inf,inf,0.0,1.0,landfill_gas,54.0,0.0,True,0,inf,0.0,,,0.0,0.5,False,0.0,0.0,0.0,0,0,1,0,,,,,1.0,0.0,-1.3374236283851302,50.88939548361997,REPD,south,,
gen_landfill_gas_575,Z15,PQ,,13.312973048898256,0.0,False,0.0,inf,,0.0,1.0,,,-inf,inf,0.0,1.0,landfill_gas,54.0,0.0,True,0,inf,0.0,,,0.0,0.5,False,0.0,0.0,0.0,0,0,1,0,,,,,1.0,0.0,0.5104037049710747,51.537025210796266,REPD,south,,
gen_landfill_gas_576,Z13,PQ,,3.672544289351243,0.0,False,0.0,inf,,0.0,1.0,,,-inf,inf,0.0,1.0,landfill_gas,54.0,0.0,True,0,inf,0.0,,,0.0,0.5,False,0.0,0.0,0.0,0,0,1,0,,,,,1.0,0.0,-3.8601899504944366,51.73549959140922,REPD,south,,
gen_landfill_gas_577,Z8,PQ,,1.1476700904222634,0.0,False,0.0,inf,,0.0,1.0,,,-inf,inf,0.0,1.0,landfill_gas,54.0,0.0,True,0,inf,0.0,,,0.0,0.5,False,0.0,0.0,0.0,0,0,1,0,,,,,1.0,0.0,-1.6087377573664752,54.3993465516389,REPD,south,,
gen_landfill_gas_578,Z7,PQ,,1.1476700904222634,0.0,False,0.0,inf,,0.0,1.0,,,-inf,inf,0.0,1.0,landfill_gas,54.0,0.0,True,0,inf,0.0,,,0.0,0.5,False,0.0,0.0,0.0,0,0,1,0,,,,,1.0,0.0,-1.1565512510746256,54.59206040856414,REPD,south,,
gen_landfill_gas_579,Z13,PQ,,6.886020542533581,0.0,False,0.0,inf,,0.0,1.0,,,-inf,inf,0.0,1.0,landfill_gas,54.0,0.0,True,0,inf,0.0,,,0.0,0.5,False,0.0,0.0,0.0,0,0,1,0,,,,,1.0,0.0,-2.508549701409775,51.29008805807839,REPD,south,,
gen_sewage_gas_580,Z12,PQ,,1.3772041085067162,0.0,False,0.0,inf,,0.0,1.0,,,-inf,inf,0.0,1.0,sewage_gas,62.99999999999999,0.0,True,0,inf,0.0,,,0.0,0.5,False,0.0,0.0,0.0,0,0,1,0,,,,,1.0,0.0,0.9331014420359132,51.87594149006446,REPD,south,,
gen_sewage_gas_581,Z13,PQ,,6.3121854973224485,0.0,False,0.0,inf,,0.0,1.0,,,-inf,inf,0.0,1.0,sewage_gas,62.99999999999999,0.0,True,0,inf,0.0,,,0.0,0.5,False,0.0,0.0,0.0,0,0,1,0,,,,,1.0,0.0,-3.146400192662154,51.48546886972061,REPD,south,,
gen_sewage_gas_582,Z14,PQ,,1.2624370994644898,0.0,False,0.0,inf,,0.0,1.0,,,-inf,inf,0.0,1.0,sewage_gas,62.99999999999999,0.0,True,0,inf,0.0,,,0.0,0.5,False,0.0,0.0,0.0,0,0,1,0,,,,,1.0,0.0,0.23223611962475188,51.46640375076688,REPD,south,,
gen_sewage_gas_583,Z14,PQ,,4.590680361689054,0.0,False,0.0,inf,,0.0,1.0,,,-inf,inf,0.0,1.0,sewage_gas,62.99999999999999,0.0,True,0,inf,0.0,,,0.0,0.5,False,0.0,0.0,0.0,0,0,1,0,,,,,1.0,0.0,0.18548709274212258,51.516405622474615,REPD,south,,
gen_sewage_gas_584,Z7,PQ,,6.886020542533581,0.0,False,0.0,inf,,0.0,1.0,,,-inf,inf,0.0,1.0,sewage_gas,62.99999999999999,0.0,True,0,inf,0.0,,,0.0,0.5,False,0.0,0.0,0.0,0,0,1,0,,,,,1.0,0.0,-1.4319258180126067,55.00739452154664,REPD,south,,
gen_sewage_gas_585,Z8,PQ,,3.4430102712667905,0.0,False,0.0,inf,,0.0,1.0,,,-inf,inf,0.0,1.0,sewage_gas,62.99999999999999,0.0,True,0,inf,0.0,,,0.0,0.5,False,0.0,0.0,0.0,0,0,1,0,,,,,1.0,0.0,-1.7113658631987225,53.846044937769335,REPD,south,,
gen_sewage_gas_586,Z13,PQ,,1.3772041085067162,0.0,False,0.0,inf,,0.0,1.0,,,-inf,inf,0.0,1.0,sewage_gas,62.99999999999999,0.0,True,0,inf,0.0,,,0.0,0.5,False,0.0,0.0,0.0,0,0,1,0,,,,,1.0,0.0,-2.2181864278569363,51.32786647086437,REPD,south,,
gen_sewage_gas_587,Z14,PQ,,6.541719515406902,0.0,False,0.0,inf,,0.0,1.0,,,-inf,inf,0.0,1.0,sewage_gas,62.99999999999999,0.0,True,0,inf,0.0,,,0.0,0.5,False,0.0,0.0,0.0,0,0,1,0,,,,,1.0,0.0,0.14215416032609532,51.502168134707574,REPD,south,,
gen_sewage_gas_588,Z14,PQ,,6.656486524449128,0.0,False,0.0,inf,,0.0,1.0,,,-inf,inf,0.0,1.0,sewage_gas,62.99999999999999,0.0,True,0,inf,0.0,,,0.0,0.5,False,0.0,0.0,0.0,0,0,1,0,,,,,1.0,0.0,0.07993719096658063,51.52563570866814,REPD,south,,
gen_sewage_gas_589,Z11,PQ,,11.132399877095954,0.0,False,0.0,inf,,0.0,1.0,,,-inf,inf,0.0,1.0,sewage_gas,62.99999999999999,0.0,True,0,inf,0.0,,,0.0,0.5,False,0.0,0.0,0.0,0,0,1,0,,,,,1.0,0.0,-1.7539440576901115,52.531854971245984,REPD,south,,
gen_sewage_gas_590,Z14,PQ,,1.3772041085067162,0.0,False,0.0,inf,,0.0,1.0,,,-inf,inf,0.0,1.0,sewage_gas,62.99999999999999,0.0,True,0,inf,0.0,,,0.0,0.5,False,0.0,0.0,0.0,0,0,1,0,,,,,1.0,0.0,-0.6375905665681658,51.506661337413334,REPD,south,,
gen_sewage_gas_591,Z14,PQ,,6.656486524449128,0.0,False,0.0,inf,,0.0,1.0,,,-inf,inf,0.0,1.0,sewage_gas,62.99999999999999,0.0,True,0,inf,0.0,,,0.0,0.5,False,0.0,0.0,0.0,0,0,1,0,,,,,1.0,0.0,-0.3402178223916072,51.464268987328495,REPD,south,,
gen_advanced_biofuel_592,Z10,PQ,,11.369627740714797,0.0,False,0.0,inf,,0.0,1.0,,,-inf,inf,0.0,1.0,advanced_biofuel,99.00000000000001,0.0,True,0,inf,0.0,,,0.0,0.5,False,0.0,0.0,0.0,0,0,1,0,,,,,1.0,0.0,-0.012930732165273772,52.957249505090765,REPD,south,,
gen_advanced_biofuel_593,Z13,PQ,,21.656433791837706,0.0,False,0.0,inf,,0.0,1.0,,,-inf,inf,0.0,1.0,advanced_biofuel,99.00000000000001,0.0,True,0,inf,0.0,,,0.0,0.5,False,0.0,0.0,0.0,0,0,1,0,,,,,1.0,0.0,-3.538998647780499,51.750098409657056,REPD,south,,
gen_advanced_biofuel_594,Z9,PQ,,23.280666326225536,0.0,False,0.0,inf,,0.0,1.0,,,-inf,inf,0.0,1.0,advanced_biofuel,99.00000000000001,0.0,True,0,inf,0.0,,,0.0,0.5,False,0.0,0.0,0.0,0,0,1,0,,,,,1.0,0.0,-2.818887549410734,53.2826727236386,REPD,south,,
gen_advanced_biofuel_595,Z6,PQ,,10.828216895918853,0.0,False,0.0,inf,,0.0,1.0,,,-inf,inf,0.0,1.0,advanced_biofuel,99.00000000000001,0.0,True,0,inf,0.0,,,0.0,0.5,False,0.0,0.0,0.0,0,0,1,0,,,,,1.0,0.0,-2.6532941878405194,55.560489607115564,REPD,north,,
gen_advanced_biofuel_596,Z14,PQ,,10.3950882200821,0.0,False,0.0,inf,,0.0,1.0,,,-inf,inf,0.0,1.0,advanced_biofuel,99.00000000000001,0.0,True,0,inf,0.0,,,0.0,0.5,False,0.0,0.0,0.0,0,0,1,0,,,,,1.0,0.0,0.00030644939364242484,51.76710697976222,REPD,south,,
gen_advanced_biofuel_597,Z13,PQ,,7.038340982347255,0.0,False,0.0,inf,,0.0,1.0,,,-inf,inf,0.0,1.0,advanced_biofuel,99.00000000000001,0.0,True,0,inf,0.0,,,0.0,0.5,False,0.0,0.0,0.0,0,0,1,0,,,,,1.0,0.0,-2.6908376395216385,51.509653101676115,REPD,south,,
gen_advanced_biofuel_598,Z8,PQ,,27.070542239797135,0.0,False,0.0,inf,,0.0,1.0,,,-inf,inf,0.0,1.0,advanced_biofuel,99.00000000000001,0.0,True,0,inf,0.0,,,0.0,0.5,False,0.0,0.0,0.0,0,0,1,0,,,,,1.0,0.0,-0.33040656654966405,53.75855620537259,REPD,south,,
gen_advanced_biofuel_599,Z5,PQ,,10.828216895918853,0.0,False,0.0,inf,,0.0,1.0,,,-inf,inf,0.0,1.0,advanced_biofuel,99.00000000000001,0.0,True,0,inf,0.0,,,0.0,0.5,False,0.0,0.0,0.0,0,0,1,0,,,,,1.0,0.0,-4.244718247989616,55.83400361615001,REPD,north,,
gen_advanced_biofuel_600,Z11,PQ,,43.31286758367541,0.0,False,0.0,inf,,0.0,1.0,,,-inf,inf,0.0,1.0,advanced_biofuel,99.00000000000001,0.0,True,0,inf,0.0,,,0.0,0.5,False,0.0,0.0,0.0,0,0,1,0,,,,,1.0,0.0,-2.028819310073185,52.51688660336316,REPD,south,,
gen_advanced_biofuel_601,Z16,PQ,,10.828216895918853,0.0,False,0.0,inf,,0.0,1.0,,,-inf,inf,0.0,1.0,advanced_biofuel,99.00000000000001,0.0,True,0,inf,0.0,,,0.0,0.5,False,0.0,0.0,0.0,0,0,1,0,,,,,1.0,0.0,-1.9525910452467923,50.770063802597186,REPD,south,,
gen_advanced_biofuel_602,Z14,PQ,,7.579751827143198,0.0,False,0.0,inf,,0.0,1.0,,,-inf,inf,0.0,1.0,advanced_biofuel,99.00000000000001,0.0,True,0,inf,0.0,,,0.0,0.5,False,0.0,0.0,0.0,0,0,1,0,,,,,1.0,0.0,-0.8148479758011152,52.067172425073466,REPD,south,,
gen_advanced_biofuel_603,Z11,PQ,,8.12116267193914,0.0,False,0.0,inf,,0.0,1.0,,,-inf,inf,0.0,1.0,advanced_biofuel,99.00000000000001,0.0,True,0,inf,0.0,,,0.0,0.5,False,0.0,0.0,0.0,0,0,1,0,,,,,1.0,0.0,-1.479456157771453,52.893047784645915,REPD,south,,
gen_advanced_biofuel_604,Z14,PQ,,3.8981580825307875,0.0,False,0.0,inf,,0.0,1.0,,,-inf,inf,0.0,1.0,advanced_biofuel,99.00000000000001,0.0,True,0,inf,0.0,,,0.0,0.5,False,0.0,0.0,0.0,0,0,1,0,,,,,1.0,0.0,-0.4407113121496414,51.404482510909496,REPD,south,,
gen_advanced_biofuel_605,Z9,PQ,,30.319007308572793,0.0,False,0.0,inf,,0.0,1.0,,,-inf,inf,0.0,1.0,advanced_biofuel,99.00000000000001,0.0,True,0,inf,0.0,,,0.0,0.5,False,0.0,0.0,0.0,0,0,1,0,,,,,1.0,0.0,-2.9363806415571028,53.30968367693455,REPD,south,,
gen_advanced_biofuel_606,Z5,PQ,,27.070542239797135,0.0,False,0.0,inf,,0.0,1.0,,,-inf,inf,0.0,1.0,advanced_biofuel,99.00000000000001,0.0,True,0,inf,0.0,,,0.0,0.5,False,0.0,0.0,0.0,0,0,1,0,,,,,1.0,0.0,-4.008019907837401,55.84037972254347,REPD,north,,
gen_advanced_biofuel_607,Z11,PQ,,11.15306340279642,0.0,False,0.0,inf,,0.0,1.0,,,-inf,inf,0.0,1.0,advanced_biofuel,99.00000000000001,0.0,True,0,inf,0.0,,,0.0,0.5,False,0.0,0.0,0.0,0,0,1,0,,,,,1.0,0.0,-1.8417299135779022,52.462403750443606,REPD,south,,
gen_advanced_biofuel_608,Z13,PQ,,7.038340982347255,0.0,False,0.0,inf,,0.0,1.0,,,-inf,inf,0.0,1.0,advanced_biofuel,99.00000000000001,0.0,True,0,inf,0.0,,,0.0,0.5,False,0.0,0.0,0.0,0,0,1,0,,,,,1.0,0.0,-2.6908376395216385,51.509653101676115,REPD,south,,
gen_advanced_biofuel_609,Z11,PQ,,1.191103858551074,0.0,False,0.0,inf,,0.0,1.0,,,-inf,inf,0.0,1.0,advanced_biofuel,99.00000000000001,0.0,True,0,inf,0.0,,,0.0,0.5,False,0.0,0.0,0.0,0,0,1,0,,,,,1.0,0.0,-2.081971885515907,52.46856737538575,REPD,south,,
gen_advanced_biofuel_610,Z13,PQ,,10.828216895918853,0.0,False,0.0,inf,,0.0,1.0,,,-inf,inf,0.0,1.0,advanced_biofuel,99.00000000000001,0.0,True,0,inf,0.0,,,0.0,0.5,False,0.0,0.0,0.0,0,0,1,0,,,,,1.0,0.0,-3.2576666726813484,51.40141966868265,REPD,south,,
gen_advanced_biofuel_611,Z5,PQ,,13.535271119898567,0.0,False,0.0,inf,,0.0,1.0,,,-inf,inf,0.0,1.0,advanced_biofuel,99.00000000000001,0.0,True,0,inf,0.0,,,0.0,0.5,False,0.0,0.0,0.0,0,0,1,0,,,,,1.0,0.0,-3.677945851090507,55.77895356471561,REPD,north,,
gen_advanced_biofuel_612,Z10,PQ,,6.280365799632935,0.0,False,0.0,inf,,0.0,1.0,,,-inf,inf,0.0,1.0,advanced_biofuel,99.00000000000001,0.0,True,0,inf,0.0,,,0.0,0.5,False,0.0,0.0,0.0,0,0,1,0,,,,,1.0,0.0,-0.3641169257907422,53.58569103486222,REPD,south,,
gen_advanced_biofuel_613,Z11,PQ,,16.24232534387828,0.0,False,0.0,inf,,0.0,1.0,,,-inf,inf,0.0,1.0,advanced_biofuel,99.00000000000001,0.0,True,0,inf,0.0,,,0.0,0.5,False,0.0,0.0,0.0,0,0,1,0,,,,,1.0,0.0,-1.654903915697639,52.77532173110408,REPD,south,,
gen_advanced_biofuel_614,Z16,PQ,,3.5733115756532214,0.0,False,0.0,inf,,0.0,1.0,,,-inf,inf,0.0,1.0,advanced_biofuel,99.00000000000001,0.0,True,0,inf,0.0,,,0.0,0.5,False,0.0,0.0,0.0,0,0,1,0,,,,,1.0,0.0,-1.3339361676489463,50.70495238656918,REPD,south,,
gen_advanced_biofuel_615,Z11,PQ,,31.94323984296062,0.0,False,0.0,inf,,0.0,1.0,,,-inf,inf,0.0,1.0,advanced_biofuel,99.00000000000001,0.0,True,0,inf,0.0,,,0.0,0.5,False,0.0,0.0,0.0,0,0,1,0,,,,,1.0,0.0,-1.2141472132024578,53.010718792839576,REPD,south,,
gen_advanced_biofuel_616,Z5,PQ,,2.165643379183771,0.0,False,0.0,inf,,0.0,1.0,,,-inf,inf,0.0,1.0,advanced_biofuel,99.00000000000001,0.0,True,0,inf,0.0,,,0.0,0.5,False,0.0,0.0,0.0,0,0,1,0,,,,,1.0,0.0,-3.678866649285425,55.99026066839989,REPD,north,,
gen_advanced_biofuel_617,Z5,PQ,,18.40796872306205,0.0,False,0.0,inf,,0.0,1.0,,,-inf,inf,0.0,1.0,advanced_biofuel,99.00000000000001,0.0,True,0,inf,0.0,,,0.0,0.5,False,0.0,0.0,0.0,0,0,1,0,,,,,1.0,0.0,-3.6943721785701116,55.79996282474508,REPD,north,,
gen_advanced_biofuel_618,Z13,PQ,,6.496930137551312,0.0,False,0.0,inf,,0.0,1.0,,,-inf,inf,0.0,1.0,advanced_biofuel,99.00000000000001,0.0,True,0,inf,0.0,,,0.0,0.5,False,0.0,0.0,0.0,0,0,1,0,,,,,1.0,0.0,-1.927581311952337,51.55473864483573,REPD,south,,
gen_advanced_biofuel_619,Z17,PQ,,4.223004589408353,0.0,False,0.0,inf,,0.0,1.0,,,-inf,inf,0.0,1.0,advanced_biofuel,99.00000000000001,0.0,True,0,inf,0.0,,,0.0,0.5,False,0.0,0.0,0.0,0,0,1,0,,,,,1.0,0.0,-4.112791949145748,50.45137908667219,REPD,south,,
gen_CHP_620,Z10,PQ,,20.88,0.0,False,0.0,inf,,0.0,1.0,,,-inf,inf,0.0,1.0,CHP,152.95999999999998,0.0,True,0,inf,0.0,,,0.0,0.5,False,0.0,0.0,0.0,0,0,1,0,,,,,1.0,0.0,,,FES,,,
gen_CHP_621,Z10,PQ,,12.0,0.0,False,0.0,inf,,0.0,1.0,,,-inf,inf,0.0,1.0,CHP,152.95999999999998,0.0,True,0,inf,0.0,,,0.0,0.5,False,0.0,0.0,0.0,0,0,1,0,,,,,1.0,0.0,,,FES,,,
gen_CHP_622,Z10,PQ,,15.0,0.0,False,0.0,inf,,0.0,1.0,,,-inf,inf,0.0,1.0,CHP,152.95999999999998,0.0,True,0,inf,0.0,,,0.0,0.5,False,0.0,0.0,0.0,0,0,1,0,,,,,1.0,0.0,,,FES,,,
gen_CHP_623,Z10,PQ,,47.0,0.0,False,0.0,inf,,0.0,1.0,,,-inf,inf,0.0,1.0,CHP,152.95999999999998,0.0,True,0,inf,0.0,,,0.0,0.5,False,0.0,0.0,0.0,0,0,1,0,,,,,1.0,0.0,,,FES,,,
gen_CHP_624,Z10,PQ,,158.0,0.0,False,0.0,inf,,0.0,1.0,,,-inf,inf,0.0,1.0,CHP,152.95999999999998,0.0,True,0,inf,0.0,,,0.0,0.5,False,0.0,0.0,0.0,0,0,1,0,,,,,1.0,0.0,,,FES,,,
gen_CHP_625,Z10,PQ,,30.0,0.0,False,0.0,inf,,0.0,1.0,,,-inf,inf,0.0,1.0,CHP,152.95999999999998,0.0,True,0,inf,0.0,,,0.0,0.5,False,0.0,0.0,0.0,0,0,1,0,,,,,1.0,0.0,,,FES,,,
gen_biogas_626,Z10,PQ,,9.405,0.0,False,0.0,inf,,0.0,1.0,,,-inf,inf,0.0,1.0,biogas,81.0,0.0,True,0,inf,0.0,,,0.0,0.5,False,0.0,0.0,0.0,0,0,1,0,,,,,1.0,0.0,,,FES,,,
gen_biogas_627,Z10,PQ,,13.706,0.0,False,0.0,inf,,0.0,1.0,,,-inf,inf,0.0,1.0,biogas,81.0,0.0,True,0,inf,0.0,,,0.0,0.5,False,0.0,0.0,0.0,0,0,1,0,,,,,1.0,0.0,,,FES,,,
gen_biogas_628,Z10,PQ,,4.145,0.0,False,0.0,inf,,0.0,1.0,,,-inf,inf,0.0,1.0,biogas,81.0,0.0,True,0,inf,0.0,,,0.0,0.5,False,0.0,0.0,0.0,0,0,1,0,,,,,1.0,0.0,,,FES,,,
gen_biogas_629,Z10,PQ,,0.114,0.0,False,0.0,inf,,0.0,1.0,,,-inf,inf,0.0,1.0,biogas,81.0,0.0,True,0,inf,0.0,,,0.0,0.5,False,0.0,0.0,0.0,0,0,1,0,,,,,1.0,0.0,,,FES,,,
gen_biogas_630,Z10,PQ,,8.213,0.0,False,0.0,inf,,0.0,1.0,,,-inf,inf,0.0,1.0,biogas,81.0,0.0,True,0,inf,0.0,,,0.0,0.5,False,0.0,0.0,0.0,0,0,1,0,,,,,1.0,0.0,,,FES,,,
gen_biogas_631,Z10,PQ,,5.62,0.0,False,0.0,inf,,0.0,1.0,,,-inf,inf,0.0,1.0,biogas,81.0,0.0,True,0,inf,0.0,,,0.0,0.5,False,0.0,0.0,0.0,0,0,1,0,,,,,1.0,0.0,,,FES,,,
gen_biogas_632,Z10,PQ,,0.114,0.0,False,0.0,inf,,0.0,1.0,,,-inf,inf,0.0,1.0,biogas,81.0,0.0,True,0,inf,0.0,,,0.0,0.5,False,0.0,0.0,0.0,0,0,1,0,,,,,1.0,0.0,,,FES,,,
gen_biogas_633,Z10,PQ,,3.908,0.0,False,0.0,inf,,0.0,1.0,,,-inf,inf,0.0,1.0,biogas,81.0,0.0,True,0,inf,0.0,,,0.0,0.5,False,0.0,0.0,0.0,0,0,1,0,,,,,1.0,0.0,,,FES,,,
gen_biogas_634,Z10,PQ,,4.286,0.0,False,0.0,inf,,0.0,1.0,,,-inf,inf,0.0,1.0,biogas,81.0,0.0,True,0,inf,0.0,,,0.0,0.5,False,0.0,0.0,0.0,0,0,1,0,,,,,1.0,0.0,,,FES,,,
gen_biogas_635,Z10,PQ,,0.16,0.0,False,0.0,inf,,0.0,1.0,,,-inf,inf,0.0,1.0,biogas,81.0,0.0,True,0,inf,0.0,,,0.0,0.5,False,0.0,0.0,0.0,0,0,1,0,,,,,1.0,0.0,,,FES,,,
gen_biogas_636,Z10,PQ,,20.578,0.0,False,0.0,inf,,0.0,1.0,,,-inf,inf,0.0,1.0,biogas,81.0,0.0,True,0,inf,0.0,,,0.0,0.5,False,0.0,0.0,0.0,0,0,1,0,,,,,1.0,0.0,,,FES,,,
gen_biogas_637,Z10,PQ,,2.442,0.0,False,0.0,inf,,0.0,1.0,,,-inf,inf,0.0,1.0,biogas,81.0,0.0,True,0,inf,0.0,,,0.0,0.5,False,0.0,0.0,0.0,0,0,1,0,,,,,1.0,0.0,,,FES,,,
gen_biogas_638,Z10,PQ,,1.686,0.0,False,0.0,inf,,0.0,1.0,,,-inf,inf,0.0,1.0,biogas,81.0,0.0,True,0,inf,0.0,,,0.0,0.5,False,0.0,0.0,0.0,0,0,1,0,,,,,1.0,0.0,,,FES,,,
gen_biogas_639,Z10,PQ,,0.853,0.0,False,0.0,inf,,0.0,1.0,,,-inf,inf,0.0,1.0,biogas,81.0,0.0,True,0,inf,0.0,,,0.0,0.5,False,0.0,0.0,0.0,0,0,1,0,,,,,1.0,0.0,,,FES,,,
gen_biogas_640,Z10,PQ,,0.158,0.0,False,0.0,inf,,0.0,1.0,,,-inf,inf,0.0,1.0,biogas,81.0,0.0,True,0,inf,0.0,,,0.0,0.5,False,0.0,0.0,0.0,0,0,1,0,,,,,1.0,0.0,,,FES,,,
gen_biogas_641,Z10,PQ,,1.921,0.0,False,0.0,inf,,0.0,1.0,,,-inf,inf,0.0,1.0,biogas,81.0,0.0,True,0,inf,0.0,,,0.0,0.5,False,0.0,0.0,0.0,0,0,1,0,,,,,1.0,0.0,,,FES,,,
gen_biogas_642,Z10,PQ,,3.02,0.0,False,0.0,inf,,0.0,1.0,,,-inf,inf,0.0,1.0,biogas,81.0,0.0,True,0,inf,0.0,,,0.0,0.5,False,0.0,0.0,0.0,0,0,1,0,,,,,1.0,0.0,,,FES,,,
gen_biogas_643,Z10,PQ,,0.061,0.0,False,0.0,inf,,0.0,1.0,,,-inf,inf,0.0,1.0,biogas,81.0,0.0,True,0,inf,0.0,,,0.0,0.5,False,0.0,0.0,0.0,0,0,1,0,,,,,1.0,0.0,,,FES,,,
gen_biogas_644,Z10,PQ,,0.884,0.0,False,0.0,inf,,0.0,1.0,,,-inf,inf,0.0,1.0,biogas,81.0,0.0,True,0,inf,0.0,,,0.0,0.5,False,0.0,0.0,0.0,0,0,1,0,,,,,1.0,0.0,,,FES,,,
gen_biogas_645,Z10,PQ,,7.807,0.0,False,0.0,inf,,0.0,1.0,,,-inf,inf,0.0,1.0,biogas,81.0,0.0,True,0,inf,0.0,,,0.0,0.5,False,0.0,0.0,0.0,0,0,1,0,,,,,1.0,0.0,,,FES,,,
gen_biogas_646,Z10,PQ,,34.309,0.0,False,0.0,inf,,0.0,1.0,,,-inf,inf,0.0,1.0,biogas,81.0,0.0,True,0,inf,0.0,,,0.0,0.5,False,0.0,0.0,0.0,0,0,1,0,,,,,1.0,0.0,,,FES,,,
gen_biogas_647,Z10,PQ,,32.367,0.0,False,0.0,inf,,0.0,1.0,,,-inf,inf,0.0,1.0,biogas,81.0,0.0,True,0,inf,0.0,,,0.0,0.5,False,0.0,0.0,0.0,0,0,1,0,,,,,1.0,0.0,,,FES,,,
gen_biogas_648,Z10,PQ,,21.014,0.0,False,0.0,inf,,0.0,1.0,,,-inf,inf,0.0,1.0,biogas,81.0,0.0,True,0,inf,0.0,,,0.0,0.5,False,0.0,0.0,0.0,0,0,1,0,,,,,1.0,0.0,,,FES,,,
gen_biogas_649,Z10,PQ,,21.884,0.0,False,0.0,inf,,0.0,1.0,,,-inf,inf,0.0,1.0,biogas,81.0,0.0,True,0,inf,0.0,,,0.0,0.5,False,0.0,0.0,0.0,0,0,1,0,,,,,1.0,0.0,,,FES,,,
gen_biogas_650,Z10,PQ,,1.638,0.0,False,0.0,inf,,0.0,1.0,,,-inf,inf,0.0,1.0,biogas,81.0,0.0,True,0,inf,0.0,,,0.0,0.5,False,0.0,0.0,0.0,0,0,1,0,,,,,1.0,0.0,,,FES,,,
gen_biogas_651,Z10,PQ,,45.63,0.0,False,0.0,inf,,0.0,1.0,,,-inf,inf,0.0,1.0,biogas,81.0,0.0,True,0,inf,0.0,,,0.0,0.5,False,0.0,0.0,0.0,0,0,1,0,,,,,1.0,0.0,,,FES,,,
gen_biogas_652,Z10,PQ,,2.82,0.0,False,0.0,inf,,0.0,1.0,,,-inf,inf,0.0,1.0,biogas,81.0,0.0,True,0,inf,0.0,,,0.0,0.5,False,0.0,0.0,0.0,0,0,1,0,,,,,1.0,0.0,,,FES,,,
gen_biogas_653,Z10,PQ,,15.539,0.0,False,0.0,inf,,0.0,1.0,,,-inf,inf,0.0,1.0,biogas,81.0,0.0,True,0,inf,0.0,,,0.0,0.5,False,0.0,0.0,0.0,0,0,1,0,,,,,1.0,0.0,,,FES,,,
gen_biogas_654,Z10,PQ,,72.185,0.0,False,0.0,inf,,0.0,1.0,,,-inf,inf,0.0,1.0,biogas,81.0,0.0,True,0,inf,0.0,,,0.0,0.5,False,0.0,0.0,0.0,0,0,1,0,,,,,1.0,0.0,,,FES,,,
gen_biogas_655,Z10,PQ,,52.266,0.0,False,0.0,inf,,0.0,1.0,,,-inf,inf,0.0,1.0,biogas,81.0,0.0,True,0,inf,0.0,,,0.0,0.5,False,0.0,0.0,0.0,0,0,1,0,,,,,1.0,0.0,,,FES,,,
gen_biogas_656,Z10,PQ,,5.688,0.0,False,0.0,inf,,0.0,1.0,,,-inf,inf,0.0,1.0,biogas,81.0,0.0,True,0,inf,0.0,,,0.0,0.5,False,0.0,0.0,0.0,0,0,1,0,,,,,1.0,0.0,,,FES,,,
gen_biogas_657,Z10,PQ,,6.531,0.0,False,0.0,inf,,0.0,1.0,,,-inf,inf,0.0,1.0,biogas,81.0,0.0,True,0,inf,0.0,,,0.0,0.5,False,0.0,0.0,0.0,0,0,1,0,,,,,1.0,0.0,,,FES,,,
gen_biogas_658,Z10,PQ,,0.28,0.0,False,0.0,inf,,0.0,1.0,,,-inf,inf,0.0,1.0,biogas,81.0,0.0,True,0,inf,0.0,,,0.0,0.5,False,0.0,0.0,0.0,0,0,1,0,,,,,1.0,0.0,,,FES,,,
gen_biogas_659,Z10,PQ,,4.198,0.0,False,0.0,inf,,0.0,1.0,,,-inf,inf,0.0,1.0,biogas,81.0,0.0,True,0,inf,0.0,,,0.0,0.5,False,0.0,0.0,0.0,0,0,1,0,,,,,1.0,0.0,,,FES,,,
gen_biogas_660,Z10,PQ,,29.433,0.0,False,0.0,inf,,0.0,1.0,,,-inf,inf,0.0,1.0,biogas,81.0,0.0,True,0,inf,0.0,,,0.0,0.5,False,0.0,0.0,0.0,0,0,1,0,,,,,1.0,0.0,,,FES,,,
gen_biogas_661,Z10,PQ,,0.959,0.0,False,0.0,inf,,0.0,1.0,,,-inf,inf,0.0,1.0,biogas,81.0,0.0,True,0,inf,0.0,,,0.0,0.5,False,0.0,0.0,0.0,0,0,1,0,,,,,1.0,0.0,,,FES,,,
gen_biogas_662,Z10,PQ,,1.02,0.0,False,0.0,inf,,0.0,1.0,,,-inf,inf,0.0,1.0,biogas,81.0,0.0,True,0,inf,0.0,,,0.0,0.5,False,0.0,0.0,0.0,0,0,1,0,,,,,1.0,0.0,,,FES,,,
gen_biogas_663,Z10,PQ,,2.314,0.0,False,0.0,inf,,0.0,1.0,,,-inf,inf,0.0,1.0,biogas,81.0,0.0,True,0,inf,0.0,,,0.0,0.5,False,0.0,0.0,0.0,0,0,1,0,,,,,1.0,0.0,,,FES,,,
gen_biogas_664,Z10,PQ,,10.453,0.0,False,0.0,inf,,0.0,1.0,,,-inf,inf,0.0,1.0,biogas,81.0,0.0,True,0,inf,0.0,,,0.0,0.5,False,0.0,0.0,0.0,0,0,1,0,,,,,1.0,0.0,,,FES,,,
gen_biogas_665,Z10,PQ,,11.546,0.0,False,0.0,inf,,0.0,1.0,,,-inf,inf,0.0,1.0,biogas,81.0,0.0,True,0,inf,0.0,,,0.0,0.5,False,0.0,0.0,0.0,0,0,1,0,,,,,1.0,0.0,,,FES,,,
gen_biogas_666,Z10,PQ,,1.331,0.0,False,0.0,inf,,0.0,1.0,,,-inf,inf,0.0,1.0,biogas,81.0,0.0,True,0,inf,0.0,,,0.0,0.5,False,0.0,0.0,0.0,0,0,1,0,,,,,1.0,0.0,,,FES,,,
gen_biogas_667,Z10,PQ,,35.159,0.0,False,0.0,inf,,0.0,1.0,,,-inf,inf,0.0,1.0,biogas,81.0,0.0,True,0,inf,0.0,,,0.0,0.5,False,0.0,0.0,0.0,0,0,1,0,,,,,1.0,0.0,,,FES,,,
gen_biogas_668,Z10,PQ,,7.095,0.0,False,0.0,inf,,0.0,1.0,,,-inf,inf,0.0,1.0,biogas,81.0,0.0,True,0,inf,0.0,,,0.0,0.5,False,0.0,0.0,0.0,0,0,1,0,,,,,1.0,0.0,,,FES,,,
gen_biogas_669,Z10,PQ,,3.23,0.0,False,0.0,inf,,0.0,1.0,,,-inf,inf,0.0,1.0,biogas,81.0,0.0,True,0,inf,0.0,,,0.0,0.5,False,0.0,0.0,0.0,0,0,1,0,,,,,1.0,0.0,,,FES,,,
gen_biogas_670,Z10,PQ,,14.297,0.0,False,0.0,inf,,0.0,1.0,,,-inf,inf,0.0,1.0,biogas,81.0,0.0,True,0,inf,0.0,,,0.0,0.5,False,0.0,0.0,0.0,0,0,1,0,,,,,1.0,0.0,,,FES,,,
gen_biogas_671,Z10,PQ,,10.204,0.0,False,0.0,inf,,0.0,1.0,,,-inf,inf,0.0,1.0,biogas,81.0,0.0,True,0,inf,0.0,,,0.0,0.5,False,0.0,0.0,0.0,0,0,1,0,,,,,1.0,0.0,,,FES,,,
gen_biogas_672,Z10,PQ,,4.614,0.0,False,0.0,inf,,0.0,1.0,,,-inf,inf,0.0,1.0,biogas,81.0,0.0,True,0,inf,0.0,,,0.0,0.5,False,0.0,0.0,0.0,0,0,1,0,,,,,1.0,0.0,,,FES,,,
gen_biogas_673,Z10,PQ,,50.23,0.0,False,0.0,inf,,0.0,1.0,,,-inf,inf,0.0,1.0,biogas,81.0,0.0,True,0,inf,0.0,,,0.0,0.5,False,0.0,0.0,0.0,0,0,1,0,,,,,1.0,0.0,,,FES,,,
gen_biogas_674,Z10,PQ,,19.865,0.0,False,0.0,inf,,0.0,1.0,,,-inf,inf,0.0,1.0,biogas,81.0,0.0,True,0,inf,0.0,,,0.0,0.5,False,0.0,0.0,0.0,0,0,1,0,,,,,1.0,0.0,,,FES,,,
gen_biogas_675,Z10,PQ,,16.175,0.0,False,0.0,inf,,0.0,1.0,,,-inf,inf,0.0,1.0,biogas,81.0,0.0,True,0,inf,0.0,,,0.0,0.5,False,0.0,0.0,0.0,0,0,1,0,,,,,1.0,0.0,,,FES,,,
gen_biogas_676,Z10,PQ,,2.757,0.0,False,0.0,inf,,0.0,1.0,,,-inf,inf,0.0,1.0,biogas,81.0,0.0,True,0,inf,0.0,,,0.0,0.5,False,0.0,0.0,0.0,0,0,1,0,,,,,1.0,0.0,,,FES,,,
gen_biogas_677,Z10,PQ,,0.237,0.0,False,0.0,inf,,0.0,1.0,,,-inf,inf,0.0,1.0,biogas,81.0,0.0,True,0,inf,0.0,,,0.0,0.5,False,0.0,0.0,0.0,0,0,1,0,,,,,1.0,0.0,,,FES,,,
gen_biogas_678,Z10,PQ,,3.378,0.0,False,0.0,inf,,0.0,1.0,,,-inf,inf,0.0,1.0,biogas,81.0,0.0,True,0,inf,0.0,,,0.0,0.5,False,0.0,0.0,0.0,0,0,1,0,,,,,1.0,0.0,,,FES,,,
gen_biogas_679,Z10,PQ,,6.347,0.0,False,0.0,inf,,0.0,1.0,,,-inf,inf,0.0,1.0,biogas,81.0,0.0,True,0,inf,0.0,,,0.0,0.5,False,0.0,0.0,0.0,0,0,1,0,,,,,1.0,0.0,,,FES,,,
gen_biogas_680,Z10,PQ,,1.397,0.0,False,0.0,inf,,0.0,1.0,,,-inf,inf,0.0,1.0,biogas,81.0,0.0,True,0,inf,0.0,,,0.0,0.5,False,0.0,0.0,0.0,0,0,1,0,,,,,1.0,0.0,,,FES,,,
gen_biogas_681,Z10,PQ,,0.148,0.0,False,0.0,inf,,0.0,1.0,,,-inf,inf,0.0,1.0,biogas,81.0,0.0,True,0,inf,0.0,,,0.0,0.5,False,0.0,0.0,0.0,0,0,1,0,,,,,1.0,0.0,,,FES,,,
gen_biogas_682,Z10,PQ,,2.107,0.0,False,0.0,inf,,0.0,1.0,,,-inf,inf,0.0,1.0,biogas,81.0,0.0,True,0,inf,0.0,,,0.0,0.5,False,0.0,0.0,0.0,0,0,1,0,,,,,1.0,0.0,,,FES,,,
gen_biogas_683,Z10,PQ,,75.956,0.0,False,0.0,inf,,0.0,1.0,,,-inf,inf,0.0,1.0,biogas,81.0,0.0,True,0,inf,0.0,,,0.0,0.5,False,0.0,0.0,0.0,0,0,1,0,,,,,1.0,0.0,,,FES,,,
gen_biogas_684,Z10,PQ,,14.602,0.0,False,0.0,inf,,0.0,1.0,,,-inf,inf,0.0,1.0,biogas,81.0,0.0,True,0,inf,0.0,,,0.0,0.5,False,0.0,0.0,0.0,0,0,1,0,,,,,1.0,0.0,,,FES,,,
gen_biogas_685,Z10,PQ,,42.96,0.0,False,0.0,inf,,0.0,1.0,,,-inf,inf,0.0,1.0,biogas,81.0,0.0,True,0,inf,0.0,,,0.0,0.5,False,0.0,0.0,0.0,0,0,1,0,,,,,1.0,0.0,,,FES,,,
gen_biogas_686,Z10,PQ,,0.11,0.0,False,0.0,inf,,0.0,1.0,,,-inf,inf,0.0,1.0,biogas,81.0,0.0,True,0,inf,0.0,,,0.0,0.5,False,0.0,0.0,0.0,0,0,1,0,,,,,1.0,0.0,,,FES,,,
gen_biogas_687,Z10,PQ,,51.265,0.0,False,0.0,inf,,0.0,1.0,,,-inf,inf,0.0,1.0,biogas,81.0,0.0,True,0,inf,0.0,,,0.0,0.5,False,0.0,0.0,0.0,0,0,1,0,,,,,1.0,0.0,,,FES,,,
gen_biogas_688,Z10,PQ,,4.231,0.0,False,0.0,inf,,0.0,1.0,,,-inf,inf,0.0,1.0,biogas,81.0,0.0,True,0,inf,0.0,,,0.0,0.5,False,0.0,0.0,0.0,0,0,1,0,,,,,1.0,0.0,,,FES,,,
gen_biogas_689,Z10,PQ,,7.188,0.0,False,0.0,inf,,0.0,1.0,,,-inf,inf,0.0,1.0,biogas,81.0,0.0,True,0,inf,0.0,,,0.0,0.5,False,0.0,0.0,0.0,0,0,1,0,,,,,1.0,0.0,,,FES,,,
gen_biogas_690,Z10,PQ,,0.054,0.0,False,0.0,inf,,0.0,1.0,,,-inf,inf,0.0,1.0,biogas,81.0,0.0,True,0,inf,0.0,,,0.0,0.5,False,0.0,0.0,0.0,0,0,1,0,,,,,1.0,0.0,,,FES,,,
gen_biogas_691,Z10,PQ,,0.35,0.0,False,0.0,inf,,0.0,1.0,,,-inf,inf,0.0,1.0,biogas,81.0,0.0,True,0,inf,0.0,,,0.0,0.5,False,0.0,0.0,0.0,0,0,1,0,,,,,1.0,0.0,,,FES,,,
gen_biogas_692,Z10,PQ,,0.102,0.0,False,0.0,inf,,0.0,1.0,,,-inf,inf,0.0,1.0,biogas,81.0,0.0,True,0,inf,0.0,,,0.0,0.5,False,0.0,0.0,0.0,0,0,1,0,,,,,1.0,0.0,,,FES,,,
gen_biogas_693,Z10,PQ,,0.001,0.0,False,0.0,inf,,0.0,1.0,,,-inf,inf,0.0,1.0,biogas,81.0,0.0,True,0,inf,0.0,,,0.0,0.5,False,0.0,0.0,0.0,0,0,1,0,,,,,1.0,0.0,,,FES,,,
gen_biogas_694,Z10,PQ,,0.142,0.0,False,0.0,inf,,0.0,1.0,,,-inf,inf,0.0,1.0,biogas,81.0,0.0,True,0,inf,0.0,,,0.0,0.5,False,0.0,0.0,0.0,0,0,1,0,,,,,1.0,0.0,,,FES,,,
gen_biogas_695,Z10,PQ,,0.105,0.0,False,0.0,inf,,0.0,1.0,,,-inf,inf,0.0,1.0,biogas,81.0,0.0,True,0,inf,0.0,,,0.0,0.5,False,0.0,0.0,0.0,0,0,1,0,,,,,1.0,0.0,,,FES,,,
gen_biogas_696,Z10,PQ,,0.406,0.0,False,0.0,inf,,0.0,1.0,,,-inf,inf,0.0,1.0,biogas,81.0,0.0,True,0,inf,0.0,,,0.0,0.5,False,0.0,0.0,0.0,0,0,1,0,,,,,1.0,0.0,,,FES,,,
gen_biogas_697,Z10,PQ,,0.561,0.0,False,0.0,inf,,0.0,1.0,,,-inf,inf,0.0,1.0,biogas,81.0,0.0,True,0,inf,0.0,,,0.0,0.5,False,0.0,0.0,0.0,0,0,1,0,,,,,1.0,0.0,,,FES,,,
gen_biogas_698,Z10,PQ,,0.001,0.0,False,0.0,inf,,0.0,1.0,,,-inf,inf,0.0,1.0,biogas,81.0,0.0,True,0,inf,0.0,,,0.0,0.5,False,0.0,0.0,0.0,0,0,1,0,,,,,1.0,0.0,,,FES,,,
gen_biogas_699,Z10,PQ,,0.687,0.0,False,0.0,inf,,0.0,1.0,,,-inf,inf,0.0,1.0,biogas,81.0,0.0,True,0,inf,0.0,,,0.0,0.5,False,0.0,0.0,0.0,0,0,1,0,,,,,1.0,0.0,,,FES,,,
gen_biogas_700,Z10,PQ,,0.212,0.0,False,0.0,inf,,0.0,1.0,,,-inf,inf,0.0,1.0,biogas,81.0,0.0,True,0,inf,0.0,,,0.0,0.5,False,0.0,0.0,0.0,0,0,1,0,,,,,1.0,0.0,,,FES,,,
gen_biogas_701,Z10,PQ,,0.139,0.0,False,0.0,inf,,0.0,1.0,,,-inf,inf,0.0,1.0,biogas,81.0,0.0,True,0,inf,0.0,,,0.0,0.5,False,0.0,0.0,0.0,0,0,1,0,,,,,1.0,0.0,,,FES,,,
gen_biogas_702,Z10,PQ,,0.136,0.0,False,0.0,inf,,0.0,1.0,,,-inf,inf,0.0,1.0,biogas,81.0,0.0,True,0,inf,0.0,,,0.0,0.5,False,0.0,0.0,0.0,0,0,1,0,,,,,1.0,0.0,,,FES,,,
gen_biogas_703,Z10,PQ,,0.018,0.0,False,0.0,inf,,0.0,1.0,,,-inf,inf,0.0,1.0,biogas,81.0,0.0,True,0,inf,0.0,,,0.0,0.5,False,0.0,0.0,0.0,0,0,1,0,,,,,1.0,0.0,,,FES,,,
gen_biogas_704,Z10,PQ,,3.369,0.0,False,0.0,inf,,0.0,1.0,,,-inf,inf,0.0,1.0,biogas,81.0,0.0,True,0,inf,0.0,,,0.0,0.5,False,0.0,0.0,0.0,0,0,1,0,,,,,1.0,0.0,,,FES,,,
gen_biogas_705,Z10,PQ,,0.062,0.0,False,0.0,inf,,0.0,1.0,,,-inf,inf,0.0,1.0,biogas,81.0,0.0,True,0,inf,0.0,,,0.0,0.5,False,0.0,0.0,0.0,0,0,1,0,,,,,1.0,0.0,,,FES,,,
gen_biogas_706,Z10,PQ,,0.117,0.0,False,0.0,inf,,0.0,1.0,,,-inf,inf,0.0,1.0,biogas,81.0,0.0,True,0,inf,0.0,,,0.0,0.5,False,0.0,0.0,0.0,0,0,1,0,,,,,1.0,0.0,,,FES,,,
gen_biogas_707,Z10,PQ,,0.395,0.0,False,0.0,inf,,0.0,1.0,,,-inf,inf,0.0,1.0,biogas,81.0,0.0,True,0,inf,0.0,,,0.0,0.5,False,0.0,0.0,0.0,0,0,1,0,,,,,1.0,0.0,,,FES,,,
gen_biogas_708,Z10,PQ,,0.695,0.0,False,0.0,inf,,0.0,1.0,,,-inf,inf,0.0,1.0,biogas,81.0,0.0,True,0,inf,0.0,,,0.0,0.5,False,0.0,0.0,0.0,0,0,1,0,,,,,1.0,0.0,,,FES,,,
gen_biogas_709,Z10,PQ,,0.208,0.0,False,0.0,inf,,0.0,1.0,,,-inf,inf,0.0,1.0,biogas,81.0,0.0,True,0,inf,0.0,,,0.0,0.5,False,0.0,0.0,0.0,0,0,1,0,,,,,1.0,0.0,,,FES,,,
gen_biogas_710,Z10,PQ,,1.171,0.0,False,0.0,inf,,0.0,1.0,,,-inf,inf,0.0,1.0,biogas,81.0,0.0,True,0,inf,0.0,,,0.0,0.5,False,0.0,0.0,0.0,0,0,1,0,,,,,1.0,0.0,,,FES,,,
gen_biogas_711,Z10,PQ,,0.001,0.0,False,0.0,inf,,0.0,1.0,,,-inf,inf,0.0,1.0,biogas,81.0,0.0,True,0,inf,0.0,,,0.0,0.5,False,0.0,0.0,0.0,0,0,1,0,,,,,1.0,0.0,,,FES,,,
gen_biogas_712,Z10,PQ,,0.021,0.0,False,0.0,inf,,0.0,1.0,,,-inf,inf,0.0,1.0,biogas,81.0,0.0,True,0,inf,0.0,,,0.0,0.5,False,0.0,0.0,0.0,0,0,1,0,,,,,1.0,0.0,,,FES,,,
gen_biogas_713,Z10,PQ,,0.217,0.0,False,0.0,inf,,0.0,1.0,,,-inf,inf,0.0,1.0,biogas,81.0,0.0,True,0,inf,0.0,,,0.0,0.5,False,0.0,0.0,0.0,0,0,1,0,,,,,1.0,0.0,,,FES,,,
gen_biogas_714,Z10,PQ,,0.287,0.0,False,0.0,inf,,0.0,1.0,,,-inf,inf,0.0,1.0,biogas,81.0,0.0,True,0,inf,0.0,,,0.0,0.5,False,0.0,0.0,0.0,0,0,1,0,,,,,1.0,0.0,,,FES,,,
gen_biogas_715,Z10,PQ,,1.016,0.0,False,0.0,inf,,0.0,1.0,,,-inf,inf,0.0,1.0,biogas,81.0,0.0,True,0,inf,0.0,,,0.0,0.5,False,0.0,0.0,0.0,0,0,1,0,,,,,1.0,0.0,,,FES,,,
gen_biogas_716,Z10,PQ,,0.128,0.0,False,0.0,inf,,0.0,1.0,,,-inf,inf,0.0,1.0,biogas,81.0,0.0,True,0,inf,0.0,,,0.0,0.5,False,0.0,0.0,0.0,0,0,1,0,,,,,1.0,0.0,,,FES,,,
gen_biogas_717,Z10,PQ,,0.13,0.0,False,0.0,inf,,0.0,1.0,,,-inf,inf,0.0,1.0,biogas,81.0,0.0,True,0,inf,0.0,,,0.0,0.5,False,0.0,0.0,0.0,0,0,1,0,,,,,1.0,0.0,,,FES,,,
gen_biogas_718,Z10,PQ,,0.061,0.0,False,0.0,inf,,0.0,1.0,,,-inf,inf,0.0,1.0,biogas,81.0,0.0,True,0,inf,0.0,,,0.0,0.5,False,0.0,0.0,0.0,0,0,1,0,,,,,1.0,0.0,,,FES,,,
gen_biogas_719,Z10,PQ,,0.051,0.0,False,0.0,inf,,0.0,1.0,,,-inf,inf,0.0,1.0,biogas,81.0,0.0,True,0,inf,0.0,,,0.0,0.5,False,0.0,0.0,0.0,0,0,1,0,,,,,1.0,0.0,,,FES,,,
gen_biogas_720,Z10,PQ,,0.095,0.0,False,0.0,inf,,0.0,1.0,,,-inf,inf,0.0,1.0,biogas,81.0,0.0,True,0,inf,0.0,,,0.0,0.5,False,0.0,0.0,0.0,0,0,1,0,,,,,1.0,0.0,,,FES,,,
gen_biogas_721,Z10,PQ,,0.201,0.0,False,0.0,inf,,0.0,1.0,,,-inf,inf,0.0,1.0,biogas,81.0,0.0,True,0,inf,0.0,,,0.0,0.5,False,0.0,0.0,0.0,0,0,1,0,,,,,1.0,0.0,,,FES,,,
gen_biogas_722,Z10,PQ,,2.3,0.0,False,0.0,inf,,0.0,1.0,,,-inf,inf,0.0,1.0,biogas,81.0,0.0,True,0,inf,0.0,,,0.0,0.5,False,0.0,0.0,0.0,0,0,1,0,,,,,1.0,0.0,,,FES,,,
gen_biogas_723,Z10,PQ,,2.349,0.0,False,0.0,inf,,0.0,1.0,,,-inf,inf,0.0,1.0,biogas,81.0,0.0,True,0,inf,0.0,,,0.0,0.5,False,0.0,0.0,0.0,0,0,1,0,,,,,1.0,0.0,,,FES,,,
gen_biogas_724,Z10,PQ,,3.624,0.0,False,0.0,inf,,0.0,1.0,,,-inf,inf,0.0,1.0,biogas,81.0,0.0,True,0,inf,0.0,,,0.0,0.5,False,0.0,0.0,0.0,0,0,1,0,,,,,1.0,0.0,,,FES,,,
gen_biogas_725,Z10,PQ,,10.188,0.0,False,0.0,inf,,0.0,1.0,,,-inf,inf,0.0,1.0,biogas,81.0,0.0,True,0,inf,0.0,,,0.0,0.5,False,0.0,0.0,0.0,0,0,1,0,,,,,1.0,0.0,,,FES,,,
gen_biogas_726,Z10,PQ,,0.075,0.0,False,0.0,inf,,0.0,1.0,,,-inf,inf,0.0,1.0,biogas,81.0,0.0,True,0,inf,0.0,,,0.0,0.5,False,0.0,0.0,0.0,0,0,1,0,,,,,1.0,0.0,,,FES,,,
gen_biogas_727,Z10,PQ,,0.117,0.0,False,0.0,inf,,0.0,1.0,,,-inf,inf,0.0,1.0,biogas,81.0,0.0,True,0,inf,0.0,,,0.0,0.5,False,0.0,0.0,0.0,0,0,1,0,,,,,1.0,0.0,,,FES,,,
gen_biogas_728,Z10,PQ,,0.117,0.0,False,0.0,inf,,0.0,1.0,,,-inf,inf,0.0,1.0,biogas,81.0,0.0,True,0,inf,0.0,,,0.0,0.5,False,0.0,0.0,0.0,0,0,1,0,,,,,1.0,0.0,,,FES,,,
gen_biogas_729,Z10,PQ,,0.117,0.0,False,0.0,inf,,0.0,1.0,,,-inf,inf,0.0,1.0,biogas,81.0,0.0,True,0,inf,0.0,,,0.0,0.5,False,0.0,0.0,0.0,0,0,1,0,,,,,1.0,0.0,,,FES,,,
gen_biogas_730,Z10,PQ,,0.027,0.0,False,0.0,inf,,0.0,1.0,,,-inf,inf,0.0,1.0,biogas,81.0,0.0,True,0,inf,0.0,,,0.0,0.5,False,0.0,0.0,0.0,0,0,1,0,,,,,1.0,0.0,,,FES,,,
gen_biogas_731,Z10,PQ,,4.315,0.0,False,0.0,inf,,0.0,1.0,,,-inf,inf,0.0,1.0,biogas,81.0,0.0,True,0,inf,0.0,,,0.0,0.5,False,0.0,0.0,0.0,0,0,1,0,,,,,1.0,0.0,,,FES,,,
gen_biogas_732,Z10,PQ,,3.018,0.0,False,0.0,inf,,0.0,1.0,,,-inf,inf,0.0,1.0,biogas,81.0,0.0,True,0,inf,0.0,,,0.0,0.5,False,0.0,0.0,0.0,0,0,1,0,,,,,1.0,0.0,,,FES,,,
gen_biogas_733,Z10,PQ,,0.013,0.0,False,0.0,inf,,0.0,1.0,,,-inf,inf,0.0,1.0,biogas,81.0,0.0,True,0,inf,0.0,,,0.0,0.5,False,0.0,0.0,0.0,0,0,1,0,,,,,1.0,0.0,,,FES,,,
gen_biogas_734,Z10,PQ,,0.371,0.0,False,0.0,inf,,0.0,1.0,,,-inf,inf,0.0,1.0,biogas,81.0,0.0,True,0,inf,0.0,,,0.0,0.5,False,0.0,0.0,0.0,0,0,1,0,,,,,1.0,0.0,,,FES,,,
gen_biogas_735,Z10,PQ,,0.293,0.0,False,0.0,inf,,0.0,1.0,,,-inf,inf,0.0,1.0,biogas,81.0,0.0,True,0,inf,0.0,,,0.0,0.5,False,0.0,0.0,0.0,0,0,1,0,,,,,1.0,0.0,,,FES,,,
gen_biogas_736,Z10,PQ,,0.099,0.0,False,0.0,inf,,0.0,1.0,,,-inf,inf,0.0,1.0,biogas,81.0,0.0,True,0,inf,0.0,,,0.0,0.5,False,0.0,0.0,0.0,0,0,1,0,,,,,1.0,0.0,,,FES,,,
gen_biogas_737,Z10,PQ,,17.541,0.0,False,0.0,inf,,0.0,1.0,,,-inf,inf,0.0,1.0,biogas,81.0,0.0,True,0,inf,0.0,,,0.0,0.5,False,0.0,0.0,0.0,0,0,1,0,,,,,1.0,0.0,,,FES,,,
gen_biogas_738,Z10,PQ,,0.039,0.0,False,0.0,inf,,0.0,1.0,,,-inf,inf,0.0,1.0,biogas,81.0,0.0,True,0,inf,0.0,,,0.0,0.5,False,0.0,0.0,0.0,0,0,1,0,,,,,1.0,0.0,,,FES,,,
gen_biogas_739,Z10,PQ,,0.231,0.0,False,0.0,inf,,0.0,1.0,,,-inf,inf,0.0,1.0,biogas,81.0,0.0,True,0,inf,0.0,,,0.0,0.5,False,0.0,0.0,0.0,0,0,1,0,,,,,1.0,0.0,,,FES,,,
gen_biogas_740,Z10,PQ,,0.001,0.0,False,0.0,inf,,0.0,1.0,,,-inf,inf,0.0,1.0,biogas,81.0,0.0,True,0,inf,0.0,,,0.0,0.5,False,0.0,0.0,0.0,0,0,1,0,,,,,1.0,0.0,,,FES,,,
gen_biogas_741,Z10,PQ,,0.231,0.0,False,0.0,inf,,0.0,1.0,,,-inf,inf,0.0,1.0,biogas,81.0,0.0,True,0,inf,0.0,,,0.0,0.5,False,0.0,0.0,0.0,0,0,1,0,,,,,1.0,0.0,,,FES,,,
gen_biogas_742,Z10,PQ,,0.18,0.0,False,0.0,inf,,0.0,1.0,,,-inf,inf,0.0,1.0,biogas,81.0,0.0,True,0,inf,0.0,,,0.0,0.5,False,0.0,0.0,0.0,0,0,1,0,,,,,1.0,0.0,,,FES,,,
gen_biogas_743,Z10,PQ,,0.034,0.0,False,0.0,inf,,0.0,1.0,,,-inf,inf,0.0,1.0,biogas,81.0,0.0,True,0,inf,0.0,,,0.0,0.5,False,0.0,0.0,0.0,0,0,1,0,,,,,1.0,0.0,,,FES,,,
gen_biogas_744,Z10,PQ,,20.626,0.0,False,0.0,inf,,0.0,1.0,,,-inf,inf,0.0,1.0,biogas,81.0,0.0,True,0,inf,0.0,,,0.0,0.5,False,0.0,0.0,0.0,0,0,1,0,,,,,1.0,0.0,,,FES,,,
gen_biogas_745,Z10,PQ,,3.759,0.0,False,0.0,inf,,0.0,1.0,,,-inf,inf,0.0,1.0,biogas,81.0,0.0,True,0,inf,0.0,,,0.0,0.5,False,0.0,0.0,0.0,0,0,1,0,,,,,1.0,0.0,,,FES,,,
gen_biogas_746,Z10,PQ,,0.114,0.0,False,0.0,inf,,0.0,1.0,,,-inf,inf,0.0,1.0,biogas,81.0,0.0,True,0,inf,0.0,,,0.0,0.5,False,0.0,0.0,0.0,0,0,1,0,,,,,1.0,0.0,,,FES,,,
gen_biogas_747,Z10,PQ,,2.295,0.0,False,0.0,inf,,0.0,1.0,,,-inf,inf,0.0,1.0,biogas,81.0,0.0,True,0,inf,0.0,,,0.0,0.5,False,0.0,0.0,0.0,0,0,1,0,,,,,1.0,0.0,,,FES,,,
gen_biogas_748,Z10,PQ,,0.084,0.0,False,0.0,inf,,0.0,1.0,,,-inf,inf,0.0,1.0,biogas,81.0,0.0,True,0,inf,0.0,,,0.0,0.5,False,0.0,0.0,0.0,0,0,1,0,,,,,1.0,0.0,,,FES,,,
gen_biogas_749,Z10,PQ,,0.091,0.0,False,0.0,inf,,0.0,1.0,,,-inf,inf,0.0,1.0,biogas,81.0,0.0,True,0,inf,0.0,,,0.0,0.5,False,0.0,0.0,0.0,0,0,1,0,,,,,1.0,0.0,,,FES,,,
gen_biogas_750,Z10,PQ,,4.313,0.0,False,0.0,inf,,0.0,1.0,,,-inf,inf,0.0,1.0,biogas,81.0,0.0,True,0,inf,0.0,,,0.0,0.5,False,0.0,0.0,0.0,0,0,1,0,,,,,1.0,0.0,,,FES,,,
gen_biogas_751,Z10,PQ,,7.079,0.0,False,0.0,inf,,0.0,1.0,,,-inf,inf,0.0,1.0,biogas,81.0,0.0,True,0,inf,0.0,,,0.0,0.5,False,0.0,0.0,0.0,0,0,1,0,,,,,1.0,0.0,,,FES,,,
gen_biogas_752,Z10,PQ,,9.436,0.0,False,0.0,inf,,0.0,1.0,,,-inf,inf,0.0,1.0,biogas,81.0,0.0,True,0,inf,0.0,,,0.0,0.5,False,0.0,0.0,0.0,0,0,1,0,,,,,1.0,0.0,,,FES,,,
gen_biogas_753,Z10,PQ,,6.144,0.0,False,0.0,inf,,0.0,1.0,,,-inf,inf,0.0,1.0,biogas,81.0,0.0,True,0,inf,0.0,,,0.0,0.5,False,0.0,0.0,0.0,0,0,1,0,,,,,1.0,0.0,,,FES,,,
gen_biogas_754,Z10,PQ,,16.647,0.0,False,0.0,inf,,0.0,1.0,,,-inf,inf,0.0,1.0,biogas,81.0,0.0,True,0,inf,0.0,,,0.0,0.5,False,0.0,0.0,0.0,0,0,1,0,,,,,1.0,0.0,,,FES,,,
gen_biogas_755,Z10,PQ,,3.696,0.0,False,0.0,inf,,0.0,1.0,,,-inf,inf,0.0,1.0,biogas,81.0,0.0,True,0,inf,0.0,,,0.0,0.5,False,0.0,0.0,0.0,0,0,1,0,,,,,1.0,0.0,,,FES,,,
gen_biogas_756,Z10,PQ,,0.352,0.0,False,0.0,inf,,0.0,1.0,,,-inf,inf,0.0,1.0,biogas,81.0,0.0,True,0,inf,0.0,,,0.0,0.5,False,0.0,0.0,0.0,0,0,1,0,,,,,1.0,0.0,,,FES,,,
gen_biogas_757,Z10,PQ,,25.544,0.0,False,0.0,inf,,0.0,1.0,,,-inf,inf,0.0,1.0,biogas,81.0,0.0,True,0,inf,0.0,,,0.0,0.5,False,0.0,0.0,0.0,0,0,1,0,,,,,1.0,0.0,,,FES,,,
gen_biogas_758,Z10,PQ,,0.233,0.0,False,0.0,inf,,0.0,1.0,,,-inf,inf,0.0,1.0,biogas,81.0,0.0,True,0,inf,0.0,,,0.0,0.5,False,0.0,0.0,0.0,0,0,1,0,,,,,1.0,0.0,,,FES,,,
gen_biogas_759,Z10,PQ,,0.344,0.0,False,0.0,inf,,0.0,1.0,,,-inf,inf,0.0,1.0,biogas,81.0,0.0,True,0,inf,0.0,,,0.0,0.5,False,0.0,0.0,0.0,0,0,1,0,,,,,1.0,0.0,,,FES,,,
gen_biogas_760,Z10,PQ,,6.198,0.0,False,0.0,inf,,0.0,1.0,,,-inf,inf,0.0,1.0,biogas,81.0,0.0,True,0,inf,0.0,,,0.0,0.5,False,0.0,0.0,0.0,0,0,1,0,,,,,1.0,0.0,,,FES,,,
gen_biogas_761,Z10,PQ,,0.261,0.0,False,0.0,inf,,0.0,1.0,,,-inf,inf,0.0,1.0,biogas,81.0,0.0,True,0,inf,0.0,,,0.0,0.5,False,0.0,0.0,0.0,0,0,1,0,,,,,1.0,0.0,,,FES,,,
gen_biogas_762,Z10,PQ,,3.89,0.0,False,0.0,inf,,0.0,1.0,,,-inf,inf,0.0,1.0,biogas,81.0,0.0,True,0,inf,0.0,,,0.0,0.5,False,0.0,0.0,0.0,0,0,1,0,,,,,1.0,0.0,,,FES,,,
gen_biogas_763,Z10,PQ,,0.016,0.0,False,0.0,inf,,0.0,1.0,,,-inf,inf,0.0,1.0,biogas,81.0,0.0,True,0,inf,0.0,,,0.0,0.5,False,0.0,0.0,0.0,0,0,1,0,,,,,1.0,0.0,,,FES,,,
gen_biogas_764,Z10,PQ,,0.312,0.0,False,0.0,inf,,0.0,1.0,,,-inf,inf,0.0,1.0,biogas,81.0,0.0,True,0,inf,0.0,,,0.0,0.5,False,0.0,0.0,0.0,0,0,1,0,,,,,1.0,0.0,,,FES,,,
gen_biogas_765,Z10,PQ,,0.047,0.0,False,0.0,inf,,0.0,1.0,,,-inf,inf,0.0,1.0,biogas,81.0,0.0,True,0,inf,0.0,,,0.0,0.5,False,0.0,0.0,0.0,0,0,1,0,,,,,1.0,0.0,,,FES,,,
gen_biogas_766,Z10,PQ,,0.018,0.0,False,0.0,inf,,0.0,1.0,,,-inf,inf,0.0,1.0,biogas,81.0,0.0,True,0,inf,0.0,,,0.0,0.5,False,0.0,0.0,0.0,0,0,1,0,,,,,1.0,0.0,,,FES,,,
gen_biogas_767,Z10,PQ,,0.029,0.0,False,0.0,inf,,0.0,1.0,,,-inf,inf,0.0,1.0,biogas,81.0,0.0,True,0,inf,0.0,,,0.0,0.5,False,0.0,0.0,0.0,0,0,1,0,,,,,1.0,0.0,,,FES,,,
gen_biogas_768,Z10,PQ,,0.17,0.0,False,0.0,inf,,0.0,1.0,,,-inf,inf,0.0,1.0,biogas,81.0,0.0,True,0,inf,0.0,,,0.0,0.5,False,0.0,0.0,0.0,0,0,1,0,,,,,1.0,0.0,,,FES,,,
gen_biogas_769,Z10,PQ,,0.072,0.0,False,0.0,inf,,0.0,1.0,,,-inf,inf,0.0,1.0,biogas,81.0,0.0,True,0,inf,0.0,,,0.0,0.5,False,0.0,0.0,0.0,0,0,1,0,,,,,1.0,0.0,,,FES,,,
gen_biogas_770,Z10,PQ,,0.039,0.0,False,0.0,inf,,0.0,1.0,,,-inf,inf,0.0,1.0,biogas,81.0,0.0,True,0,inf,0.0,,,0.0,0.5,False,0.0,0.0,0.0,0,0,1,0,,,,,1.0,0.0,,,FES,,,
gen_biogas_771,Z10,PQ,,0.255,0.0,False,0.0,inf,,0.0,1.0,,,-inf,inf,0.0,1.0,biogas,81.0,0.0,True,0,inf,0.0,,,0.0,0.5,False,0.0,0.0,0.0,0,0,1,0,,,,,1.0,0.0,,,FES,,,
gen_biogas_772,Z10,PQ,,0.246,0.0,False,0.0,inf,,0.0,1.0,,,-inf,inf,0.0,1.0,biogas,81.0,0.0,True,0,inf,0.0,,,0.0,0.5,False,0.0,0.0,0.0,0,0,1,0,,,,,1.0,0.0,,,FES,,,
gen_biogas_773,Z10,PQ,,0.028,0.0,False,0.0,inf,,0.0,1.0,,,-inf,inf,0.0,1.0,biogas,81.0,0.0,True,0,inf,0.0,,,0.0,0.5,False,0.0,0.0,0.0,0,0,1,0,,,,,1.0,0.0,,,FES,,,
gen_biogas_774,Z10,PQ,,0.044,0.0,False,0.0,inf,,0.0,1.0,,,-inf,inf,0.0,1.0,biogas,81.0,0.0,True,0,inf,0.0,,,0.0,0.5,False,0.0,0.0,0.0,0,0,1,0,,,,,1.0,0.0,,,FES,,,
gen_biogas_775,Z10,PQ,,0.194,0.0,False,0.0,inf,,0.0,1.0,,,-inf,inf,0.0,1.0,biogas,81.0,0.0,True,0,inf,0.0,,,0.0,0.5,False,0.0,0.0,0.0,0,0,1,0,,,,,1.0,0.0,,,FES,,,
gen_biogas_776,Z10,PQ,,0.137,0.0,False,0.0,inf,,0.0,1.0,,,-inf,inf,0.0,1.0,biogas,81.0,0.0,True,0,inf,0.0,,,0.0,0.5,False,0.0,0.0,0.0,0,0,1,0,,,,,1.0,0.0,,,FES,,,
gen_biogas_777,Z10,PQ,,0.01,0.0,False,0.0,inf,,0.0,1.0,,,-inf,inf,0.0,1.0,biogas,81.0,0.0,True,0,inf,0.0,,,0.0,0.5,False,0.0,0.0,0.0,0,0,1,0,,,,,1.0,0.0,,,FES,,,
gen_biogas_778,Z10,PQ,,0.01,0.0,False,0.0,inf,,0.0,1.0,,,-inf,inf,0.0,1.0,biogas,81.0,0.0,True,0,inf,0.0,,,0.0,0.5,False,0.0,0.0,0.0,0,0,1,0,,,,,1.0,0.0,,,FES,,,
gen_biogas_779,Z10,PQ,,0.113,0.0,False,0.0,inf,,0.0,1.0,,,-inf,inf,0.0,1.0,biogas,81.0,0.0,True,0,inf,0.0,,,0.0,0.5,False,0.0,0.0,0.0,0,0,1,0,,,,,1.0,0.0,,,FES,,,
gen_biogas_780,Z10,PQ,,0.166,0.0,False,0.0,inf,,0.0,1.0,,,-inf,inf,0.0,1.0,biogas,81.0,0.0,True,0,inf,0.0,,,0.0,0.5,False,0.0,0.0,0.0,0,0,1,0,,,,,1.0,0.0,,,FES,,,
gen_biogas_781,Z10,PQ,,0.13,0.0,False,0.0,inf,,0.0,1.0,,,-inf,inf,0.0,1.0,biogas,81.0,0.0,True,0,inf,0.0,,,0.0,0.5,False,0.0,0.0,0.0,0,0,1,0,,,,,1.0,0.0,,,FES,,,
gen_biogas_782,Z10,PQ,,0.063,0.0,False,0.0,inf,,0.0,1.0,,,-inf,inf,0.0,1.0,biogas,81.0,0.0,True,0,inf,0.0,,,0.0,0.5,False,0.0,0.0,0.0,0,0,1,0,,,,,1.0,0.0,,,FES,,,
gen_biogas_783,Z10,PQ,,0.138,0.0,False,0.0,inf,,0.0,1.0,,,-inf,inf,0.0,1.0,biogas,81.0,0.0,True,0,inf,0.0,,,0.0,0.5,False,0.0,0.0,0.0,0,0,1,0,,,,,1.0,0.0,,,FES,,,
gen_biogas_784,Z10,PQ,,0.039,0.0,False,0.0,inf,,0.0,1.0,,,-inf,inf,0.0,1.0,biogas,81.0,0.0,True,0,inf,0.0,,,0.0,0.5,False,0.0,0.0,0.0,0,0,1,0,,,,,1.0,0.0,,,FES,,,
gen_biogas_785,Z10,PQ,,0.781,0.0,False,0.0,inf,,0.0,1.0,,,-inf,inf,0.0,1.0,biogas,81.0,0.0,True,0,inf,0.0,,,0.0,0.5,False,0.0,0.0,0.0,0,0,1,0,,,,,1.0,0.0,,,FES,,,
gen_biogas_786,Z10,PQ,,0.046,0.0,False,0.0,inf,,0.0,1.0,,,-inf,inf,0.0,1.0,biogas,81.0,0.0,True,0,inf,0.0,,,0.0,0.5,False,0.0,0.0,0.0,0,0,1,0,,,,,1.0,0.0,,,FES,,,
gen_biogas_787,Z10,PQ,,2.225,0.0,False,0.0,inf,,0.0,1.0,,,-inf,inf,0.0,1.0,biogas,81.0,0.0,True,0,inf,0.0,,,0.0,0.5,False,0.0,0.0,0.0,0,0,1,0,,,,,1.0,0.0,,,FES,,,
gen_biogas_788,Z10,PQ,,0.326,0.0,False,0.0,inf,,0.0,1.0,,,-inf,inf,0.0,1.0,biogas,81.0,0.0,True,0,inf,0.0,,,0.0,0.5,False,0.0,0.0,0.0,0,0,1,0,,,,,1.0,0.0,,,FES,,,
gen_biogas_789,Z10,PQ,,10.639,0.0,False,0.0,inf,,0.0,1.0,,,-inf,inf,0.0,1.0,biogas,81.0,0.0,True,0,inf,0.0,,,0.0,0.5,False,0.0,0.0,0.0,0,0,1,0,,,,,1.0,0.0,,,FES,,,
gen_biogas_790,Z10,PQ,,0.161,0.0,False,0.0,inf,,0.0,1.0,,,-inf,inf,0.0,1.0,biogas,81.0,0.0,True,0,inf,0.0,,,0.0,0.5,False,0.0,0.0,0.0,0,0,1,0,,,,,1.0,0.0,,,FES,,,
gen_biogas_791,Z10,PQ,,0.262,0.0,False,0.0,inf,,0.0,1.0,,,-inf,inf,0.0,1.0,biogas,81.0,0.0,True,0,inf,0.0,,,0.0,0.5,False,0.0,0.0,0.0,0,0,1,0,,,,,1.0,0.0,,,FES,,,
gen_biogas_792,Z10,PQ,,0.616,0.0,False,0.0,inf,,0.0,1.0,,,-inf,inf,0.0,1.0,biogas,81.0,0.0,True,0,inf,0.0,,,0.0,0.5,False,0.0,0.0,0.0,0,0,1,0,,,,,1.0,0.0,,,FES,,,
gen_biogas_793,Z10,PQ,,1.527,0.0,False,0.0,inf,,0.0,1.0,,,-inf,inf,0.0,1.0,biogas,81.0,0.0,True,0,inf,0.0,,,0.0,0.5,False,0.0,0.0,0.0,0,0,1,0,,,,,1.0,0.0,,,FES,,,
gen_biogas_794,Z10,PQ,,0.063,0.0,False,0.0,inf,,0.0,1.0,,,-inf,inf,0.0,1.0,biogas,81.0,0.0,True,0,inf,0.0,,,0.0,0.5,False,0.0,0.0,0.0,0,0,1,0,,,,,1.0,0.0,,,FES,,,
gen_biogas_795,Z10,PQ,,0.058,0.0,False,0.0,inf,,0.0,1.0,,,-inf,inf,0.0,1.0,biogas,81.0,0.0,True,0,inf,0.0,,,0.0,0.5,False,0.0,0.0,0.0,0,0,1,0,,,,,1.0,0.0,,,FES,,,
gen_biogas_796,Z10,PQ,,0.341,0.0,False,0.0,inf,,0.0,1.0,,,-inf,inf,0.0,1.0,biogas,81.0,0.0,True,0,inf,0.0,,,0.0,0.5,False,0.0,0.0,0.0,0,0,1,0,,,,,1.0,0.0,,,FES,,,
gen_biogas_797,Z10,PQ,,3.541,0.0,False,0.0,inf,,0.0,1.0,,,-inf,inf,0.0,1.0,biogas,81.0,0.0,True,0,inf,0.0,,,0.0,0.5,False,0.0,0.0,0.0,0,0,1,0,,,,,1.0,0.0,,,FES,,,
gen_biogas_798,Z10,PQ,,14.553,0.0,False,0.0,inf,,0.0,1.0,,,-inf,inf,0.0,1.0,biogas,81.0,0.0,True,0,inf,0.0,,,0.0,0.5,False,0.0,0.0,0.0,0,0,1,0,,,,,1.0,0.0,,,FES,,,
gen_biogas_799,Z10,PQ,,0.376,0.0,False,0.0,inf,,0.0,1.0,,,-inf,inf,0.0,1.0,biogas,81.0,0.0,True,0,inf,0.0,,,0.0,0.5,False,0.0,0.0,0.0,0,0,1,0,,,,,1.0,0.0,,,FES,,,
gen_biogas_800,Z10,PQ,,0.261,0.0,False,0.0,inf,,0.0,1.0,,,-inf,inf,0.0,1.0,biogas,81.0,0.0,True,0,inf,0.0,,,0.0,0.5,False,0.0,0.0,0.0,0,0,1,0,,,,,1.0,0.0,,,FES,,,
gen_biogas_801,Z10,PQ,,0.05,0.0,False,0.0,inf,,0.0,1.0,,,-inf,inf,0.0,1.0,biogas,81.0,0.0,True,0,inf,0.0,,,0.0,0.5,False,0.0,0.0,0.0,0,0,1,0,,,,,1.0,0.0,,,FES,,,
gen_biogas_802,Z10,PQ,,95.822,0.0,False,0.0,inf,,0.0,1.0,,,-inf,inf,0.0,1.0,biogas,81.0,0.0,True,0,inf,0.0,,,0.0,0.5,False,0.0,0.0,0.0,0,0,1,0,,,,,1.0,0.0,,,FES,,,
gen_biogas_803,Z10,PQ,,4.894,0.0,False,0.0,inf,,0.0,1.0,,,-inf,inf,0.0,1.0,biogas,81.0,0.0,True,0,inf,0.0,,,0.0,0.5,False,0.0,0.0,0.0,0,0,1,0,,,,,1.0,0.0,,,FES,,,
gen_biogas_804,Z10,PQ,,0.102,0.0,False,0.0,inf,,0.0,1.0,,,-inf,inf,0.0,1.0,biogas,81.0,0.0,True,0,inf,0.0,,,0.0,0.5,False,0.0,0.0,0.0,0,0,1,0,,,,,1.0,0.0,,,FES,,,
gen_biogas_805,Z10,PQ,,0.316,0.0,False,0.0,inf,,0.0,1.0,,,-inf,inf,0.0,1.0,biogas,81.0,0.0,True,0,inf,0.0,,,0.0,0.5,False,0.0,0.0,0.0,0,0,1,0,,,,,1.0,0.0,,,FES,,,
gen_biogas_806,Z10,PQ,,4.312,0.0,False,0.0,inf,,0.0,1.0,,,-inf,inf,0.0,1.0,biogas,81.0,0.0,True,0,inf,0.0,,,0.0,0.5,False,0.0,0.0,0.0,0,0,1,0,,,,,1.0,0.0,,,FES,,,
gen_biogas_807,Z10,PQ,,0.162,0.0,False,0.0,inf,,0.0,1.0,,,-inf,inf,0.0,1.0,biogas,81.0,0.0,True,0,inf,0.0,,,0.0,0.5,False,0.0,0.0,0.0,0,0,1,0,,,,,1.0,0.0,,,FES,,,
gen_biogas_808,Z10,PQ,,4.557,0.0,False,0.0,inf,,0.0,1.0,,,-inf,inf,0.0,1.0,biogas,81.0,0.0,True,0,inf,0.0,,,0.0,0.5,False,0.0,0.0,0.0,0,0,1,0,,,,,1.0,0.0,,,FES,,,
gen_biogas_809,Z10,PQ,,0.437,0.0,False,0.0,inf,,0.0,1.0,,,-inf,inf,0.0,1.0,biogas,81.0,0.0,True,0,inf,0.0,,,0.0,0.5,False,0.0,0.0,0.0,0,0,1,0,,,,,1.0,0.0,,,FES,,,
gen_biogas_810,Z10,PQ,,0.284,0.0,False,0.0,inf,,0.0,1.0,,,-inf,inf,0.0,1.0,biogas,81.0,0.0,True,0,inf,0.0,,,0.0,0.5,False,0.0,0.0,0.0,0,0,1,0,,,,,1.0,0.0,,,FES,,,
gen_biogas_811,Z10,PQ,,2.163,0.0,False,0.0,inf,,0.0,1.0,,,-inf,inf,0.0,1.0,biogas,81.0,0.0,True,0,inf,0.0,,,0.0,0.5,False,0.0,0.0,0.0,0,0,1,0,,,,,1.0,0.0,,,FES,,,
gen_biogas_812,Z10,PQ,,0.241,0.0,False,0.0,inf,,0.0,1.0,,,-inf,inf,0.0,1.0,biogas,81.0,0.0,True,0,inf,0.0,,,0.0,0.5,False,0.0,0.0,0.0,0,0,1,0,,,,,1.0,0.0,,,FES,,,
gen_biogas_813,Z10,PQ,,15.191,0.0,False,0.0,inf,,0.0,1.0,,,-inf,inf,0.0,1.0,biogas,81.0,0.0,True,0,inf,0.0,,,0.0,0.5,False,0.0,0.0,0.0,0,0,1,0,,,,,1.0,0.0,,,FES,,,
gen_biogas_814,Z10,PQ,,2.377,0.0,False,0.0,inf,,0.0,1.0,,,-inf,inf,0.0,1.0,biogas,81.0,0.0,True,0,inf,0.0,,,0.0,0.5,False,0.0,0.0,0.0,0,0,1,0,,,,,1.0,0.0,,,FES,,,
gen_biogas_815,Z10,PQ,,102.697,0.0,False,0.0,inf,,0.0,1.0,,,-inf,inf,0.0,1.0,biogas,81.0,0.0,True,0,inf,0.0,,,0.0,0.5,False,0.0,0.0,0.0,0,0,1,0,,,,,1.0,0.0,,,FES,,,
gen_biogas_816,Z10,PQ,,3.207,0.0,False,0.0,inf,,0.0,1.0,,,-inf,inf,0.0,1.0,biogas,81.0,0.0,True,0,inf,0.0,,,0.0,0.5,False,0.0,0.0,0.0,0,0,1,0,,,,,1.0,0.0,,,FES,,,
gen_biogas_817,Z10,PQ,,0.002,0.0,False,0.0,inf,,0.0,1.0,,,-inf,inf,0.0,1.0,biogas,81.0,0.0,True,0,inf,0.0,,,0.0,0.5,False,0.0,0.0,0.0,0,0,1,0,,,,,1.0,0.0,,,FES,,,
gen_biogas_818,Z10,PQ,,0.196,0.0,False,0.0,inf,,0.0,1.0,,,-inf,inf,0.0,1.0,biogas,81.0,0.0,True,0,inf,0.0,,,0.0,0.5,False,0.0,0.0,0.0,0,0,1,0,,,,,1.0,0.0,,,FES,,,
gen_biogas_819,Z10,PQ,,0.038,0.0,False,0.0,inf,,0.0,1.0,,,-inf,inf,0.0,1.0,biogas,81.0,0.0,True,0,inf,0.0,,,0.0,0.5,False,0.0,0.0,0.0,0,0,1,0,,,,,1.0,0.0,,,FES,,,
gen_biogas_820,Z10,PQ,,0.001,0.0,False,0.0,inf,,0.0,1.0,,,-inf,inf,0.0,1.0,biogas,81.0,0.0,True,0,inf,0.0,,,0.0,0.5,False,0.0,0.0,0.0,0,0,1,0,,,,,1.0,0.0,,,FES,,,
gen_biogas_821,Z10,PQ,,0.1,0.0,False,0.0,inf,,0.0,1.0,,,-inf,inf,0.0,1.0,biogas,81.0,0.0,True,0,inf,0.0,,,0.0,0.5,False,0.0,0.0,0.0,0,0,1,0,,,,,1.0,0.0,,,FES,,,
gen_biogas_822,Z10,PQ,,0.065,0.0,False,0.0,inf,,0.0,1.0,,,-inf,inf,0.0,1.0,biogas,81.0,0.0,True,0,inf,0.0,,,0.0,0.5,False,0.0,0.0,0.0,0,0,1,0,,,,,1.0,0.0,,,FES,,,
gen_biogas_823,Z10,PQ,,0.125,0.0,False,0.0,inf,,0.0,1.0,,,-inf,inf,0.0,1.0,biogas,81.0,0.0,True,0,inf,0.0,,,0.0,0.5,False,0.0,0.0,0.0,0,0,1,0,,,,,1.0,0.0,,,FES,,,
gen_biogas_824,Z10,PQ,,0.054,0.0,False,0.0,inf,,0.0,1.0,,,-inf,inf,0.0,1.0,biogas,81.0,0.0,True,0,inf,0.0,,,0.0,0.5,False,0.0,0.0,0.0,0,0,1,0,,,,,1.0,0.0,,,FES,,,
gen_biogas_825,Z10,PQ,,0.1,0.0,False,0.0,inf,,0.0,1.0,,,-inf,inf,0.0,1.0,biogas,81.0,0.0,True,0,inf,0.0,,,0.0,0.5,False,0.0,0.0,0.0,0,0,1,0,,,,,1.0,0.0,,,FES,,,
gen_biogas_826,Z10,PQ,,0.214,0.0,False,0.0,inf,,0.0,1.0,,,-inf,inf,0.0,1.0,biogas,81.0,0.0,True,0,inf,0.0,,,0.0,0.5,False,0.0,0.0,0.0,0,0,1,0,,,,,1.0,0.0,,,FES,,,
gen_biogas_827,Z10,PQ,,21.693,0.0,False,0.0,inf,,0.0,1.0,,,-inf,inf,0.0,1.0,biogas,81.0,0.0,True,0,inf,0.0,,,0.0,0.5,False,0.0,0.0,0.0,0,0,1,0,,,,,1.0,0.0,,,FES,,,
gen_biogas_828,Z10,PQ,,0.09,0.0,False,0.0,inf,,0.0,1.0,,,-inf,inf,0.0,1.0,biogas,81.0,0.0,True,0,inf,0.0,,,0.0,0.5,False,0.0,0.0,0.0,0,0,1,0,,,,,1.0,0.0,,,FES,,,
gen_biogas_829,Z10,PQ,,0.151,0.0,False,0.0,inf,,0.0,1.0,,,-inf,inf,0.0,1.0,biogas,81.0,0.0,True,0,inf,0.0,,,0.0,0.5,False,0.0,0.0,0.0,0,0,1,0,,,,,1.0,0.0,,,FES,,,
gen_biogas_830,Z10,PQ,,0.146,0.0,False,0.0,inf,,0.0,1.0,,,-inf,inf,0.0,1.0,biogas,81.0,0.0,True,0,inf,0.0,,,0.0,0.5,False,0.0,0.0,0.0,0,0,1,0,,,,,1.0,0.0,,,FES,,,
gen_biogas_831,Z10,PQ,,0.065,0.0,False,0.0,inf,,0.0,1.0,,,-inf,inf,0.0,1.0,biogas,81.0,0.0,True,0,inf,0.0,,,0.0,0.5,False,0.0,0.0,0.0,0,0,1,0,,,,,1.0,0.0,,,FES,,,
gen_biogas_832,Z10,PQ,,0.247,0.0,False,0.0,inf,,0.0,1.0,,,-inf,inf,0.0,1.0,biogas,81.0,0.0,True,0,inf,0.0,,,0.0,0.5,False,0.0,0.0,0.0,0,0,1,0,,,,,1.0,0.0,,,FES,,,
gen_biogas_833,Z10,PQ,,0.777,0.0,False,0.0,inf,,0.0,1.0,,,-inf,inf,0.0,1.0,biogas,81.0,0.0,True,0,inf,0.0,,,0.0,0.5,False,0.0,0.0,0.0,0,0,1,0,,,,,1.0,0.0,,,FES,,,
gen_biogas_834,Z10,PQ,,0.148,0.0,False,0.0,inf,,0.0,1.0,,,-inf,inf,0.0,1.0,biogas,81.0,0.0,True,0,inf,0.0,,,0.0,0.5,False,0.0,0.0,0.0,0,0,1,0,,,,,1.0,0.0,,,FES,,,
gen_biogas_835,Z10,PQ,,0.347,0.0,False,0.0,inf,,0.0,1.0,,,-inf,inf,0.0,1.0,biogas,81.0,0.0,True,0,inf,0.0,,,0.0,0.5,False,0.0,0.0,0.0,0,0,1,0,,,,,1.0,0.0,,,FES,,,
gen_biogas_836,Z10,PQ,,0.196,0.0,False,0.0,inf,,0.0,1.0,,,-inf,inf,0.0,1.0,biogas,81.0,0.0,True,0,inf,0.0,,,0.0,0.5,False,0.0,0.0,0.0,0,0,1,0,,,,,1.0,0.0,,,FES,,,
gen_gas_engine_837,Z10,PQ,,21.0,0.0,False,0.0,inf,,0.0,1.0,,,-inf,inf,0.0,1.0,gas_engine,172.0,0.0,True,0,inf,0.0,,,0.0,0.5,False,0.0,0.0,0.0,0,0,1,0,,,,,1.0,0.0,,,FES,,,
gen_gas_engine_838,Z10,PQ,,21.0,0.0,False,0.0,inf,,0.0,1.0,,,-inf,inf,0.0,1.0,gas_engine,172.0,0.0,True,0,inf,0.0,,,0.0,0.5,False,0.0,0.0,0.0,0,0,1,0,,,,,1.0,0.0,,,FES,,,
gen_gas_engine_839,Z10,PQ,,21.0,0.0,False,0.0,inf,,0.0,1.0,,,-inf,inf,0.0,1.0,gas_engine,172.0,0.0,True,0,inf,0.0,,,0.0,0.5,False,0.0,0.0,0.0,0,0,1,0,,,,,1.0,0.0,,,FES,,,
gen_gas_engine_840,Z10,PQ,,61.0,0.0,False,0.0,inf,,0.0,1.0,,,-inf,inf,0.0,1.0,gas_engine,172.0,0.0,True,0,inf,0.0,,,0.0,0.5,False,0.0,0.0,0.0,0,0,1,0,,,,,1.0,0.0,,,FES,,,
gen_gas_engine_841,Z10,PQ,,31.0,0.0,False,0.0,inf,,0.0,1.0,,,-inf,inf,0.0,1.0,gas_engine,172.0,0.0,True,0,inf,0.0,,,0.0,0.5,False,0.0,0.0,0.0,0,0,1,0,,,,,1.0,0.0,,,FES,,,
gen_gas_engine_842,Z10,PQ,,10.0,0.0,False,0.0,inf,,0.0,1.0,,,-inf,inf,0.0,1.0,gas_engine,172.0,0.0,True,0,inf,0.0,,,0.0,0.5,False,0.0,0.0,0.0,0,0,1,0,,,,,1.0,0.0,,,FES,,,
gen_gas_engine_843,Z10,PQ,,10.0,0.0,False,0.0,inf,,0.0,1.0,,,-inf,inf,0.0,1.0,gas_engine,172.0,0.0,True,0,inf,0.0,,,0.0,0.5,False,0.0,0.0,0.0,0,0,1,0,,,,,1.0,0.0,,,FES,,,
gen_gas_engine_844,Z10,PQ,,20.0,0.0,False,0.0,inf,,0.0,1.0,,,-inf,inf,0.0,1.0,gas_engine,172.0,0.0,True,0,inf,0.0,,,0.0,0.5,False,0.0,0.0,0.0,0,0,1,0,,,,,1.0,0.0,,,FES,,,
gen_gas_engine_845,Z10,PQ,,20.0,0.0,False,0.0,inf,,0.0,1.0,,,-inf,inf,0.0,1.0,gas_engine,172.0,0.0,True,0,inf,0.0,,,0.0,0.5,False,0.0,0.0,0.0,0,0,1,0,,,,,1.0,0.0,,,FES,,,
gen_gas_engine_846,Z10,PQ,,12.0,0.0,False,0.0,inf,,0.0,1.0,,,-inf,inf,0.0,1.0,gas_engine,172.0,0.0,True,0,inf,0.0,,,0.0,0.5,False,0.0,0.0,0.0,0,0,1,0,,,,,1.0,0.0,,,FES,,,
gen_gas_engine_847,Z10,PQ,,20.0,0.0,False,0.0,inf,,0.0,1.0,,,-inf,inf,0.0,1.0,gas_engine,172.0,0.0,True,0,inf,0.0,,,0.0,0.5,False,0.0,0.0,0.0,0,0,1,0,,,,,1.0,0.0,,,FES,,,
gen_gas_engine_848,Z10,PQ,,41.0,0.0,False,0.0,inf,,0.0,1.0,,,-inf,inf,0.0,1.0,gas_engine,172.0,0.0,True,0,inf,0.0,,,0.0,0.5,False,0.0,0.0,0.0,0,0,1,0,,,,,1.0,0.0,,,FES,,,
gen_gas_engine_849,Z10,PQ,,45.0,0.0,False,0.0,inf,,0.0,1.0,,,-inf,inf,0.0,1.0,gas_engine,172.0,0.0,True,0,inf,0.0,,,0.0,0.5,False,0.0,0.0,0.0,0,0,1,0,,,,,1.0,0.0,,,FES,,,
gen_gas_engine_850,Z10,PQ,,15.0,0.0,False,0.0,inf,,0.0,1.0,,,-inf,inf,0.0,1.0,gas_engine,172.0,0.0,True,0,inf,0.0,,,0.0,0.5,False,0.0,0.0,0.0,0,0,1,0,,,,,1.0,0.0,,,FES,,,
gen_gas_engine_851,Z10,PQ,,10.0,0.0,False,0.0,inf,,0.0,1.0,,,-inf,inf,0.0,1.0,gas_engine,172.0,0.0,True,0,inf,0.0,,,0.0,0.5,False,0.0,0.0,0.0,0,0,1,0,,,,,1.0,0.0,,,FES,,,
gen_OCGT_852,Z10,PQ,,90.0,0.0,False,0.0,inf,,0.0,1.0,,,-inf,inf,0.0,1.0,OCGT,152.95999999999998,0.0,True,0,inf,0.0,,,0.0,0.5,False,0.0,0.0,0.0,0,0,1,0,,,,,1.0,0.0,,,FES,,,
gen_OCGT_853,Z10,PQ,,189.9,0.0,False,0.0,inf,,0.0,1.0,,,-inf,inf,0.0,1.0,OCGT,152.95999999999998,0.0,True,0,inf,0.0,,,0.0,0.5,False,0.0,0.0,0.0,0,0,1,0,,,,,1.0,0.0,,,FES,,,
gen_biomass_854,Z10,PQ,,0.579,0.0,False,0.0,inf,,0.0,1.0,,,-inf,inf,0.0,1.0,biomass,90.0,0.0,True,0,inf,0.0,,,0.0,0.5,False,0.0,0.0,0.0,0,0,1,0,,,,,1.0,0.0,,,FES,,,
gen_biomass_855,Z10,PQ,,3.305,0.0,False,0.0,inf,,0.0,1.0,,,-inf,inf,0.0,1.0,biomass,90.0,0.0,True,0,inf,0.0,,,0.0,0.5,False,0.0,0.0,0.0,0,0,1,0,,,,,1.0,0.0,,,FES,,,
gen_biomass_856,Z10,PQ,,0.879,0.0,False,0.0,inf,,0.0,1.0,,,-inf,inf,0.0,1.0,biomass,90.0,0.0,True,0,inf,0.0,,,0.0,0.5,False,0.0,0.0,0.0,0,0,1,0,,,,,1.0,0.0,,,FES,,,
gen_biomass_857,Z10,PQ,,0.096,0.0,False,0.0,inf,,0.0,1.0,,,-inf,inf,0.0,1.0,biomass,90.0,0.0,True,0,inf,0.0,,,0.0,0.5,False,0.0,0.0,0.0,0,0,1,0,,,,,1.0,0.0,,,FES,,,
gen_biomass_858,Z10,PQ,,0.383,0.0,False,0.0,inf,,0.0,1.0,,,-inf,inf,0.0,1.0,biomass,90.0,0.0,True,0,inf,0.0,,,0.0,0.5,False,0.0,0.0,0.0,0,0,1,0,,,,,1.0,0.0,,,FES,,,
gen_biomass_859,Z10,PQ,,0.969,0.0,False,0.0,inf,,0.0,1.0,,,-inf,inf,0.0,1.0,biomass,90.0,0.0,True,0,inf,0.0,,,0.0,0.5,False,0.0,0.0,0.0,0,0,1,0,,,,,1.0,0.0,,,FES,,,
gen_biomass_860,Z10,PQ,,5.521,0.0,False,0.0,inf,,0.0,1.0,,,-inf,inf,0.0,1.0,biomass,90.0,0.0,True,0,inf,0.0,,,0.0,0.5,False,0.0,0.0,0.0,0,0,1,0,,,,,1.0,0.0,,,FES,,,
gen_biomass_861,Z10,PQ,,0.219,0.0,False,0.0,inf,,0.0,1.0,,,-inf,inf,0.0,1.0,biomass,90.0,0.0,True,0,inf,0.0,,,0.0,0.5,False,0.0,0.0,0.0,0,0,1,0,,,,,1.0,0.0,,,FES,,,
gen_biomass_862,Z10,PQ,,0.344,0.0,False,0.0,inf,,0.0,1.0,,,-inf,inf,0.0,1.0,biomass,90.0,0.0,True,0,inf,0.0,,,0.0,0.5,False,0.0,0.0,0.0,0,0,1,0,,,,,1.0,0.0,,,FES,,,
gen_biomass_863,Z10,PQ,,0.273,0.0,False,0.0,inf,,0.0,1.0,,,-inf,inf,0.0,1.0,biomass,90.0,0.0,True,0,inf,0.0,,,0.0,0.5,False,0.0,0.0,0.0,0,0,1,0,,,,,1.0,0.0,,,FES,,,
gen_biomass_864,Z10,PQ,,21.225,0.0,False,0.0,inf,,0.0,1.0,,,-inf,inf,0.0,1.0,biomass,90.0,0.0,True,0,inf,0.0,,,0.0,0.5,False,0.0,0.0,0.0,0,0,1,0,,,,,1.0,0.0,,,FES,,,
gen_biomass_865,Z10,PQ,,1.093,0.0,False,0.0,inf,,0.0,1.0,,,-inf,inf,0.0,1.0,biomass,90.0,0.0,True,0,inf,0.0,,,0.0,0.5,False,0.0,0.0,0.0,0,0,1,0,,,,,1.0,0.0,,,FES,,,
gen_biomass_866,Z10,PQ,,7.163,0.0,False,0.0,inf,,0.0,1.0,,,-inf,inf,0.0,1.0,biomass,90.0,0.0,True,0,inf,0.0,,,0.0,0.5,False,0.0,0.0,0.0,0,0,1,0,,,,,1.0,0.0,,,FES,,,
gen_biomass_867,Z10,PQ,,0.793,0.0,False,0.0,inf,,0.0,1.0,,,-inf,inf,0.0,1.0,biomass,90.0,0.0,True,0,inf,0.0,,,0.0,0.5,False,0.0,0.0,0.0,0,0,1,0,,,,,1.0,0.0,,,FES,,,
gen_biomass_868,Z10,PQ,,0.752,0.0,False,0.0,inf,,0.0,1.0,,,-inf,inf,0.0,1.0,biomass,90.0,0.0,True,0,inf,0.0,,,0.0,0.5,False,0.0,0.0,0.0,0,0,1,0,,,,,1.0,0.0,,,FES,,,
gen_biomass_869,Z10,PQ,,36.062,0.0,False,0.0,inf,,0.0,1.0,,,-inf,inf,0.0,1.0,biomass,90.0,0.0,True,0,inf,0.0,,,0.0,0.5,False,0.0,0.0,0.0,0,0,1,0,,,,,1.0,0.0,,,FES,,,
gen_biomass_870,Z10,PQ,,1.53,0.0,False,0.0,inf,,0.0,1.0,,,-inf,inf,0.0,1.0,biomass,90.0,0.0,True,0,inf,0.0,,,0.0,0.5,False,0.0,0.0,0.0,0,0,1,0,,,,,1.0,0.0,,,FES,,,
gen_biomass_871,Z10,PQ,,6.671,0.0,False,0.0,inf,,0.0,1.0,,,-inf,inf,0.0,1.0,biomass,90.0,0.0,True,0,inf,0.0,,,0.0,0.5,False,0.0,0.0,0.0,0,0,1,0,,,,,1.0,0.0,,,FES,,,
gen_biomass_872,Z10,PQ,,37.144,0.0,False,0.0,inf,,0.0,1.0,,,-inf,inf,0.0,1.0,biomass,90.0,0.0,True,0,inf,0.0,,,0.0,0.5,False,0.0,0.0,0.0,0,0,1,0,,,,,1.0,0.0,,,FES,,,
gen_biomass_873,Z10,PQ,,1.393,0.0,False,0.0,inf,,0.0,1.0,,,-inf,inf,0.0,1.0,biomass,90.0,0.0,True,0,inf,0.0,,,0.0,0.5,False,0.0,0.0,0.0,0,0,1,0,,,,,1.0,0.0,,,FES,,,
gen_biomass_874,Z10,PQ,,2.527,0.0,False,0.0,inf,,0.0,1.0,,,-inf,inf,0.0,1.0,biomass,90.0,0.0,True,0,inf,0.0,,,0.0,0.5,False,0.0,0.0,0.0,0,0,1,0,,,,,1.0,0.0,,,FES,,,
gen_biomass_875,Z10,PQ,,6.268,0.0,False,0.0,inf,,0.0,1.0,,,-inf,inf,0.0,1.0,biomass,90.0,0.0,True,0,inf,0.0,,,0.0,0.5,False,0.0,0.0,0.0,0,0,1,0,,,,,1.0,0.0,,,FES,,,
gen_biomass_876,Z10,PQ,,0.082,0.0,False,0.0,inf,,0.0,1.0,,,-inf,inf,0.0,1.0,biomass,90.0,0.0,True,0,inf,0.0,,,0.0,0.5,False,0.0,0.0,0.0,0,0,1,0,,,,,1.0,0.0,,,FES,,,
gen_biomass_877,Z10,PQ,,0.716,0.0,False,0.0,inf,,0.0,1.0,,,-inf,inf,0.0,1.0,biomass,90.0,0.0,True,0,inf,0.0,,,0.0,0.5,False,0.0,0.0,0.0,0,0,1,0,,,,,1.0,0.0,,,FES,,,
gen_biomass_878,Z10,PQ,,0.545,0.0,False,0.0,inf,,0.0,1.0,,,-inf,inf,0.0,1.0,biomass,90.0,0.0,True,0,inf,0.0,,,0.0,0.5,False,0.0,0.0,0.0,0,0,1,0,,,,,1.0,0.0,,,FES,,,
gen_biomass_879,Z10,PQ,,0.283,0.0,False,0.0,inf,,0.0,1.0,,,-inf,inf,0.0,1.0,biomass,90.0,0.0,True,0,inf,0.0,,,0.0,0.5,False,0.0,0.0,0.0,0,0,1,0,,,,,1.0,0.0,,,FES,,,
gen_biomass_880,Z10,PQ,,5.65,0.0,False,0.0,inf,,0.0,1.0,,,-inf,inf,0.0,1.0,biomass,90.0,0.0,True,0,inf,0.0,,,0.0,0.5,False,0.0,0.0,0.0,0,0,1,0,,,,,1.0,0.0,,,FES,,,
gen_biomass_881,Z10,PQ,,1.913,0.0,False,0.0,inf,,0.0,1.0,,,-inf,inf,0.0,1.0,biomass,90.0,0.0,True,0,inf,0.0,,,0.0,0.5,False,0.0,0.0,0.0,0,0,1,0,,,,,1.0,0.0,,,FES,,,
gen_biomass_882,Z10,PQ,,1.874,0.0,False,0.0,inf,,0.0,1.0,,,-inf,inf,0.0,1.0,biomass,90.0,0.0,True,0,inf,0.0,,,0.0,0.5,False,0.0,0.0,0.0,0,0,1,0,,,,,1.0,0.0,,,FES,,,
gen_biomass_883,Z10,PQ,,5.192,0.0,False,0.0,inf,,0.0,1.0,,,-inf,inf,0.0,1.0,biomass,90.0,0.0,True,0,inf,0.0,,,0.0,0.5,False,0.0,0.0,0.0,0,0,1,0,,,,,1.0,0.0,,,FES,,,
gen_biomass_884,Z10,PQ,,2.186,0.0,False,0.0,inf,,0.0,1.0,,,-inf,inf,0.0,1.0,biomass,90.0,0.0,True,0,inf,0.0,,,0.0,0.5,False,0.0,0.0,0.0,0,0,1,0,,,,,1.0,0.0,,,FES,,,
gen_biomass_885,Z10,PQ,,0.071,0.0,False,0.0,inf,,0.0,1.0,,,-inf,inf,0.0,1.0,biomass,90.0,0.0,True,0,inf,0.0,,,0.0,0.5,False,0.0,0.0,0.0,0,0,1,0,,,,,1.0,0.0,,,FES,,,
gen_biomass_886,Z10,PQ,,0.456,0.0,False,0.0,inf,,0.0,1.0,,,-inf,inf,0.0,1.0,biomass,90.0,0.0,True,0,inf,0.0,,,0.0,0.5,False,0.0,0.0,0.0,0,0,1,0,,,,,1.0,0.0,,,FES,,,
gen_biomass_887,Z10,PQ,,0.667,0.0,False,0.0,inf,,0.0,1.0,,,-inf,inf,0.0,1.0,biomass,90.0,0.0,True,0,inf,0.0,,,0.0,0.5,False,0.0,0.0,0.0,0,0,1,0,,,,,1.0,0.0,,,FES,,,
gen_biomass_888,Z10,PQ,,0.26,0.0,False,0.0,inf,,0.0,1.0,,,-inf,inf,0.0,1.0,biomass,90.0,0.0,True,0,inf,0.0,,,0.0,0.5,False,0.0,0.0,0.0,0,0,1,0,,,,,1.0,0.0,,,FES,,,
gen_biomass_889,Z10,PQ,,26.781,0.0,False,0.0,inf,,0.0,1.0,,,-inf,inf,0.0,1.0,biomass,90.0,0.0,True,0,inf,0.0,,,0.0,0.5,False,0.0,0.0,0.0,0,0,1,0,,,,,1.0,0.0,,,FES,,,
gen_biomass_890,Z10,PQ,,15.715,0.0,False,0.0,inf,,0.0,1.0,,,-inf,inf,0.0,1.0,biomass,90.0,0.0,True,0,inf,0.0,,,0.0,0.5,False,0.0,0.0,0.0,0,0,1,0,,,,,1.0,0.0,,,FES,,,
gen_biomass_891,Z10,PQ,,1.312,0.0,False,0.0,inf,,0.0,1.0,,,-inf,inf,0.0,1.0,biomass,90.0,0.0,True,0,inf,0.0,,,0.0,0.5,False,0.0,0.0,0.0,0,0,1,0,,,,,1.0,0.0,,,FES,,,
gen_biomass_892,Z10,PQ,,0.783,0.0,False,0.0,inf,,0.0,1.0,,,-inf,inf,0.0,1.0,biomass,90.0,0.0,True,0,inf,0.0,,,0.0,0.5,False,0.0,0.0,0.0,0,0,1,0,,,,,1.0,0.0,,,FES,,,
gen_biomass_893,Z10,PQ,,33.313,0.0,False,0.0,inf,,0.0,1.0,,,-inf,inf,0.0,1.0,biomass,90.0,0.0,True,0,inf,0.0,,,0.0,0.5,False,0.0,0.0,0.0,0,0,1,0,,,,,1.0,0.0,,,FES,,,
gen_biomass_894,Z10,PQ,,22.371,0.0,False,0.0,inf,,0.0,1.0,,,-inf,inf,0.0,1.0,biomass,90.0,0.0,True,0,inf,0.0,,,0.0,0.5,False,0.0,0.0,0.0,0,0,1,0,,,,,1.0,0.0,,,FES,,,
gen_biomass_895,Z10,PQ,,23.365,0.0,False,0.0,inf,,0.0,1.0,,,-inf,inf,0.0,1.0,biomass,90.0,0.0,True,0,inf,0.0,,,0.0,0.5,False,0.0,0.0,0.0,0,0,1,0,,,,,1.0,0.0,,,FES,,,
gen_biomass_896,Z10,PQ,,1.148,0.0,False,0.0,inf,,0.0,1.0,,,-inf,inf,0.0,1.0,biomass,90.0,0.0,True,0,inf,0.0,,,0.0,0.5,False,0.0,0.0,0.0,0,0,1,0,,,,,1.0,0.0,,,FES,,,
gen_biomass_897,Z10,PQ,,0.547,0.0,False,0.0,inf,,0.0,1.0,,,-inf,inf,0.0,1.0,biomass,90.0,0.0,True,0,inf,0.0,,,0.0,0.5,False,0.0,0.0,0.0,0,0,1,0,,,,,1.0,0.0,,,FES,,,
gen_biomass_898,Z10,PQ,,1.421,0.0,False,0.0,inf,,0.0,1.0,,,-inf,inf,0.0,1.0,biomass,90.0,0.0,True,0,inf,0.0,,,0.0,0.5,False,0.0,0.0,0.0,0,0,1,0,,,,,1.0,0.0,,,FES,,,
gen_biomass_899,Z10,PQ,,9.292,0.0,False,0.0,inf,,0.0,1.0,,,-inf,inf,0.0,1.0,biomass,90.0,0.0,True,0,inf,0.0,,,0.0,0.5,False,0.0,0.0,0.0,0,0,1,0,,,,,1.0,0.0,,,FES,,,
gen_biomass_900,Z10,PQ,,0.26,0.0,False,0.0,inf,,0.0,1.0,,,-inf,inf,0.0,1.0,biomass,90.0,0.0,True,0,inf,0.0,,,0.0,0.5,False,0.0,0.0,0.0,0,0,1,0,,,,,1.0,0.0,,,FES,,,
gen_biomass_901,Z10,PQ,,3.582,0.0,False,0.0,inf,,0.0,1.0,,,-inf,inf,0.0,1.0,biomass,90.0,0.0,True,0,inf,0.0,,,0.0,0.5,False,0.0,0.0,0.0,0,0,1,0,,,,,1.0,0.0,,,FES,,,
gen_biomass_902,Z10,PQ,,2.0,0.0,False,0.0,inf,,0.0,1.0,,,-inf,inf,0.0,1.0,biomass,90.0,0.0,True,0,inf,0.0,,,0.0,0.5,False,0.0,0.0,0.0,0,0,1,0,,,,,1.0,0.0,,,FES,,,
gen_biomass_903,Z10,PQ,,10.931,0.0,False,0.0,inf,,0.0,1.0,,,-inf,inf,0.0,1.0,biomass,90.0,0.0,True,0,inf,0.0,,,0.0,0.5,False,0.0,0.0,0.0,0,0,1,0,,,,,1.0,0.0,,,FES,,,
gen_biomass_904,Z10,PQ,,3.827,0.0,False,0.0,inf,,0.0,1.0,,,-inf,inf,0.0,1.0,biomass,90.0,0.0,True,0,inf,0.0,,,0.0,0.5,False,0.0,0.0,0.0,0,0,1,0,,,,,1.0,0.0,,,FES,,,
gen_biomass_905,Z10,PQ,,0.273,0.0,False,0.0,inf,,0.0,1.0,,,-inf,inf,0.0,1.0,biomass,90.0,0.0,True,0,inf,0.0,,,0.0,0.5,False,0.0,0.0,0.0,0,0,1,0,,,,,1.0,0.0,,,FES,,,
gen_biomass_906,Z10,PQ,,0.219,0.0,False,0.0,inf,,0.0,1.0,,,-inf,inf,0.0,1.0,biomass,90.0,0.0,True,0,inf,0.0,,,0.0,0.5,False,0.0,0.0,0.0,0,0,1,0,,,,,1.0,0.0,,,FES,,,
gen_biomass_907,Z10,PQ,,4.154,0.0,False,0.0,inf,,0.0,1.0,,,-inf,inf,0.0,1.0,biomass,90.0,0.0,True,0,inf,0.0,,,0.0,0.5,False,0.0,0.0,0.0,0,0,1,0,,,,,1.0,0.0,,,FES,,,
gen_biomass_908,Z10,PQ,,3.061,0.0,False,0.0,inf,,0.0,1.0,,,-inf,inf,0.0,1.0,biomass,90.0,0.0,True,0,inf,0.0,,,0.0,0.5,False,0.0,0.0,0.0,0,0,1,0,,,,,1.0,0.0,,,FES,,,
gen_biomass_909,Z10,PQ,,1.059,0.0,False,0.0,inf,,0.0,1.0,,,-inf,inf,0.0,1.0,biomass,90.0,0.0,True,0,inf,0.0,,,0.0,0.5,False,0.0,0.0,0.0,0,0,1,0,,,,,1.0,0.0,,,FES,,,
gen_biomass_910,Z10,PQ,,1.913,0.0,False,0.0,inf,,0.0,1.0,,,-inf,inf,0.0,1.0,biomass,90.0,0.0,True,0,inf,0.0,,,0.0,0.5,False,0.0,0.0,0.0,0,0,1,0,,,,,1.0,0.0,,,FES,,,
gen_biomass_911,Z10,PQ,,0.197,0.0,False,0.0,inf,,0.0,1.0,,,-inf,inf,0.0,1.0,biomass,90.0,0.0,True,0,inf,0.0,,,0.0,0.5,False,0.0,0.0,0.0,0,0,1,0,,,,,1.0,0.0,,,FES,,,
gen_biomass_912,Z10,PQ,,0.197,0.0,False,0.0,inf,,0.0,1.0,,,-inf,inf,0.0,1.0,biomass,90.0,0.0,True,0,inf,0.0,,,0.0,0.5,False,0.0,0.0,0.0,0,0,1,0,,,,,1.0,0.0,,,FES,,,
gen_biomass_913,Z10,PQ,,2.878,0.0,False,0.0,inf,,0.0,1.0,,,-inf,inf,0.0,1.0,biomass,90.0,0.0,True,0,inf,0.0,,,0.0,0.5,False,0.0,0.0,0.0,0,0,1,0,,,,,1.0,0.0,,,FES,,,
gen_biomass_914,Z10,PQ,,62.527,0.0,False,0.0,inf,,0.0,1.0,,,-inf,inf,0.0,1.0,biomass,90.0,0.0,True,0,inf,0.0,,,0.0,0.5,False,0.0,0.0,0.0,0,0,1,0,,,,,1.0,0.0,,,FES,,,
gen_biomass_915,Z10,PQ,,2.323,0.0,False,0.0,inf,,0.0,1.0,,,-inf,inf,0.0,1.0,biomass,90.0,0.0,True,0,inf,0.0,,,0.0,0.5,False,0.0,0.0,0.0,0,0,1,0,,,,,1.0,0.0,,,FES,,,
gen_biomass_916,Z10,PQ,,2.878,0.0,False,0.0,inf,,0.0,1.0,,,-inf,inf,0.0,1.0,biomass,90.0,0.0,True,0,inf,0.0,,,0.0,0.5,False,0.0,0.0,0.0,0,0,1,0,,,,,1.0,0.0,,,FES,,,
gen_biomass_917,Z10,PQ,,1.257,0.0,False,0.0,inf,,0.0,1.0,,,-inf,inf,0.0,1.0,biomass,90.0,0.0,True,0,inf,0.0,,,0.0,0.5,False,0.0,0.0,0.0,0,0,1,0,,,,,1.0,0.0,,,FES,,,
gen_biomass_918,Z10,PQ,,45.556,0.0,False,0.0,inf,,0.0,1.0,,,-inf,inf,0.0,1.0,biomass,90.0,0.0,True,0,inf,0.0,,,0.0,0.5,False,0.0,0.0,0.0,0,0,1,0,,,,,1.0,0.0,,,FES,,,
gen_biomass_919,Z10,PQ,,32.794,0.0,False,0.0,inf,,0.0,1.0,,,-inf,inf,0.0,1.0,biomass,90.0,0.0,True,0,inf,0.0,,,0.0,0.5,False,0.0,0.0,0.0,0,0,1,0,,,,,1.0,0.0,,,FES,,,
gen_biomass_920,Z10,PQ,,1.185,0.0,False,0.0,inf,,0.0,1.0,,,-inf,inf,0.0,1.0,biomass,90.0,0.0,True,0,inf,0.0,,,0.0,0.5,False,0.0,0.0,0.0,0,0,1,0,,,,,1.0,0.0,,,FES,,,
gen_biomass_921,Z10,PQ,,1.421,0.0,False,0.0,inf,,0.0,1.0,,,-inf,inf,0.0,1.0,biomass,90.0,0.0,True,0,inf,0.0,,,0.0,0.5,False,0.0,0.0,0.0,0,0,1,0,,,,,1.0,0.0,,,FES,,,
gen_biomass_922,Z10,PQ,,0.126,0.0,False,0.0,inf,,0.0,1.0,,,-inf,inf,0.0,1.0,biomass,90.0,0.0,True,0,inf,0.0,,,0.0,0.5,False,0.0,0.0,0.0,0,0,1,0,,,,,1.0,0.0,,,FES,,,
gen_biomass_923,Z10,PQ,,0.555,0.0,False,0.0,inf,,0.0,1.0,,,-inf,inf,0.0,1.0,biomass,90.0,0.0,True,0,inf,0.0,,,0.0,0.5,False,0.0,0.0,0.0,0,0,1,0,,,,,1.0,0.0,,,FES,,,
gen_biomass_924,Z10,PQ,,0.547,0.0,False,0.0,inf,,0.0,1.0,,,-inf,inf,0.0,1.0,biomass,90.0,0.0,True,0,inf,0.0,,,0.0,0.5,False,0.0,0.0,0.0,0,0,1,0,,,,,1.0,0.0,,,FES,,,
gen_biomass_925,Z10,PQ,,89.538,0.0,False,0.0,inf,,0.0,1.0,,,-inf,inf,0.0,1.0,biomass,90.0,0.0,True,0,inf,0.0,,,0.0,0.5,False,0.0,0.0,0.0,0,0,1,0,,,,,1.0,0.0,,,FES,,,
gen_biomass_926,Z10,PQ,,1.137,0.0,False,0.0,inf,,0.0,1.0,,,-inf,inf,0.0,1.0,biomass,90.0,0.0,True,0,inf,0.0,,,0.0,0.5,False,0.0,0.0,0.0,0,0,1,0,,,,,1.0,0.0,,,FES,,,
gen_biomass_927,Z10,PQ,,0.75,0.0,False,0.0,inf,,0.0,1.0,,,-inf,inf,0.0,1.0,biomass,90.0,0.0,True,0,inf,0.0,,,0.0,0.5,False,0.0,0.0,0.0,0,0,1,0,,,,,1.0,0.0,,,FES,,,
gen_biomass_928,Z10,PQ,,1.093,0.0,False,0.0,inf,,0.0,1.0,,,-inf,inf,0.0,1.0,biomass,90.0,0.0,True,0,inf,0.0,,,0.0,0.5,False,0.0,0.0,0.0,0,0,1,0,,,,,1.0,0.0,,,FES,,,
gen_biomass_929,Z10,PQ,,0.629,0.0,False,0.0,inf,,0.0,1.0,,,-inf,inf,0.0,1.0,biomass,90.0,0.0,True,0,inf,0.0,,,0.0,0.5,False,0.0,0.0,0.0,0,0,1,0,,,,,1.0,0.0,,,FES,,,
gen_waste_to_energy_930,Z10,PQ,,10.685,0.0,False,0.0,inf,,0.0,1.0,,,-inf,inf,0.0,1.0,waste_to_energy,75.6,0.0,True,0,inf,0.0,,,0.0,0.5,False,0.0,0.0,0.0,0,0,1,0,,,,,1.0,0.0,,,FES,,,
gen_waste_to_energy_931,Z10,PQ,,5.682,0.0,False,0.0,inf,,0.0,1.0,,,-inf,inf,0.0,1.0,waste_to_energy,75.6,0.0,True,0,inf,0.0,,,0.0,0.5,False,0.0,0.0,0.0,0,0,1,0,,,,,1.0,0.0,,,FES,,,
gen_waste_to_energy_932,Z10,PQ,,28.978,0.0,False,0.0,inf,,0.0,1.0,,,-inf,inf,0.0,1.0,waste_to_energy,75.6,0.0,True,0,inf,0.0,,,0.0,0.5,False,0.0,0.0,0.0,0,0,1,0,,,,,1.0,0.0,,,FES,,,
gen_waste_to_energy_933,Z10,PQ,,62.589,0.0,False,0.0,inf,,0.0,1.0,,,-inf,inf,0.0,1.0,waste_to_energy,75.6,0.0,True,0,inf,0.0,,,0.0,0.5,False,0.0,0.0,0.0,0,0,1,0,,,,,1.0,0.0,,,FES,,,
gen_waste_to_energy_934,Z10,PQ,,4.546,0.0,False,0.0,inf,,0.0,1.0,,,-inf,inf,0.0,1.0,waste_to_energy,75.6,0.0,True,0,inf,0.0,,,0.0,0.5,False,0.0,0.0,0.0,0,0,1,0,,,,,1.0,0.0,,,FES,,,
gen_waste_to_energy_935,Z10,PQ,,72.73,0.0,False,0.0,inf,,0.0,1.0,,,-inf,inf,0.0,1.0,waste_to_energy,75.6,0.0,True,0,inf,0.0,,,0.0,0.5,False,0.0,0.0,0.0,0,0,1,0,,,,,1.0,0.0,,,FES,,,
gen_waste_to_energy_936,Z10,PQ,,51.657,0.0,False,0.0,inf,,0.0,1.0,,,-inf,inf,0.0,1.0,waste_to_energy,75.6,0.0,True,0,inf,0.0,,,0.0,0.5,False,0.0,0.0,0.0,0,0,1,0,,,,,1.0,0.0,,,FES,,,
gen_waste_to_energy_937,Z10,PQ,,12.007,0.0,False,0.0,inf,,0.0,1.0,,,-inf,inf,0.0,1.0,waste_to_energy,75.6,0.0,True,0,inf,0.0,,,0.0,0.5,False,0.0,0.0,0.0,0,0,1,0,,,,,1.0,0.0,,,FES,,,
gen_waste_to_energy_938,Z10,PQ,,17.873,0.0,False,0.0,inf,,0.0,1.0,,,-inf,inf,0.0,1.0,waste_to_energy,75.6,0.0,True,0,inf,0.0,,,0.0,0.5,False,0.0,0.0,0.0,0,0,1,0,,,,,1.0,0.0,,,FES,,,
gen_waste_to_energy_939,Z10,PQ,,36.387,0.0,False,0.0,inf,,0.0,1.0,,,-inf,inf,0.0,1.0,waste_to_energy,75.6,0.0,True,0,inf,0.0,,,0.0,0.5,False,0.0,0.0,0.0,0,0,1,0,,,,,1.0,0.0,,,FES,,,
gen_waste_to_energy_940,Z10,PQ,,9.166,0.0,False,0.0,inf,,0.0,1.0,,,-inf,inf,0.0,1.0,waste_to_energy,75.6,0.0,True,0,inf,0.0,,,0.0,0.5,False,0.0,0.0,0.0,0,0,1,0,,,,,1.0,0.0,,,FES,,,
gen_waste_to_energy_941,Z10,PQ,,4.322,0.0,False,0.0,inf,,0.0,1.0,,,-inf,inf,0.0,1.0,waste_to_energy,75.6,0.0,True,0,inf,0.0,,,0.0,0.5,False,0.0,0.0,0.0,0,0,1,0,,,,,1.0,0.0,,,FES,,,
gen_waste_to_energy_942,Z10,PQ,,24.504,0.0,False,0.0,inf,,0.0,1.0,,,-inf,inf,0.0,1.0,waste_to_energy,75.6,0.0,True,0,inf,0.0,,,0.0,0.5,False,0.0,0.0,0.0,0,0,1,0,,,,,1.0,0.0,,,FES,,,
gen_waste_to_energy_943,Z10,PQ,,58.31,0.0,False,0.0,inf,,0.0,1.0,,,-inf,inf,0.0,1.0,waste_to_energy,75.6,0.0,True,0,inf,0.0,,,0.0,0.5,False,0.0,0.0,0.0,0,0,1,0,,,,,1.0,0.0,,,FES,,,
gen_waste_to_energy_944,Z10,PQ,,127.691,0.0,False,0.0,inf,,0.0,1.0,,,-inf,inf,0.0,1.0,waste_to_energy,75.6,0.0,True,0,inf,0.0,,,0.0,0.5,False,0.0,0.0,0.0,0,0,1,0,,,,,1.0,0.0,,,FES,,,
gen_waste_to_energy_945,Z10,PQ,,29.137,0.0,False,0.0,inf,,0.0,1.0,,,-inf,inf,0.0,1.0,waste_to_energy,75.6,0.0,True,0,inf,0.0,,,0.0,0.5,False,0.0,0.0,0.0,0,0,1,0,,,,,1.0,0.0,,,FES,,,
gen_waste_to_energy_946,Z10,PQ,,0.577,0.0,False,0.0,inf,,0.0,1.0,,,-inf,inf,0.0,1.0,waste_to_energy,75.6,0.0,True,0,inf,0.0,,,0.0,0.5,False,0.0,0.0,0.0,0,0,1,0,,,,,1.0,0.0,,,FES,,,
gen_waste_to_energy_947,Z10,PQ,,40.661,0.0,False,0.0,inf,,0.0,1.0,,,-inf,inf,0.0,1.0,waste_to_energy,75.6,0.0,True,0,inf,0.0,,,0.0,0.5,False,0.0,0.0,0.0,0,0,1,0,,,,,1.0,0.0,,,FES,,,
gen_waste_to_energy_948,Z10,PQ,,20.164,0.0,False,0.0,inf,,0.0,1.0,,,-inf,inf,0.0,1.0,waste_to_energy,75.6,0.0,True,0,inf,0.0,,,0.0,0.5,False,0.0,0.0,0.0,0,0,1,0,,,,,1.0,0.0,,,FES,,,
gen_waste_to_energy_949,Z10,PQ,,32.079,0.0,False,0.0,inf,,0.0,1.0,,,-inf,inf,0.0,1.0,waste_to_energy,75.6,0.0,True,0,inf,0.0,,,0.0,0.5,False,0.0,0.0,0.0,0,0,1,0,,,,,1.0,0.0,,,FES,,,
gen_waste_to_energy_950,Z10,PQ,,32.079,0.0,False,0.0,inf,,0.0,1.0,,,-inf,inf,0.0,1.0,waste_to_energy,75.6,0.0,True,0,inf,0.0,,,0.0,0.5,False,0.0,0.0,0.0,0,0,1,0,,,,,1.0,0.0,,,FES,,,
gen_waste_to_energy_951,Z10,PQ,,8.249,0.0,False,0.0,inf,,0.0,1.0,,,-inf,inf,0.0,1.0,waste_to_energy,75.6,0.0,True,0,inf,0.0,,,0.0,0.5,False,0.0,0.0,0.0,0,0,1,0,,,,,1.0,0.0,,,FES,,,
gen_waste_to_energy_952,Z10,PQ,,6.891,0.0,False,0.0,inf,,0.0,1.0,,,-inf,inf,0.0,1.0,waste_to_energy,75.6,0.0,True,0,inf,0.0,,,0.0,0.5,False,0.0,0.0,0.0,0,0,1,0,,,,,1.0,0.0,,,FES,,,
gen_waste_to_energy_953,Z10,PQ,,1.741,0.0,False,0.0,inf,,0.0,1.0,,,-inf,inf,0.0,1.0,waste_to_energy,75.6,0.0,True,0,inf,0.0,,,0.0,0.5,False,0.0,0.0,0.0,0,0,1,0,,,,,1.0,0.0,,,FES,,,
gen_waste_to_energy_954,Z10,PQ,,1.833,0.0,False,0.0,inf,,0.0,1.0,,,-inf,inf,0.0,1.0,waste_to_energy,75.6,0.0,True,0,inf,0.0,,,0.0,0.5,False,0.0,0.0,0.0,0,0,1,0,,,,,1.0,0.0,,,FES,,,
gen_waste_to_energy_955,Z10,PQ,,1.146,0.0,False,0.0,inf,,0.0,1.0,,,-inf,inf,0.0,1.0,waste_to_energy,75.6,0.0,True,0,inf,0.0,,,0.0,0.5,False,0.0,0.0,0.0,0,0,1,0,,,,,1.0,0.0,,,FES,,,
gen_waste_to_energy_956,Z10,PQ,,9.491,0.0,False,0.0,inf,,0.0,1.0,,,-inf,inf,0.0,1.0,waste_to_energy,75.6,0.0,True,0,inf,0.0,,,0.0,0.5,False,0.0,0.0,0.0,0,0,1,0,,,,,1.0,0.0,,,FES,,,
gen_waste_to_energy_957,Z10,PQ,,2.177,0.0,False,0.0,inf,,0.0,1.0,,,-inf,inf,0.0,1.0,waste_to_energy,75.6,0.0,True,0,inf,0.0,,,0.0,0.5,False,0.0,0.0,0.0,0,0,1,0,,,,,1.0,0.0,,,FES,,,
gen_waste_to_energy_958,Z10,PQ,,0.046,0.0,False,0.0,inf,,0.0,1.0,,,-inf,inf,0.0,1.0,waste_to_energy,75.6,0.0,True,0,inf,0.0,,,0.0,0.5,False,0.0,0.0,0.0,0,0,1,0,,,,,1.0,0.0,,,FES,,,
gen_waste_to_energy_959,Z10,PQ,,168.026,0.0,False,0.0,inf,,0.0,1.0,,,-inf,inf,0.0,1.0,waste_to_energy,75.6,0.0,True,0,inf,0.0,,,0.0,0.5,False,0.0,0.0,0.0,0,0,1,0,,,,,1.0,0.0,,,FES,,,
gen_waste_to_energy_960,Z10,PQ,,3.666,0.0,False,0.0,inf,,0.0,1.0,,,-inf,inf,0.0,1.0,waste_to_energy,75.6,0.0,True,0,inf,0.0,,,0.0,0.5,False,0.0,0.0,0.0,0,0,1,0,,,,,1.0,0.0,,,FES,,,
gen_waste_to_energy_961,Z10,PQ,,13.176,0.0,False,0.0,inf,,0.0,1.0,,,-inf,inf,0.0,1.0,waste_to_energy,75.6,0.0,True,0,inf,0.0,,,0.0,0.5,False,0.0,0.0,0.0,0,0,1,0,,,,,1.0,0.0,,,FES,,,
gen_waste_to_energy_962,Z10,PQ,,4.583,0.0,False,0.0,inf,,0.0,1.0,,,-inf,inf,0.0,1.0,waste_to_energy,75.6,0.0,True,0,inf,0.0,,,0.0,0.5,False,0.0,0.0,0.0,0,0,1,0,,,,,1.0,0.0,,,FES,,,
gen_waste_to_energy_963,Z10,PQ,,32.323,0.0,False,0.0,inf,,0.0,1.0,,,-inf,inf,0.0,1.0,waste_to_energy,75.6,0.0,True,0,inf,0.0,,,0.0,0.5,False,0.0,0.0,0.0,0,0,1,0,,,,,1.0,0.0,,,FES,,,
gen_waste_to_energy_964,Z10,PQ,,18.059,0.0,False,0.0,inf,,0.0,1.0,,,-inf,inf,0.0,1.0,waste_to_energy,75.6,0.0,True,0,inf,0.0,,,0.0,0.5,False,0.0,0.0,0.0,0,0,1,0,,,,,1.0,0.0,,,FES,,,
gen_waste_to_energy_965,Z10,PQ,,90.523,0.0,False,0.0,inf,,0.0,1.0,,,-inf,inf,0.0,1.0,waste_to_energy,75.6,0.0,True,0,inf,0.0,,,0.0,0.5,False,0.0,0.0,0.0,0,0,1,0,,,,,1.0,0.0,,,FES,,,
gen_waste_to_energy_966,Z10,PQ,,7.332,0.0,False,0.0,inf,,0.0,1.0,,,-inf,inf,0.0,1.0,waste_to_energy,75.6,0.0,True,0,inf,0.0,,,0.0,0.5,False,0.0,0.0,0.0,0,0,1,0,,,,,1.0,0.0,,,FES,,,
gen_waste_to_energy_967,Z10,PQ,,11.365,0.0,False,0.0,inf,,0.0,1.0,,,-inf,inf,0.0,1.0,waste_to_energy,75.6,0.0,True,0,inf,0.0,,,0.0,0.5,False,0.0,0.0,0.0,0,0,1,0,,,,,1.0,0.0,,,FES,,,
gen_waste_to_energy_968,Z10,PQ,,2.2,0.0,False,0.0,inf,,0.0,1.0,,,-inf,inf,0.0,1.0,waste_to_energy,75.6,0.0,True,0,inf,0.0,,,0.0,0.5,False,0.0,0.0,0.0,0,0,1,0,,,,,1.0,0.0,,,FES,,,
gen_waste_to_energy_969,Z10,PQ,,14.665,0.0,False,0.0,inf,,0.0,1.0,,,-inf,inf,0.0,1.0,waste_to_energy,75.6,0.0,True,0,inf,0.0,,,0.0,0.5,False,0.0,0.0,0.0,0,0,1,0,,,,,1.0,0.0,,,FES,,,
gen_waste_to_energy_970,Z10,PQ,,73.854,0.0,False,0.0,inf,,0.0,1.0,,,-inf,inf,0.0,1.0,waste_to_energy,75.6,0.0,True,0,inf,0.0,,,0.0,0.5,False,0.0,0.0,0.0,0,0,1,0,,,,,1.0,0.0,,,FES,,,
gen_waste_to_energy_971,Z10,PQ,,1.833,0.0,False,0.0,inf,,0.0,1.0,,,-inf,inf,0.0,1.0,waste_to_energy,75.6,0.0,True,0,inf,0.0,,,0.0,0.5,False,0.0,0.0,0.0,0,0,1,0,,,,,1.0,0.0,,,FES,,,
gen_waste_to_energy_972,Z10,PQ,,1.1,0.0,False,0.0,inf,,0.0,1.0,,,-inf,inf,0.0,1.0,waste_to_energy,75.6,0.0,True,0,inf,0.0,,,0.0,0.5,False,0.0,0.0,0.0,0,0,1,0,,,,,1.0,0.0,,,FES,,,
gen_waste_to_energy_973,Z10,PQ,,4.583,0.0,False,0.0,inf,,0.0,1.0,,,-inf,inf,0.0,1.0,waste_to_energy,75.6,0.0,True,0,inf,0.0,,,0.0,0.5,False,0.0,0.0,0.0,0,0,1,0,,,,,1.0,0.0,,,FES,,,
gen_waste_to_energy_974,Z10,PQ,,2.291,0.0,False,0.0,inf,,0.0,1.0,,,-inf,inf,0.0,1.0,waste_to_energy,75.6,0.0,True,0,inf,0.0,,,0.0,0.5,False,0.0,0.0,0.0,0,0,1,0,,,,,1.0,0.0,,,FES,,,
gen_waste_to_energy_975,Z10,PQ,,0.917,0.0,False,0.0,inf,,0.0,1.0,,,-inf,inf,0.0,1.0,waste_to_energy,75.6,0.0,True,0,inf,0.0,,,0.0,0.5,False,0.0,0.0,0.0,0,0,1,0,,,,,1.0,0.0,,,FES,,,
gen_waste_to_energy_976,Z10,PQ,,14.023,0.0,False,0.0,inf,,0.0,1.0,,,-inf,inf,0.0,1.0,waste_to_energy,75.6,0.0,True,0,inf,0.0,,,0.0,0.5,False,0.0,0.0,0.0,0,0,1,0,,,,,1.0,0.0,,,FES,,,
gen_waste_to_energy_977,Z10,PQ,,6.709,0.0,False,0.0,inf,,0.0,1.0,,,-inf,inf,0.0,1.0,waste_to_energy,75.6,0.0,True,0,inf,0.0,,,0.0,0.5,False,0.0,0.0,0.0,0,0,1,0,,,,,1.0,0.0,,,FES,,,
gen_waste_to_energy_978,Z10,PQ,,1.1,0.0,False,0.0,inf,,0.0,1.0,,,-inf,inf,0.0,1.0,waste_to_energy,75.6,0.0,True,0,inf,0.0,,,0.0,0.5,False,0.0,0.0,0.0,0,0,1,0,,,,,1.0,0.0,,,FES,,,
gen_waste_to_energy_979,Z10,PQ,,33.546,0.0,False,0.0,inf,,0.0,1.0,,,-inf,inf,0.0,1.0,waste_to_energy,75.6,0.0,True,0,inf,0.0,,,0.0,0.5,False,0.0,0.0,0.0,0,0,1,0,,,,,1.0,0.0,,,FES,,,
gen_waste_to_energy_980,Z10,PQ,,20.164,0.0,False,0.0,inf,,0.0,1.0,,,-inf,inf,0.0,1.0,waste_to_energy,75.6,0.0,True,0,inf,0.0,,,0.0,0.5,False,0.0,0.0,0.0,0,0,1,0,,,,,1.0,0.0,,,FES,,,
gen_waste_to_energy_981,Z10,PQ,,5.499,0.0,False,0.0,inf,,0.0,1.0,,,-inf,inf,0.0,1.0,waste_to_energy,75.6,0.0,True,0,inf,0.0,,,0.0,0.5,False,0.0,0.0,0.0,0,0,1,0,,,,,1.0,0.0,,,FES,,,
gen_waste_to_energy_982,Z10,PQ,,117.47,0.0,False,0.0,inf,,0.0,1.0,,,-inf,inf,0.0,1.0,waste_to_energy,75.6,0.0,True,0,inf,0.0,,,0.0,0.5,False,0.0,0.0,0.0,0,0,1,0,,,,,1.0,0.0,,,FES,,,
gen_waste_to_energy_983,Z10,PQ,,150.0,0.0,False,0.0,inf,,0.0,1.0,,,-inf,inf,0.0,1.0,waste_to_energy,75.6,0.0,True,0,inf,0.0,,,0.0,0.5,False,0.0,0.0,0.0,0,0,1,0,,,,,1.0,0.0,,,FES,,,
gen_waste_to_energy_984,Z10,PQ,,40.0,0.0,False,0.0,inf,,0.0,1.0,,,-inf,inf,0.0,1.0,waste_to_energy,75.6,0.0,True,0,inf,0.0,,,0.0,0.5,False,0.0,0.0,0.0,0,0,1,0,,,,,1.0,0.0,,,FES,,,
gen_waste_to_energy_985,Z10,PQ,,5.486,0.0,False,0.0,inf,,0.0,1.0,,,-inf,inf,0.0,1.0,waste_to_energy,75.6,0.0,True,0,inf,0.0,,,0.0,0.5,False,0.0,0.0,0.0,0,0,1,0,,,,,1.0,0.0,,,FES,,,
gen_waste_to_energy_986,Z10,PQ,,16.0,0.0,False,0.0,inf,,0.0,1.0,,,-inf,inf,0.0,1.0,waste_to_energy,75.6,0.0,True,0,inf,0.0,,,0.0,0.5,False,0.0,0.0,0.0,0,0,1,0,,,,,1.0,0.0,,,FES,,,
gen_waste_to_energy_987,Z10,PQ,,1.097,0.0,False,0.0,inf,,0.0,1.0,,,-inf,inf,0.0,1.0,waste_to_energy,75.6,0.0,True,0,inf,0.0,,,0.0,0.5,False,0.0,0.0,0.0,0,0,1,0,,,,,1.0,0.0,,,FES,,,
gen_waste_to_energy_988,Z10,PQ,,5.294,0.0,False,0.0,inf,,0.0,1.0,,,-inf,inf,0.0,1.0,waste_to_energy,75.6,0.0,True,0,inf,0.0,,,0.0,0.5,False,0.0,0.0,0.0,0,0,1,0,,,,,1.0,0.0,,,FES,,,
gen_waste_to_energy_989,Z10,PQ,,1.741,0.0,False,0.0,inf,,0.0,1.0,,,-inf,inf,0.0,1.0,waste_to_energy,75.6,0.0,True,0,inf,0.0,,,0.0,0.5,False,0.0,0.0,0.0,0,0,1,0,,,,,1.0,0.0,,,FES,,,
gen_waste_to_energy_990,Z10,PQ,,1.045,0.0,False,0.0,inf,,0.0,1.0,,,-inf,inf,0.0,1.0,waste_to_energy,75.6,0.0,True,0,inf,0.0,,,0.0,0.5,False,0.0,0.0,0.0,0,0,1,0,,,,,1.0,0.0,,,FES,,,
gen_waste_to_energy_991,Z10,PQ,,45.01,0.0,False,0.0,inf,,0.0,1.0,,,-inf,inf,0.0,1.0,waste_to_energy,75.6,0.0,True,0,inf,0.0,,,0.0,0.5,False,0.0,0.0,0.0,0,0,1,0,,,,,1.0,0.0,,,FES,,,
gen_waste_to_energy_992,Z10,PQ,,10.084,0.0,False,0.0,inf,,0.0,1.0,,,-inf,inf,0.0,1.0,waste_to_energy,75.6,0.0,True,0,inf,0.0,,,0.0,0.5,False,0.0,0.0,0.0,0,0,1,0,,,,,1.0,0.0,,,FES,,,
gen_waste_to_energy_993,Z10,PQ,,13.68,0.0,False,0.0,inf,,0.0,1.0,,,-inf,inf,0.0,1.0,waste_to_energy,75.6,0.0,True,0,inf,0.0,,,0.0,0.5,False,0.0,0.0,0.0,0,0,1,0,,,,,1.0,0.0,,,FES,,,
gen_waste_to_energy_994,Z10,PQ,,8.446,0.0,False,0.0,inf,,0.0,1.0,,,-inf,inf,0.0,1.0,waste_to_energy,75.6,0.0,True,0,inf,0.0,,,0.0,0.5,False,0.0,0.0,0.0,0,0,1,0,,,,,1.0,0.0,,,FES,,,
gen_waste_to_energy_995,Z10,PQ,,1.741,0.0,False,0.0,inf,,0.0,1.0,,,-inf,inf,0.0,1.0,waste_to_energy,75.6,0.0,True,0,inf,0.0,,,0.0,0.5,False,0.0,0.0,0.0,0,0,1,0,,,,,1.0,0.0,,,FES,,,
gen_waste_to_energy_996,Z10,PQ,,14.429,0.0,False,0.0,inf,,0.0,1.0,,,-inf,inf,0.0,1.0,waste_to_energy,75.6,0.0,True,0,inf,0.0,,,0.0,0.5,False,0.0,0.0,0.0,0,0,1,0,,,,,1.0,0.0,,,FES,,,
gen_waste_to_energy_997,Z10,PQ,,23.326,0.0,False,0.0,inf,,0.0,1.0,,,-inf,inf,0.0,1.0,waste_to_energy,75.6,0.0,True,0,inf,0.0,,,0.0,0.5,False,0.0,0.0,0.0,0,0,1,0,,,,,1.0,0.0,,,FES,,,
gen_waste_to_energy_998,Z10,PQ,,4.124,0.0,False,0.0,inf,,0.0,1.0,,,-inf,inf,0.0,1.0,waste_to_energy,75.6,0.0,True,0,inf,0.0,,,0.0,0.5,False,0.0,0.0,0.0,0,0,1,0,,,,,1.0,0.0,,,FES,,,
gen_waste_to_energy_999,Z10,PQ,,1.219,0.0,False,0.0,inf,,0.0,1.0,,,-inf,inf,0.0,1.0,waste_to_energy,75.6,0.0,True,0,inf,0.0,,,0.0,0.5,False,0.0,0.0,0.0,0,0,1,0,,,,,1.0,0.0,,,FES,,,
gen_waste_to_energy_1000,Z10,PQ,,2.75,0.0,False,0.0,inf,,0.0,1.0,,,-inf,inf,0.0,1.0,waste_to_energy,75.6,0.0,True,0,inf,0.0,,,0.0,0.5,False,0.0,0.0,0.0,0,0,1,0,,,,,1.0,0.0,,,FES,,,
gen_waste_to_energy_1001,Z10,PQ,,0.54,0.0,False,0.0,inf,,0.0,1.0,,,-inf,inf,0.0,1.0,waste_to_energy,75.6,0.0,True,0,inf,0.0,,,0.0,0.5,False,0.0,0.0,0.0,0,0,1,0,,,,,1.0,0.0,,,FES,,,
gen_waste_to_energy_1002,Z10,PQ,,54.993,0.0,False,0.0,inf,,0.0,1.0,,,-inf,inf,0.0,1.0,waste_to_energy,75.6,0.0,True,0,inf,0.0,,,0.0,0.5,False,0.0,0.0,0.0,0,0,1,0,,,,,1.0,0.0,,,FES,,,
gen_waste_to_energy_1003,Z10,PQ,,7.332,0.0,False,0.0,inf,,0.0,1.0,,,-inf,inf,0.0,1.0,waste_to_energy,75.6,0.0,True,0,inf,0.0,,,0.0,0.5,False,0.0,0.0,0.0,0,0,1,0,,,,,1.0,0.0,,,FES,,,
gen_waste_to_energy_1004,Z10,PQ,,65.992,0.0,False,0.0,inf,,0.0,1.0,,,-inf,inf,0.0,1.0,waste_to_energy,75.6,0.0,True,0,inf,0.0,,,0.0,0.5,False,0.0,0.0,0.0,0,0,1,0,,,,,1.0,0.0,,,FES,,,
gen_waste_to_energy_1005,Z10,PQ,,10.449,0.0,False,0.0,inf,,0.0,1.0,,,-inf,inf,0.0,1.0,waste_to_energy,75.6,0.0,True,0,inf,0.0,,,0.0,0.5,False,0.0,0.0,0.0,0,0,1,0,,,,,1.0,0.0,,,FES,,,
gen_waste_to_energy_1006,Z10,PQ,,24.747,0.0,False,0.0,inf,,0.0,1.0,,,-inf,inf,0.0,1.0,waste_to_energy,75.6,0.0,True,0,inf,0.0,,,0.0,0.5,False,0.0,0.0,0.0,0,0,1,0,,,,,1.0,0.0,,,FES,,,
gen_waste_to_energy_1007,Z10,PQ,,36.662,0.0,False,0.0,inf,,0.0,1.0,,,-inf,inf,0.0,1.0,waste_to_energy,75.6,0.0,True,0,inf,0.0,,,0.0,0.5,False,0.0,0.0,0.0,0,0,1,0,,,,,1.0,0.0,,,FES,,,
gen_waste_to_energy_1008,Z10,PQ,,6.269,0.0,False,0.0,inf,,0.0,1.0,,,-inf,inf,0.0,1.0,waste_to_energy,75.6,0.0,True,0,inf,0.0,,,0.0,0.5,False,0.0,0.0,0.0,0,0,1,0,,,,,1.0,0.0,,,FES,,,
gen_waste_to_energy_1009,Z10,PQ,,184.666,0.0,False,0.0,inf,,0.0,1.0,,,-inf,inf,0.0,1.0,waste_to_energy,75.6,0.0,True,0,inf,0.0,,,0.0,0.5,False,0.0,0.0,0.0,0,0,1,0,,,,,1.0,0.0,,,FES,,,
gen_waste_to_energy_1010,Z10,PQ,,19.248,0.0,False,0.0,inf,,0.0,1.0,,,-inf,inf,0.0,1.0,waste_to_energy,75.6,0.0,True,0,inf,0.0,,,0.0,0.5,False,0.0,0.0,0.0,0,0,1,0,,,,,1.0,0.0,,,FES,,,
gen_geothermal_1011,Z10,PQ,,7.883,0.0,False,0.0,inf,,0.0,1.0,,,-inf,inf,0.0,1.0,geothermal,12.46,0.0,True,0,inf,0.0,,,0.0,0.5,False,0.0,0.0,0.0,0,0,1,0,,,,,1.0,0.0,,,FES,,,
gen_geothermal_1012,Z10,PQ,,2.248,0.0,False,0.0,inf,,0.0,1.0,,,-inf,inf,0.0,1.0,geothermal,12.46,0.0,True,0,inf,0.0,,,0.0,0.5,False,0.0,0.0,0.0,0,0,1,0,,,,,1.0,0.0,,,FES,,,
gen_geothermal_1013,Z10,PQ,,0.869,0.0,False,0.0,inf,,0.0,1.0,,,-inf,inf,0.0,1.0,geothermal,12.46,0.0,True,0,inf,0.0,,,0.0,0.5,False,0.0,0.0,0.0,0,0,1,0,,,,,1.0,0.0,,,FES,,,
FES_CCGT_NGET_Z12,Z12,PQ,,570.0,0.0,False,0.0,inf,,0.0,1.0,,,-inf,inf,0.0,1.0,CCGT,152.95999999999998,0.0,True,0,inf,0.0,,,0.0,0.5,False,0.0,0.0,0.0,0,0,1,0,,,,,1.0,0.0,,,FES,,,
FES_CCGT_NGET_Z7,Z7,PQ,,570.0,0.0,False,0.0,inf,,0.0,1.0,,,-inf,inf,0.0,1.0,CCGT,152.95999999999998,0.0,True,0,inf,0.0,,,0.0,0.5,False,0.0,0.0,0.0,0,0,1,0,,,,,1.0,0.0,,,FES,,,
FES_CCGT_NGET_Z13,Z13,PQ,,570.0,0.0,False,0.0,inf,,0.0,1.0,,,-inf,inf,0.0,1.0,CCGT,152.95999999999998,0.0,True,0,inf,0.0,,,0.0,0.5,False,0.0,0.0,0.0,0,0,1,0,,,,,1.0,0.0,,,FES,,,
FES_CCGT_NGET_Z10,Z10,PQ,,570.0,0.0,False,0.0,inf,,0.0,1.0,,,-inf,inf,0.0,1.0,CCGT,152.95999999999998,0.0,True,0,inf,0.0,,,0.0,0.5,False,0.0,0.0,0.0,0,0,1,0,,,,,1.0,0.0,,,FES,,,
FES_CCGT_NGET_Z15,Z15,PQ,,570.0,0.0,False,0.0,inf,,0.0,1.0,,,-inf,inf,0.0,1.0,CCGT,152.95999999999998,0.0,True,0,inf,0.0,,,0.0,0.5,False,0.0,0.0,0.0,0,0,1,0,,,,,1.0,0.0,,,FES,,,
FES_CCGT_NGET_Z16,Z16,PQ,,570.0,0.0,False,0.0,inf,,0.0,1.0,,,-inf,inf,0.0,1.0,CCGT,152.95999999999998,0.0,True,0,inf,0.0,,,0.0,0.5,False,0.0,0.0,0.0,0,0,1,0,,,,,1.0,0.0,,,FES,,,
FES_CCGT_NGET_Z8,Z8,PQ,,570.0,0.0,False,0.0,inf,,0.0,1.0,,,-inf,inf,0.0,1.0,CCGT,152.95999999999998,0.0,True,0,inf,0.0,,,0.0,0.5,False,0.0,0.0,0.0,0,0,1,0,,,,,1.0,0.0,,,FES,,,
FES_CCGT_NGET_Z9,Z9,PQ,,570.0,0.0,False,0.0,inf,,0.0,1.0,,,-inf,inf,0.0,1.0,CCGT,152.95999999999998,0.0,True,0,inf,0.0,,,0.0,0.5,False,0.0,0.0,0.0,0,0,1,0,,,,,1.0,0.0,,,FES,,,
FES_CCGT_NGET_Z11,Z11,PQ,,570.0,0.0,False,0.0,inf,,0.0,1.0,,,-inf,inf,0.0,1.0,CCGT,152.95999999999998,0.0,True,0,inf,0.0,,,0.0,0.5,False,0.0,0.0,0.0,0,0,1,0,,,,,1.0,0.0,,,FES,,,
FES_CCGT_NGET_Z17,Z17,PQ,,570.0,0.0,False,0.0,inf,,0.0,1.0,,,-inf,inf,0.0,1.0,CCGT,152.95999999999998,0.0,True,0,inf,0.0,,,0.0,0.5,False,0.0,0.0,0.0,0,0,1,0,,,,,1.0,0.0,,,FES,,,
FES_CCGT_NGET_Z6,Z6,PQ,,570.0,0.0,False,0.0,inf,,0.0,1.0,,,-inf,inf,0.0,1.0,CCGT,152.95999999999998,0.0,True,0,inf,0.0,,,0.0,0.5,False,0.0,0.0,0.0,0,0,1,0,,,,,1.0,0.0,,,FES,,,
FES_CCGT_NGET_Z14,Z14,PQ,,570.0,0.0,False,0.0,inf,,0.0,1.0,,,-inf,inf,0.0,1.0,CCGT,152.95999999999998,0.0,True,0,inf,0.0,,,0.0,0.5,False,0.0,0.0,0.0,0,0,1,0,,,,,1.0,0.0,,,FES,,,
FES_CHP_NGET_Z12,Z12,PQ,,4.725,0.0,False,0.0,inf,,0.0,1.0,,,-inf,inf,0.0,1.0,CHP,152.95999999999998,0.0,True,0,inf,0.0,,,0.0,0.5,False,0.0,0.0,0.0,0,0,1,0,,,,,1.0,0.0,,,FES,,,
FES_CHP_NGET_Z7,Z7,PQ,,4.725,0.0,False,0.0,inf,,0.0,1.0,,,-inf,inf,0.0,1.0,CHP,152.95999999999998,0.0,True,0,inf,0.0,,,0.0,0.5,False,0.0,0.0,0.0,0,0,1,0,,,,,1.0,0.0,,,FES,,,
FES_CHP_NGET_Z13,Z13,PQ,,4.725,0.0,False,0.0,inf,,0.0,1.0,,,-inf,inf,0.0,1.0,CHP,152.95999999999998,0.0,True,0,inf,0.0,,,0.0,0.5,False,0.0,0.0,0.0,0,0,1,0,,,,,1.0,0.0,,,FES,,,
FES_CHP_NGET_Z10,Z10,PQ,,4.725,0.0,False,0.0,inf,,0.0,1.0,,,-inf,inf,0.0,1.0,CHP,152.95999999999998,0.0,True,0,inf,0.0,,,0.0,0.5,False,0.0,0.0,0.0,0,0,1,0,,,,,1.0,0.0,,,FES,,,
FES_CHP_NGET_Z15,Z15,PQ,,4.725,0.0,False,0.0,inf,,0.0,1.0,,,-inf,inf,0.0,1.0,CHP,152.95999999999998,0.0,True,0,inf,0.0,,,0.0,0.5,False,0.0,0.0,0.0,0,0,1,0,,,,,1.0,0.0,,,FES,,,
FES_CHP_NGET_Z16,Z16,PQ,,4.725,0.0,False,0.0,inf,,0.0,1.0,,,-inf,inf,0.0,1.0,CHP,152.95999999999998,0.0,True,0,inf,0.0,,,0.0,0.5,False,0.0,0.0,0.0,0,0,1,0,,,,,1.0,0.0,,,FES,,,
FES_CHP_NGET_Z8,Z8,PQ,,4.725,0.0,False,0.0,inf,,0.0,1.0,,,-inf,inf,0.0,1.0,CHP,152.95999999999998,0.0,True,0,inf,0.0,,,0.0,0.5,False,0.0,0.0,0.0,0,0,1,0,,,,,1.0,0.0,,,FES,,,
FES_CHP_NGET_Z9,Z9,PQ,,4.725,0.0,False,0.0,inf,,0.0,1.0,,,-inf,inf,0.0,1.0,CHP,152.95999999999998,0.0,True,0,inf,0.0,,,0.0,0.5,False,0.0,0.0,0.0,0,0,1,0,,,,,1.0,0.0,,,FES,,,
FES_CHP_NGET_Z11,Z11,PQ,,4.725,0.0,False,0.0,inf,,0.0,1.0,,,-inf,inf,0.0,1.0,CHP,152.95999999999998,0.0,True,0,inf,0.0,,,0.0,0.5,False,0.0,0.0,0.0,0,0,1,0,,,,,1.0,0.0,,,FES,,,
FES_CHP_NGET_Z17,Z17,PQ,,4.725,0.0,False,0.0,inf,,0.0,1.0,,,-inf,inf,0.0,1.0,CHP,152.95999999999998,0.0,True,0,inf,0.0,,,0.0,0.5,False,0.0,0.0,0.0,0,0,1,0,,,,,1.0,0.0,,,FES,,,
FES_CHP_NGET_Z6,Z6,PQ,,4.725,0.0,False,0.0,inf,,0.0,1.0,,,-inf,inf,0.0,1.0,CHP,152.95999999999998,0.0,True,0,inf,0.0,,,0.0,0.5,False,0.0,0.0,0.0,0,0,1,0,,,,,1.0,0.0,,,FES,,,
FES_CHP_NGET_Z14,Z14,PQ,,4.725,0.0,False,0.0,inf,,0.0,1.0,,,-inf,inf,0.0,1.0,CHP,152.95999999999998,0.0,True,0,inf,0.0,,,0.0,0.5,False,0.0,0.0,0.0,0,0,1,0,,,,,1.0,0.0,,,FES,,,
FES_CHP_SPTL_Z3,Z3,PQ,,45.33333333333333,0.0,False,0.0,inf,,0.0,1.0,,,-inf,inf,0.0,1.0,CHP,152.95999999999998,0.0,True,0,inf,0.0,,,0.0,0.5,False,0.0,0.0,0.0,0,0,1,0,,,,,1.0,0.0,,,FES,,,
FES_CHP_SPTL_Z4,Z4,PQ,,45.33333333333333,0.0,False,0.0,inf,,0.0,1.0,,,-inf,inf,0.0,1.0,CHP,152.95999999999998,0.0,True,0,inf,0.0,,,0.0,0.5,False,0.0,0.0,0.0,0,0,1,0,,,,,1.0,0.0,,,FES,,,
FES_CHP_SPTL_Z5,Z5,PQ,,45.33333333333333,0.0,False,0.0,inf,,0.0,1.0,,,-inf,inf,0.0,1.0,CHP,152.95999999999998,0.0,True,0,inf,0.0,,,0.0,0.5,False,0.0,0.0,0.0,0,0,1,0,,,,,1.0,0.0,,,FES,,,
FES_OCGT_NGET_Z12,Z12,PQ,,49.916666666666664,0.0,False,0.0,inf,,0.0,1.0,,,-inf,inf,0.0,1.0,OCGT,152.95999999999998,0.0,True,0,inf,0.0,,,0.0,0.5,False,0.0,0.0,0.0,0,0,1,0,,,,,1.0,0.0,,,FES,,,
FES_OCGT_NGET_Z7,Z7,PQ,,49.916666666666664,0.0,False,0.0,inf,,0.0,1.0,,,-inf,inf,0.0,1.0,OCGT,152.95999999999998,0.0,True,0,inf,0.0,,,0.0,0.5,False,0.0,0.0,0.0,0,0,1,0,,,,,1.0,0.0,,,FES,,,
FES_OCGT_NGET_Z13,Z13,PQ,,49.916666666666664,0.0,False,0.0,inf,,0.0,1.0,,,-inf,inf,0.0,1.0,OCGT,152.95999999999998,0.0,True,0,inf,0.0,,,0.0,0.5,False,0.0,0.0,0.0,0,0,1,0,,,,,1.0,0.0,,,FES,,,
FES_OCGT_NGET_Z10,Z10,PQ,,49.916666666666664,0.0,False,0.0,inf,,0.0,1.0,,,-inf,inf,0.0,1.0,OCGT,152.95999999999998,0.0,True,0,inf,0.0,,,0.0,0.5,False,0.0,0.0,0.0,0,0,1,0,,,,,1.0,0.0,,,FES,,,
FES_OCGT_NGET_Z15,Z15,PQ,,49.916666666666664,0.0,False,0.0,inf,,0.0,1.0,,,-inf,inf,0.0,1.0,OCGT,152.95999999999998,0.0,True,0,inf,0.0,,,0.0,0.5,False,0.0,0.0,0.0,0,0,1,0,,,,,1.0,0.0,,,FES,,,
FES_OCGT_NGET_Z16,Z16,PQ,,49.916666666666664,0.0,False,0.0,inf,,0.0,1.0,,,-inf,inf,0.0,1.0,OCGT,152.95999999999998,0.0,True,0,inf,0.0,,,0.0,0.5,False,0.0,0.0,0.0,0,0,1,0,,,,,1.0,0.0,,,FES,,,
FES_OCGT_NGET_Z8,Z8,PQ,,49.916666666666664,0.0,False,0.0,inf,,0.0,1.0,,,-inf,inf,0.0,1.0,OCGT,152.95999999999998,0.0,True,0,inf,0.0,,,0.0,0.5,False,0.0,0.0,0.0,0,0,1,0,,,,,1.0,0.0,,,FES,,,
FES_OCGT_NGET_Z9,Z9,PQ,,49.916666666666664,0.0,False,0.0,inf,,0.0,1.0,,,-inf,inf,0.0,1.0,OCGT,152.95999999999998,0.0,True,0,inf,0.0,,,0.0,0.5,False,0.0,0.0,0.0,0,0,1,0,,,,,1.0,0.0,,,FES,,,
FES_OCGT_NGET_Z11,Z11,PQ,,49.916666666666664,0.0,False,0.0,inf,,0.0,1.0,,,-inf,inf,0.0,1.0,OCGT,152.95999999999998,0.0,True,0,inf,0.0,,,0.0,0.5,False,0.0,0.0,0.0,0,0,1,0,,,,,1.0,0.0,,,FES,,,
FES_OCGT_NGET_Z17,Z17,PQ,,49.916666666666664,0.0,False,0.0,inf,,0.0,1.0,,,-inf,inf,0.0,1.0,OCGT,152.95999999999998,0.0,True,0,inf,0.0,,,0.0,0.5,False,0.0,0.0,0.0,0,0,1,0,,,,,1.0,0.0,,,FES,,,
FES_OCGT_NGET_Z6,Z6,PQ,,49.916666666666664,0.0,False,0.0,inf,,0.0,1.0,,,-inf,inf,0.0,1.0,OCGT,152.95999999999998,0.0,True,0,inf,0.0,,,0.0,0.5,False,0.0,0.0,0.0,0,0,1,0,,,,,1.0,0.0,,,FES,,,
FES_OCGT_NGET_Z14,Z14,PQ,,49.916666666666664,0.0,False,0.0,inf,,0.0,1.0,,,-inf,inf,0.0,1.0,OCGT,152.95999999999998,0.0,True,0,inf,0.0,,,0.0,0.5,False,0.0,0.0,0.0,0,0,1,0,,,,,1.0,0.0,,,FES,,,
FES_biogas_SPTL_Z3,Z3,PQ,,1.3763333333333332,0.0,False,0.0,inf,,0.0,1.0,,,-inf,inf,0.0,1.0,biogas,81.0,0.0,True,0,inf,0.0,,,0.0,0.5,False,0.0,0.0,0.0,0,0,1,0,,,,,1.0,0.0,,,FES,,,
FES_biogas_SPTL_Z4,Z4,PQ,,1.3763333333333332,0.0,False,0.0,inf,,0.0,1.0,,,-inf,inf,0.0,1.0,biogas,81.0,0.0,True,0,inf,0.0,,,0.0,0.5,False,0.0,0.0,0.0,0,0,1,0,,,,,1.0,0.0,,,FES,,,
FES_biogas_SPTL_Z5,Z5,PQ,,1.3763333333333332,0.0,False,0.0,inf,,0.0,1.0,,,-inf,inf,0.0,1.0,biogas,81.0,0.0,True,0,inf,0.0,,,0.0,0.5,False,0.0,0.0,0.0,0,0,1,0,,,,,1.0,0.0,,,FES,,,
FES_biomass_NGET_Z12,Z12,PQ,,311.25,0.0,False,0.0,inf,,0.0,1.0,,,-inf,inf,0.0,1.0,biomass,90.0,0.0,True,0,inf,0.0,,,0.0,0.5,False,0.0,0.0,0.0,0,0,1,0,,,,,1.0,0.0,,,FES,,,
FES_biomass_NGET_Z7,Z7,PQ,,311.25,0.0,False,0.0,inf,,0.0,1.0,,,-inf,inf,0.0,1.0,biomass,90.0,0.0,True,0,inf,0.0,,,0.0,0.5,False,0.0,0.0,0.0,0,0,1,0,,,,,1.0,0.0,,,FES,,,
FES_biomass_NGET_Z13,Z13,PQ,,311.25,0.0,False,0.0,inf,,0.0,1.0,,,-inf,inf,0.0,1.0,biomass,90.0,0.0,True,0,inf,0.0,,,0.0,0.5,False,0.0,0.0,0.0,0,0,1,0,,,,,1.0,0.0,,,FES,,,
FES_biomass_NGET_Z10,Z10,PQ,,311.25,0.0,False,0.0,inf,,0.0,1.0,,,-inf,inf,0.0,1.0,biomass,90.0,0.0,True,0,inf,0.0,,,0.0,0.5,False,0.0,0.0,0.0,0,0,1,0,,,,,1.0,0.0,,,FES,,,
FES_biomass_NGET_Z15,Z15,PQ,,311.25,0.0,False,0.0,inf,,0.0,1.0,,,-inf,inf,0.0,1.0,biomass,90.0,0.0,True,0,inf,0.0,,,0.0,0.5,False,0.0,0.0,0.0,0,0,1,0,,,,,1.0,0.0,,,FES,,,
FES_biomass_NGET_Z16,Z16,PQ,,311.25,0.0,False,0.0,inf,,0.0,1.0,,,-inf,inf,0.0,1.0,biomass,90.0,0.0,True,0,inf,0.0,,,0.0,0.5,False,0.0,0.0,0.0,0,0,1,0,,,,,1.0,0.0,,,FES,,,
FES_biomass_NGET_Z8,Z8,PQ,,311.25,0.0,False,0.0,inf,,0.0,1.0,,,-inf,inf,0.0,1.0,biomass,90.0,0.0,True,0,inf,0.0,,,0.0,0.5,False,0.0,0.0,0.0,0,0,1,0,,,,,1.0,0.0,,,FES,,,
FES_biomass_NGET_Z9,Z9,PQ,,311.25,0.0,False,0.0,inf,,0.0,1.0,,,-inf,inf,0.0,1.0,biomass,90.0,0.0,True,0,inf,0.0,,,0.0,0.5,False,0.0,0.0,0.0,0,0,1,0,,,,,1.0,0.0,,,FES,,,
FES_biomass_NGET_Z11,Z11,PQ,,311.25,0.0,False,0.0,inf,,0.0,1.0,,,-inf,inf,0.0,1.0,biomass,90.0,0.0,True,0,inf,0.0,,,0.0,0.5,False,0.0,0.0,0.0,0,0,1,0,,,,,1.0,0.0,,,FES,,,
FES_biomass_NGET_Z17,Z17,PQ,,311.25,0.0,False,0.0,inf,,0.0,1.0,,,-inf,inf,0.0,1.0,biomass,90.0,0.0,True,0,inf,0.0,,,0.0,0.5,False,0.0,0.0,0.0,0,0,1,0,,,,,1.0,0.0,,,FES,,,
FES_biomass_NGET_Z6,Z6,PQ,,311.25,0.0,False,0.0,inf,,0.0,1.0,,,-inf,inf,0.0,1.0,biomass,90.0,0.0,True,0,inf,0.0,,,0.0,0.5,False,0.0,0.0,0.0,0,0,1,0,,,,,1.0,0.0,,,FES,,,
FES_biomass_NGET_Z14,Z14,PQ,,311.25,0.0,False,0.0,inf,,0.0,1.0,,,-inf,inf,0.0,1.0,biomass,90.0,0.0,True,0,inf,0.0,,,0.0,0.5,False,0.0,0.0,0.0,0,0,1,0,,,,,1.0,0.0,,,FES,,,
FES_biomass_SPTL_Z3,Z3,PQ,,218.93466666666666,0.0,False,0.0,inf,,0.0,1.0,,,-inf,inf,0.0,1.0,biomass,90.0,0.0,True,0,inf,0.0,,,0.0,0.5,False,0.0,0.0,0.0,0,0,1,0,,,,,1.0,0.0,,,FES,,,
FES_biomass_SPTL_Z4,Z4,PQ,,218.93466666666666,0.0,False,0.0,inf,,0.0,1.0,,,-inf,inf,0.0,1.0,biomass,90.0,0.0,True,0,inf,0.0,,,0.0,0.5,False,0.0,0.0,0.0,0,0,1,0,,,,,1.0,0.0,,,FES,,,
FES_biomass_SPTL_Z5,Z5,PQ,,218.93466666666666,0.0,False,0.0,inf,,0.0,1.0,,,-inf,inf,0.0,1.0,biomass,90.0,0.0,True,0,inf,0.0,,,0.0,0.5,False,0.0,0.0,0.0,0,0,1,0,,,,,1.0,0.0,,,FES,,,
FES_gas_engine_NGET_Z12,Z12,PQ,,8.575,0.0,False,0.0,inf,,0.0,1.0,,,-inf,inf,0.0,1.0,gas_engine,172.0,0.0,True,0,inf,0.0,,,0.0,0.5,False,0.0,0.0,0.0,0,0,1,0,,,,,1.0,0.0,,,FES,,,
FES_gas_engine_NGET_Z7,Z7,PQ,,8.575,0.0,False,0.0,inf,,0.0,1.0,,,-inf,inf,0.0,1.0,gas_engine,172.0,0.0,True,0,inf,0.0,,,0.0,0.5,False,0.0,0.0,0.0,0,0,1,0,,,,,1.0,0.0,,,FES,,,
FES_gas_engine_NGET_Z13,Z13,PQ,,8.575,0.0,False,0.0,inf,,0.0,1.0,,,-inf,inf,0.0,1.0,gas_engine,172.0,0.0,True,0,inf,0.0,,,0.0,0.5,False,0.0,0.0,0.0,0,0,1,0,,,,,1.0,0.0,,,FES,,,
FES_gas_engine_NGET_Z10,Z10,PQ,,8.575,0.0,False,0.0,inf,,0.0,1.0,,,-inf,inf,0.0,1.0,gas_engine,172.0,0.0,True,0,inf,0.0,,,0.0,0.5,False,0.0,0.0,0.0,0,0,1,0,,,,,1.0,0.0,,,FES,,,
FES_gas_engine_NGET_Z15,Z15,PQ,,8.575,0.0,False,0.0,inf,,0.0,1.0,,,-inf,inf,0.0,1.0,gas_engine,172.0,0.0,True,0,inf,0.0,,,0.0,0.5,False,0.0,0.0,0.0,0,0,1,0,,,,,1.0,0.0,,,FES,,,
FES_gas_engine_NGET_Z16,Z16,PQ,,8.575,0.0,False,0.0,inf,,0.0,1.0,,,-inf,inf,0.0,1.0,gas_engine,172.0,0.0,True,0,inf,0.0,,,0.0,0.5,False,0.0,0.0,0.0,0,0,1,0,,,,,1.0,0.0,,,FES,,,
FES_gas_engine_NGET_Z8,Z8,PQ,,8.575,0.0,False,0.0,inf,,0.0,1.0,,,-inf,inf,0.0,1.0,gas_engine,172.0,0.0,True,0,inf,0.0,,,0.0,0.5,False,0.0,0.0,0.0,0,0,1,0,,,,,1.0,0.0,,,FES,,,
FES_gas_engine_NGET_Z9,Z9,PQ,,8.575,0.0,False,0.0,inf,,0.0,1.0,,,-inf,inf,0.0,1.0,gas_engine,172.0,0.0,True,0,inf,0.0,,,0.0,0.5,False,0.0,0.0,0.0,0,0,1,0,,,,,1.0,0.0,,,FES,,,
FES_gas_engine_NGET_Z11,Z11,PQ,,8.575,0.0,False,0.0,inf,,0.0,1.0,,,-inf,inf,0.0,1.0,gas_engine,172.0,0.0,True,0,inf,0.0,,,0.0,0.5,False,0.0,0.0,0.0,0,0,1,0,,,,,1.0,0.0,,,FES,,,
FES_gas_engine_NGET_Z17,Z17,PQ,,8.575,0.0,False,0.0,inf,,0.0,1.0,,,-inf,inf,0.0,1.0,gas_engine,172.0,0.0,True,0,inf,0.0,,,0.0,0.5,False,0.0,0.0,0.0,0,0,1,0,,,,,1.0,0.0,,,FES,,,
FES_gas_engine_NGET_Z6,Z6,PQ,,8.575,0.0,False,0.0,inf,,0.0,1.0,,,-inf,inf,0.0,1.0,gas_engine,172.0,0.0,True,0,inf,0.0,,,0.0,0.5,False,0.0,0.0,0.0,0,0,1,0,,,,,1.0,0.0,,,FES,,,
FES_gas_engine_NGET_Z14,Z14,PQ,,8.575,0.0,False,0.0,inf,,0.0,1.0,,,-inf,inf,0.0,1.0,gas_engine,172.0,0.0,True,0,inf,0.0,,,0.0,0.5,False,0.0,0.0,0.0,0,0,1,0,,,,,1.0,0.0,,,FES,,,
FES_nuclear_NGET_Z12,Z12,PQ,,416.66666666666663,0.0,False,0.0,inf,,0.0,1.0,,,-inf,inf,0.0,1.0,nuclear,10.0,0.0,True,0,inf,0.0,,,0.0,0.5,False,0.0,0.0,0.0,0,0,1,0,,,,,1.0,0.0,,,FES,,,
FES_nuclear_NGET_Z7,Z7,PQ,,416.66666666666663,0.0,False,0.0,inf,,0.0,1.0,,,-inf,inf,0.0,1.0,nuclear,10.0,0.0,True,0,inf,0.0,,,0.0,0.5,False,0.0,0.0,0.0,0,0,1,0,,,,,1.0,0.0,,,FES,,,
FES_nuclear_NGET_Z13,Z13,PQ,,416.66666666666663,0.0,False,0.0,inf,,0.0,1.0,,,-inf,inf,0.0,1.0,nuclear,10.0,0.0,True,0,inf,0.0,,,0.0,0.5,False,0.0,0.0,0.0,0,0,1,0,,,,,1.0,0.0,,,FES,,,
FES_nuclear_NGET_Z10,Z10,PQ,,416.66666666666663,0.0,False,0.0,inf,,0.0,1.0,,,-inf,inf,0.0,1.0,nuclear,10.0,0.0,True,0,inf,0.0,,,0.0,0.5,False,0.0,0.0,0.0,0,0,1,0,,,,,1.0,0.0,,,FES,,,
FES_nuclear_NGET_Z15,Z15,PQ,,416.66666666666663,0.0,False,0.0,inf,,0.0,1.0,,,-inf,inf,0.0,1.0,nuclear,10.0,0.0,True,0,inf,0.0,,,0.0,0.5,False,0.0,0.0,0.0,0,0,1,0,,,,,1.0,0.0,,,FES,,,
FES_nuclear_NGET_Z16,Z16,PQ,,416.66666666666663,0.0,False,0.0,inf,,0.0,1.0,,,-inf,inf,0.0,1.0,nuclear,10.0,0.0,True,0,inf,0.0,,,0.0,0.5,False,0.0,0.0,0.0,0,0,1,0,,,,,1.0,0.0,,,FES,,,
FES_nuclear_NGET_Z8,Z8,PQ,,416.66666666666663,0.0,False,0.0,inf,,0.0,1.0,,,-inf,inf,0.0,1.0,nuclear,10.0,0.0,True,0,inf,0.0,,,0.0,0.5,False,0.0,0.0,0.0,0,0,1,0,,,,,1.0,0.0,,,FES,,,
FES_nuclear_NGET_Z9,Z9,PQ,,416.66666666666663,0.0,False,0.0,inf,,0.0,1.0,,,-inf,inf,0.0,1.0,nuclear,10.0,0.0,True,0,inf,0.0,,,0.0,0.5,False,0.0,0.0,0.0,0,0,1,0,,,,,1.0,0.0,,,FES,,,
FES_nuclear_NGET_Z11,Z11,PQ,,416.66666666666663,0.0,False,0.0,inf,,0.0,1.0,,,-inf,inf,0.0,1.0,nuclear,10.0,0.0,True,0,inf,0.0,,,0.0,0.5,False,0.0,0.0,0.0,0,0,1,0,,,,,1.0,0.0,,,FES,,,
FES_nuclear_NGET_Z17,Z17,PQ,,416.66666666666663,0.0,False,0.0,inf,,0.0,1.0,,,-inf,inf,0.0,1.0,nuclear,10.0,0.0,True,0,inf,0.0,,,0.0,0.5,False,0.0,0.0,0.0,0,0,1,0,,,,,1.0,0.0,,,FES,,,
FES_nuclear_NGET_Z6,Z6,PQ,,416.66666666666663,0.0,False,0.0,inf,,0.0,1.0,,,-inf,inf,0.0,1.0,nuclear,10.0,0.0,True,0,inf,0.0,,,0.0,0.5,False,0.0,0.0,0.0,0,0,1,0,,,,,1.0,0.0,,,FES,,,
FES_nuclear_NGET_Z14,Z14,PQ,,416.66666666666663,0.0,False,0.0,inf,,0.0,1.0,,,-inf,inf,0.0,1.0,nuclear,10.0,0.0,True,0,inf,0.0,,,0.0,0.5,False,0.0,0.0,0.0,0,0,1,0,,,,,1.0,0.0,,,FES,,,
FES_oil_NGET_Z12,Z12,PQ,,6.541666666666666,0.0,False,0.0,inf,,0.0,1.0,,,-inf,inf,0.0,1.0,oil,240.61,0.0,True,0,inf,0.0,,,0.0,0.5,False,0.0,0.0,0.0,0,0,1,0,,,,,1.0,0.0,,,FES,,,
FES_oil_NGET_Z7,Z7,PQ,,6.541666666666666,0.0,False,0.0,inf,,0.0,1.0,,,-inf,inf,0.0,1.0,oil,240.61,0.0,True,0,inf,0.0,,,0.0,0.5,False,0.0,0.0,0.0,0,0,1,0,,,,,1.0,0.0,,,FES,,,
FES_oil_NGET_Z13,Z13,PQ,,6.541666666666666,0.0,False,0.0,inf,,0.0,1.0,,,-inf,inf,0.0,1.0,oil,240.61,0.0,True,0,inf,0.0,,,0.0,0.5,False,0.0,0.0,0.0,0,0,1,0,,,,,1.0,0.0,,,FES,,,
FES_oil_NGET_Z10,Z10,PQ,,6.541666666666666,0.0,False,0.0,inf,,0.0,1.0,,,-inf,inf,0.0,1.0,oil,240.61,0.0,True,0,inf,0.0,,,0.0,0.5,False,0.0,0.0,0.0,0,0,1,0,,,,,1.0,0.0,,,FES,,,
FES_oil_NGET_Z15,Z15,PQ,,6.541666666666666,0.0,False,0.0,inf,,0.0,1.0,,,-inf,inf,0.0,1.0,oil,240.61,0.0,True,0,inf,0.0,,,0.0,0.5,False,0.0,0.0,0.0,0,0,1,0,,,,,1.0,0.0,,,FES,,,
FES_oil_NGET_Z16,Z16,PQ,,6.541666666666666,0.0,False,0.0,inf,,0.0,1.0,,,-inf,inf,0.0,1.0,oil,240.61,0.0,True,0,inf,0.0,,,0.0,0.5,False,0.0,0.0,0.0,0,0,1,0,,,,,1.0,0.0,,,FES,,,
FES_oil_NGET_Z8,Z8,PQ,,6.541666666666666,0.0,False,0.0,inf,,0.0,1.0,,,-inf,inf,0.0,1.0,oil,240.61,0.0,True,0,inf,0.0,,,0.0,0.5,False,0.0,0.0,0.0,0,0,1,0,,,,,1.0,0.0,,,FES,,,
FES_oil_NGET_Z9,Z9,PQ,,6.541666666666666,0.0,False,0.0,inf,,0.0,1.0,,,-inf,inf,0.0,1.0,oil,240.61,0.0,True,0,inf,0.0,,,0.0,0.5,False,0.0,0.0,0.0,0,0,1,0,,,,,1.0,0.0,,,FES,,,
FES_oil_NGET_Z11,Z11,PQ,,6.541666666666666,0.0,False,0.0,inf,,0.0,1.0,,,-inf,inf,0.0,1.0,oil,240.61,0.0,True,0,inf,0.0,,,0.0,0.5,False,0.0,0.0,0.0,0,0,1,0,,,,,1.0,0.0,,,FES,,,
FES_oil_NGET_Z17,Z17,PQ,,6.541666666666666,0.0,False,0.0,inf,,0.0,1.0,,,-inf,inf,0.0,1.0,oil,240.61,0.0,True,0,inf,0.0,,,0.0,0.5,False,0.0,0.0,0.0,0,0,1,0,,,,,1.0,0.0,,,FES,,,
FES_oil_NGET_Z6,Z6,PQ,,6.541666666666666,0.0,False,0.0,inf,,0.0,1.0,,,-inf,inf,0.0,1.0,oil,240.61,0.0,True,0,inf,0.0,,,0.0,0.5,False,0.0,0.0,0.0,0,0,1,0,,,,,1.0,0.0,,,FES,,,
FES_oil_NGET_Z14,Z14,PQ,,6.541666666666666,0.0,False,0.0,inf,,0.0,1.0,,,-inf,inf,0.0,1.0,oil,240.61,0.0,True,0,inf,0.0,,,0.0,0.5,False,0.0,0.0,0.0,0,0,1,0,,,,,1.0,0.0,,,FES,,,
load_shedding_Z10,Z10,PQ,,10.0,0.0,False,0.0,inf,,0.0,1.0,,,-inf,inf,0.0,1.0,load_shedding,6000.0,0.0,True,0,inf,0.0,,,0.0,1.0,False,0.0,0.0,0.0,0,0,1,0,,,,,1.0,0.0,,,,,,
load_shedding_Z11,Z11,PQ,,6315.794124561513,0.0,False,0.0,inf,,0.0,1.0,,,-inf,inf,0.0,1.0,load_shedding,6000.0,0.0,True,0,inf,0.0,,,0.0,1.0,False,0.0,0.0,0.0,0,0,1,0,,,,,1.0,0.0,,,,,,
load_shedding_Z12,Z12,PQ,,11710.53493929114,0.0,False,0.0,inf,,0.0,1.0,,,-inf,inf,0.0,1.0,load_shedding,6000.0,0.0,True,0,inf,0.0,,,0.0,1.0,False,0.0,0.0,0.0,0,0,1,0,,,,,1.0,0.0,,,,,,
load_shedding_Z13,Z13,PQ,,2368.422796710567,0.0,False,0.0,inf,,0.0,1.0,,,-inf,inf,0.0,1.0,load_shedding,6000.0,0.0,True,0,inf,0.0,,,0.0,1.0,False,0.0,0.0,0.0,0,0,1,0,,,,,1.0,0.0,,,,,,
load_shedding_Z14,Z14,PQ,,9868.428319627363,0.0,False,0.0,inf,,0.0,1.0,,,-inf,inf,0.0,1.0,load_shedding,6000.0,0.0,True,0,inf,0.0,,,0.0,1.0,False,0.0,0.0,0.0,0,0,1,0,,,,,1.0,0.0,,,,,,
load_shedding_Z15,Z15,PQ,,6578.952213084909,0.0,False,0.0,inf,,0.0,1.0,,,-inf,inf,0.0,1.0,load_shedding,6000.0,0.0,True,0,inf,0.0,,,0.0,1.0,False,0.0,0.0,0.0,0,0,1,0,,,,,1.0,0.0,,,,,,
load_shedding_Z16,Z16,PQ,,6315.794124561513,0.0,False,0.0,inf,,0.0,1.0,,,-inf,inf,0.0,1.0,load_shedding,6000.0,0.0,True,0,inf,0.0,,,0.0,1.0,False,0.0,0.0,0.0,0,0,1,0,,,,,1.0,0.0,,,,,,
load_shedding_Z17,Z17,PQ,,1973.6856639254727,0.0,False,0.0,inf,,0.0,1.0,,,-inf,inf,0.0,1.0,load_shedding,6000.0,0.0,True,0,inf,0.0,,,0.0,1.0,False,0.0,0.0,0.0,0,0,1,0,,,,,1.0,0.0,,,,,,
load_shedding_Z1_1,Z1_1,PQ,,10.0,0.0,False,0.0,inf,,0.0,1.0,,,-inf,inf,0.0,1.0,load_shedding,6000.0,0.0,True,0,inf,0.0,,,0.0,1.0,False,0.0,0.0,0.0,0,0,1,0,,,,,1.0,0.0,,,,,,
load_shedding_Z1_2,Z1_2,PQ,,10.0,0.0,False,0.0,inf,,0.0,1.0,,,-inf,inf,0.0,1.0,load_shedding,6000.0,0.0,True,0,inf,0.0,,,0.0,1.0,False,0.0,0.0,0.0,0,0,1,0,,,,,1.0,0.0,,,,,,
load_shedding_Z1_3,Z1_3,PQ,,10.0,0.0,False,0.0,inf,,0.0,1.0,,,-inf,inf,0.0,1.0,load_shedding,6000.0,0.0,True,0,inf,0.0,,,0.0,1.0,False,0.0,0.0,0.0,0,0,1,0,,,,,1.0,0.0,,,,,,
load_shedding_Z1_4,Z1_4,PQ,,789.4742655701891,0.0,False,0.0,inf,,0.0,1.0,,,-inf,inf,0.0,1.0,load_shedding,6000.0,0.0,True,0,inf,0.0,,,0.0,1.0,False,0.0,0.0,0.0,0,0,1,0,,,,,1.0,0.0,,,,,,
load_shedding_Z2,Z2,PQ,,1184.2113983552836,0.0,False,0.0,inf,,0.0,1.0,,,-inf,inf,0.0,1.0,load_shedding,6000.0,0.0,True,0,inf,0.0,,,0.0,1.0,False,0.0,0.0,0.0,0,0,1,0,,,,,1.0,0.0,,,,,,
load_shedding_Z3,Z3,PQ,,657.8952213084908,0.0,False,0.0,inf,,0.0,1.0,,,-inf,inf,0.0,1.0,load_shedding,6000.0,0.0,True,0,inf,0.0,,,0.0,1.0,False,0.0,0.0,0.0,0,0,1,0,,,,,1.0,0.0,,,,,,
load_shedding_Z4,Z4,PQ,,10.0,0.0,False,0.0,inf,,0.0,1.0,,,-inf,inf,0.0,1.0,load_shedding,6000.0,0.0,True,0,inf,0.0,,,0.0,1.0,False,0.0,0.0,0.0,0,0,1,0,,,,,1.0,0.0,,,,,,
load_shedding_Z5,Z5,PQ,,4210.529416374342,0.0,False,0.0,inf,,0.0,1.0,,,-inf,inf,0.0,1.0,load_shedding,6000.0,0.0,True,0,inf,0.0,,,0.0,1.0,False,0.0,0.0,0.0,0,0,1,0,,,,,1.0,0.0,,,,,,
load_shedding_Z6,Z6,PQ,,657.8952213084908,0.0,False,0.0,inf,,0.0,1.0,,,-inf,inf,0.0,1.0,load_shedding,6000.0,0.0,True,0,inf,0.0,,,0.0,1.0,False,0.0,0.0,0.0,0,0,1,0,,,,,1.0,0.0,,,,,,
load_shedding_Z7,Z7,PQ,,1447.36948687868,0.0,False,0.0,inf,,0.0,1.0,,,-inf,inf,0.0,1.0,load_shedding,6000.0,0.0,True,0,inf,0.0,,,0.0,1.0,False,0.0,0.0,0.0,0,0,1,0,,,,,1.0,0.0,,,,,,
load_shedding_Z8,Z8,PQ,,6578.952213084909,0.0,False,0.0,inf,,0.0,1.0,,,-inf,inf,0.0,1.0,load_shedding,6000.0,0.0,True,0,inf,0.0,,,0.0,1.0,False,0.0,0.0,0.0,0,0,1,0,,,,,1.0,0.0,,,,,,
load_shedding_Z9,Z9,PQ,,16052.643399927176,0.0,False,0.0,inf,,0.0,1.0,,,-inf,inf,0.0,1.0,load_shedding,6000.0,0.0,True,0,inf,0.0,,,0.0,1.0,False,0.0,0.0,0.0,0,0,1,0,,,,,1.0,0.0,,,,,,
EU_supply_Netherlands_HVDC_External_Netherlands_Maasvlakte,HVDC_External_Netherlands_Maasvlakte,PQ,,5090.167943909995,0.0,False,0.0,inf,,0.0,1.0,,,-inf,inf,0.0,1.0,EU_import,25.30922137752883,0.0,True,0,inf,0.0,,,0.0,1.0,False,0.0,0.0,0.0,0,0,1,0,,,,,1.0,0.0,,,,,Netherlands,European generation mix
EU_supply_France_HVDC_External_France_Calais,HVDC_External_France_Calais,PQ,,8458.162400130443,0.0,False,0.0,inf,,0.0,1.0,,,-inf,inf,0.0,1.0,EU_import,15.02598977988266,0.0,True,0,inf,0.0,,,0.0,1.0,False,0.0,0.0,0.0,0,0,1,0,,,,,1.0,0.0,,,,,France,European generation mix
EU_supply_Belgium_HVDC_External_Belgium_Zeebrugge,HVDC_External_Belgium_Zeebrugge,PQ,,2163.321376161748,0.0,False,0.0,inf,,0.0,1.0,,,-inf,inf,0.0,1.0,EU_import,25.89093021477356,0.0,True,0,inf,0.0,,,0.0,1.0,False,0.0,0.0,0.0,0,0,1,0,,,,,1.0,0.0,,,,,Belgium,European generation mix
EU_supply_Norway_HVDC_External_Norway,HVDC_External_Norway,PQ,,2969.2646339474977,0.0,False,0.0,inf,,0.0,1.0,,,-inf,inf,0.0,1.0,EU_import,11.892692475634911,0.0,True,0,inf,0.0,,,0.0,1.0,False,0.0,0.0,0.0,0,0,1,0,,,,,1.0,0.0,,,,,Norway,European generation mix
EU_supply_Northern Ireland_HVDC_External_Northern_Ireland,HVDC_External_Northern_Ireland,PQ,,2067.880727213436,0.0,False,0.0,inf,,0.0,1.0,,,-inf,inf,0.0,1.0,EU_import,32.1575384650073,0.0,True,0,inf,0.0,,,0.0,1.0,False,0.0,0.0,0.0,0,0,1,0,,,,,1.0,0.0,,,,,Northern Ireland,European generation mix
EU_supply_Denmark_HVDC_External_Denmark_Revsing,HVDC_External_Denmark_Revsing,PQ,,2969.2646339474977,0.0,False,0.0,inf,,0.0,1.0,,,-inf,inf,0.0,1.0,EU_import,33.544256285708656,0.0,True,0,inf,0.0,,,0.0,1.0,False,0.0,0.0,0.0,0,0,1,0,,,,,1.0,0.0,,,,,Denmark,European generation mix
EU_supply_Ireland_HVDC_External_Ireland_Rush_North_Beach,HVDC_External_Ireland_Rush_North_Beach,PQ,,1071.0561715310616,0.0,False,0.0,inf,,0.0,1.0,,,-inf,inf,0.0,1.0,EU_import,32.1575384650073,0.0,True,0,inf,0.0,,,0.0,1.0,False,0.0,0.0,0.0,0,0,1,0,,,,,1.0,0.0,,,,,Ireland,European generation mix
EU_supply_Ireland_HVDC_External_Ireland,HVDC_External_Ireland,PQ,,1068.935268221099,0.0,False,0.0,inf,,0.0,1.0,,,-inf,inf,0.0,1.0,EU_import,32.1575384650073,0.0,True,0,inf,0.0,,,0.0,1.0,False,0.0,0.0,0.0,0,0,1,0,,,,,1.0,0.0,,,,,Ireland,European generation mix
EU_supply_Isle Of Man_HVDC_External_Isle_Of_Man_Douglas,HVDC_External_Isle_Of_Man_Douglas,PQ,,156.94684493722488,0.0,False,0.0,inf,,0.0,1.0,,,-inf,inf,0.0,1.0,EU_import,32.1575384650073,0.0,True,0,inf,0.0,,,0.0,1.0,False,0.0,0.0,0.0,0,0,1,0,,,,,1.0,0.0,,,,,Isle Of Man,European generation mix
