name,bus,carrier,p_nom,FOR,MTTF_hours,MTTR_hours
South_Beach_Wind_Turbine_Somerton,Z12,wind_onshore,1.5,0.01399825021872266,3381,48
Swaffham_1___Ecotech_Wind_Park,Z12,wind_onshore,1.5,0.01399825021872266,3381,48
Mynydd_Gorddu_Wind_Farm,Z13,wind_onshore,10.2,0.01399825021872266,3381,48
Cefn_Croes_Wind_Farm,Z13,wind_onshore,58.5,0.01399825021872266,3381,48
Carno_'B'_Wind_Farm,Z13,wind_onshore,16.8,0.01399825021872266,3381,48
Carno_'A'_Wind_Farm,Z13,wind_onshore,16.8,0.01399825021872266,3381,48
Cemmaes_'B'_Wind_Farm,Z9,wind_onshore,3.4,0.01399825021872266,3381,48
Trysglwyn_Wind_Farm,Z9,wind_onshore,5.6,0.01399825021872266,3381,48
Hafoty_Ucha_'2'_and_'3'_Wind_Turbine,Z9,wind_onshore,2.6,0.01399825021872266,3381,48
Royal_Seaforth_Dock_Wind_Farm,Z9,wind_onshore,3.0,0.01399825021872266,3381,48
Cemmaes_'C'_Wind_Farm,Z9,wind_onshore,15.3,0.01399825021872266,3381,48
Llanbabo_Wind_Farm,Z9,wind_onshore,20.4,0.01399825021872266,3381,48
Tow_Law_Wind_Farm,Z7,wind_onshore,2.6,0.01399825021872266,3381,48
Kirkheaton_Wind_Farm,Z7,wind_onshore,1.8,0.01399825021872266,3381,48
Great_Eppleton_Wind_Farm,Z7,wind_onshore,3.0,0.01399825021872266,3381,48
Great_Orton_Wind_Farm_Extension,Z6,wind_onshore,2.3,0.01399825021872266,3381,48
Harlock_Hill_Wind_Farm,Z9,wind_onshore,2.5,0.01399825021872266,3381,48
Wharrels_Hill_Wind_Farm,Z6,wind_onshore,10.4,0.01399825021872266,3381,48
Siddick_Wind_Farm,Z6,wind_onshore,4.2,0.01399825021872266,3381,48
Oldside_Wind_Farm,Z6,wind_onshore,5.4,0.01399825021872266,3381,48
Haverigg_Extension_Wind_Farm,Z9,wind_onshore,2.4,0.01399825021872266,3381,48
Blaen_Bowi_Wind_Farm,Z13,wind_onshore,3.9,0.01399825021872266,3381,48
Parc_Cynog_Wind_Farm,Z13,wind_onshore,3.6,0.01399825021872266,3381,48
Moel_Maelogen_A,Z9,wind_onshore,2.6,0.01399825021872266,3381,48
Out_Newton_Wind_Farm,Z10,wind_onshore,9.0,0.01399825021872266,3381,48
Brockholes_Wind_Cluster,Z5,wind_onshore,2.4,0.01399825021872266,3381,48
Kilbraur_Windfarm_Farlary___Extension,Z1_3,wind_onshore,20.0,0.01399825021872266,3381,48
Maesgwyn,Z13,wind_onshore,26.0,0.01399825021872266,3381,48
Spicer_Hill_Wind_Farm,Z8,wind_onshore,6.9,0.01399825021872266,3381,48
Ford_Motor_Company_Ltd_Extension,Z14,wind_onshore,2.0,0.01399825021872266,3381,48
FMC_Technologies,Z5,wind_onshore,1.5,0.01399825021872266,3381,48
Boyndie_Airfield_Extension,Z2,wind_onshore,2.3,0.01399825021872266,3381,48
Blue_Gates_Farm,Z12,wind_onshore,1.5,0.01399825021872266,3381,48
Celcon_Blocks_Ltd,Z8,wind_onshore,2.0,0.01399825021872266,3381,48
Hammar's_Hill,Z1_3,wind_onshore,4.3,0.01399825021872266,3381,48
"F_M_C_Land,_Pitreavie_Business_Park",Z5,wind_onshore,1.5,0.01399825021872266,3381,48
Strath_of_Brydock___Extension,Z2,wind_onshore,2.3,0.01399825021872266,3381,48
Hare_Hill_East_Ayrshire,Z6,wind_onshore,13.2,0.01399825021872266,3381,48
Kirkby_Moor,Z7,wind_onshore,4.8,0.01399825021872266,3381,48
Bambers_II,Z10,wind_onshore,4.6,0.01399825021872266,3381,48
Millennium_Extension_II,Z1_4,wind_onshore,15.0,0.01399825021872266,3381,48
Cairnmore_Farm,Z2,wind_onshore,2.6,0.01399825021872266,3381,48
St_Fergus_Moss_Wind_Farm,Z2,wind_onshore,6.0,0.01399825021872266,3381,48
"West_Hill,_Flotta",Z1_3,wind_onshore,2.0,0.01399825021872266,3381,48
Chelker_Reservoir_Retention_of_Turbines,Z8,wind_onshore,1.2,0.01399825021872266,3381,48
Whitelee_Windfarm_Extension_phase_2,Z5,wind_onshore,109.0,0.01399825021872266,3381,48
Hill_of_Balquhindachy_extension,Z2,wind_onshore,1.7,0.01399825021872266,3381,48
Taff_Ely_Wind_Farm,Z13,wind_onshore,9.0,0.01399825021872266,3381,48
Mossmorran_Wind_Farm,Z5,wind_onshore,4.6,0.01399825021872266,3381,48
Courtstone_Wind_Turbine,Z2,wind_onshore,2.3,0.01399825021872266,3381,48
Lairg_Wind_Farm,Z1_3,wind_onshore,7.5,0.01399825021872266,3381,48
G24_Innovations_Turbine,Z13,wind_onshore,2.3,0.01399825021872266,3381,48
Mornflake_Oats_Wind_Turbine,Z2,wind_onshore,2.3,0.01399825021872266,3381,48
Clochnahill_Wind_Farm,Z2,wind_onshore,5.2,0.01399825021872266,3381,48
St_John_Hill,Z2,wind_onshore,7.7,0.01399825021872266,3381,48
Bryn_Blaen_Wind_Farm,Z13,wind_onshore,13.8,0.01399825021872266,3381,48
MARCH_SEWAGE_TREATMENT_WORKS___WIND_TURBINE,Z12,wind_onshore,2.0,0.01399825021872266,3381,48
Burnfoot_Hill,Z3,wind_onshore,26.0,0.01399825021872266,3381,48
Chelker_Reservoir,Z8,wind_onshore,1.3,0.01399825021872266,3381,48
Strath_of_Brydock,Z2,wind_onshore,4.6,0.01399825021872266,3381,48
House_O'Hill,Z2,wind_onshore,5.0,0.01399825021872266,3381,48
Bagmoor,Z8,wind_onshore,16.0,0.01399825021872266,3381,48
Croda_Chemicals_Europe,Z8,wind_onshore,3.0,0.01399825021872266,3381,48
"Eastman_Chemicals,_Workington",Z6,wind_onshore,4.0,0.01399825021872266,3381,48
Lindhurst_Wind_Farm,Z10,wind_onshore,15.0,0.01399825021872266,3381,48
Craigengelt,Z5,wind_onshore,20.0,0.01399825021872266,3381,48
Saltend_Wind_Turbine,Z8,wind_onshore,1.3,0.01399825021872266,3381,48
Loftsome_Bridge,Z8,wind_onshore,1.3,0.01399825021872266,3381,48
Nissan_Wind_Farm,Z7,wind_onshore,4.0,0.01399825021872266,3381,48
Parc_Cynog_Extension,Z13,wind_onshore,8.4,0.01399825021872266,3381,48
Ranson_Moor_phase_1,Z12,wind_onshore,6.0,0.01399825021872266,3381,48
Ranson_Moor_Wind_Farm_Phase_2,Z12,wind_onshore,4.0,0.01399825021872266,3381,48
West_Durham_Wind_Farm,Z7,wind_onshore,24.0,0.01399825021872266,3381,48
Dyffryn_Brodyn_Wind_Farm,Z13,wind_onshore,5.5,0.01399825021872266,3381,48
North_Red_Bog,Z2,wind_onshore,1.6,0.01399825021872266,3381,48
Milton_Keynes_Wind_Farm,Z14,wind_onshore,14.0,0.01399825021872266,3381,48
Broom_Hill_Farm,Z7,wind_onshore,8.0,0.01399825021872266,3381,48
Winscales_Moor,Z6,wind_onshore,6.0,0.01399825021872266,3381,48
Wind_Farm_Africa_Alive,Z12,wind_onshore,4.1,0.01399825021872266,3381,48
Beinn_Tharsuinn_Extension_Beinn_nan_Oighrean,Z1_3,wind_onshore,4.6,0.01399825021872266,3381,48
St_John's_Well,Z2,wind_onshore,2.4,0.01399825021872266,3381,48
Hellrigg_Wind_farm,Z6,wind_onshore,9.2,0.01399825021872266,3381,48
Bryn_titli_Windfarm,Z13,wind_onshore,9.9,0.01399825021872266,3381,48
Delabole_Repowering,Z17,wind_onshore,9.2,0.01399825021872266,3381,48
Whittlesey,Z12,wind_onshore,9.0,0.01399825021872266,3381,48
Advanced_Manufacturing_Research_Centre,Z8,wind_onshore,2.6,0.01399825021872266,3381,48
Solutia_UK_Ltd,Z13,wind_onshore,5.0,0.01399825021872266,3381,48
High_Haswell_Wind_Farm,Z7,wind_onshore,4.0,0.01399825021872266,3381,48
Llandinam_Windfarm,Z13,wind_onshore,31.0,0.01399825021872266,3381,48
Goonhilly_Downs_Wind_Farm_Repower,Z17,wind_onshore,12.0,0.01399825021872266,3381,48
MSD_Cramlington,Z7,wind_onshore,4.0,0.01399825021872266,3381,48
Skelmonae_Wind_Farm,Z2,wind_onshore,3.2,0.01399825021872266,3381,48
Carn_Vean,Z17,wind_onshore,10.0,0.01399825021872266,3381,48
Dewlay_Cheese_Wind_Turbine,Z9,wind_onshore,2.0,0.01399825021872266,3381,48
Coal_Clough_Wind_Farm,Z8,wind_onshore,9.6,0.01399825021872266,3381,48
Myres_Hill,Z5,wind_onshore,1.8,0.01399825021872266,3381,48
High_Sharpley_Wind_Farm,Z7,wind_onshore,2.6,0.01399825021872266,3381,48
National_Wind_Turbine_Test_Site,Z5,wind_onshore,4.7,0.01399825021872266,3381,48
Little_Cheyne_Court_Wind_Farm,Z15,wind_onshore,59.8,0.01399825021872266,3381,48
Long_Hill_Road,Z12,wind_onshore,2.0,0.01399825021872266,3381,48
Ness_point_Wind_Turbine_1,Z12,wind_onshore,2.3,0.01399825021872266,3381,48
Causeymire,Z1_3,wind_onshore,48.3,0.01399825021872266,3381,48
Hadyard_Hill,Z6,wind_onshore,120.0,0.01399825021872266,3381,48
Hare_Hill_B,Z7,wind_onshore,2.7,0.01399825021872266,3381,48
Crystal_Rig_Phase_1,Z5,wind_onshore,62.5,0.01399825021872266,3381,48
Black_Law,Z5,wind_onshore,124.0,0.01399825021872266,3381,48
Ardrossan,Z4,wind_onshore,24.0,0.01399825021872266,3381,48
Braes_O'Doune,Z3,wind_onshore,72.0,0.01399825021872266,3381,48
Thorfinn_Wind_Farm___NM1500,Z1_3,wind_onshore,1.5,0.01399825021872266,3381,48
Boulfruich,Z1_3,wind_onshore,13.0,0.01399825021872266,3381,48
Bicker_Fen,Z10,wind_onshore,26.7,0.01399825021872266,3381,48
Stags_Holt,Z12,wind_onshore,18.0,0.01399825021872266,3381,48
Glass_Moor,Z12,wind_onshore,16.0,0.01399825021872266,3381,48
Gedney_Marsh,Z10,wind_onshore,12.0,0.01399825021872266,3381,48
Ben_Aketil,Z1_2,wind_onshore,23.0,0.01399825021872266,3381,48
Knabs_Ridge_Windfarm,Z8,wind_onshore,16.0,0.01399825021872266,3381,48
Kelburn,Z4,wind_onshore,28.0,0.01399825021872266,3381,48
Ramsey_1,Z12,wind_onshore,1.8,0.01399825021872266,3381,48
Bambers_Farm,Z10,wind_onshore,9.6,0.01399825021872266,3381,48
Ford_Wind_Park___Dagenham,Z14,wind_onshore,5.9,0.01399825021872266,3381,48
Swaffham_Plashes_II,Z12,wind_onshore,1.8,0.01399825021872266,3381,48
Shooters_Bottom_Wind_Park,Z13,wind_onshore,2.0,0.01399825021872266,3381,48
Caton_Moor_Windfarm_Repowering,Z9,wind_onshore,16.0,0.01399825021872266,3381,48
Moel_Maelogen_A_Phase_2,Z9,wind_onshore,11.7,0.01399825021872266,3381,48
Scout_Moor_Windfarm,Z9,wind_onshore,65.0,0.01399825021872266,3381,48
The_Haven,Z13,wind_onshore,1.2,0.01399825021872266,3381,48
The_Hollies,Z10,wind_onshore,2.6,0.01399825021872266,3381,48
Tullo_Farm,Z2,wind_onshore,17.5,0.01399825021872266,3381,48
Avonmouth_Port,Z13,wind_onshore,6.0,0.01399825021872266,3381,48
Dummuie,Z2,wind_onshore,12.3,0.01399825021872266,3381,48
Earlsburn,Z5,wind_onshore,37.5,0.01399825021872266,3381,48
Kilbraur_Windfarm,Z1_3,wind_onshore,47.5,0.01399825021872266,3381,48
Achany_Wind_Farm,Z1_3,wind_onshore,38.0,0.01399825021872266,3381,48
Bilbster_Wind_Farm,Z1_3,wind_onshore,3.9,0.01399825021872266,3381,48
Green_Park,Z16,wind_onshore,2.0,0.01399825021872266,3381,48
Carcant_Windfarm,Z5,wind_onshore,6.0,0.01399825021872266,3381,48
Butterwick_Moor,Z7,wind_onshore,20.5,0.01399825021872266,3381,48
Hagshaw_Hill_Wind_Farm_Extension,Z5,wind_onshore,26.0,0.01399825021872266,3381,48
Southern_Law,Z7,wind_onshore,5.2,0.01399825021872266,3381,48
Llangwyryfon,Z13,wind_onshore,9.4,0.01399825021872266,3381,48
Pates_Hill,Z5,wind_onshore,14.0,0.01399825021872266,3381,48
Roskrow_Wind_Turbines,Z17,wind_onshore,1.7,0.01399825021872266,3381,48
Greendykeside,Z5,wind_onshore,4.0,0.01399825021872266,3381,48
Loscar_Farm,Z10,wind_onshore,4.5,0.01399825021872266,3381,48
Langley_Moor,Z7,wind_onshore,8.0,0.01399825021872266,3381,48
Arecleoch_Windfarm,Z6,wind_onshore,120.0,0.01399825021872266,3381,48
Mark_Hill,Z6,wind_onshore,56.0,0.01399825021872266,3381,48
Westmill_Wind_Farm,Z13,wind_onshore,6.5,0.01399825021872266,3381,48
Lodge_Farm_1,Z13,wind_onshore,1.0,0.01399825021872266,3381,48
"Carno_'A'and_'B'_Wind_Farm,_Extension",Z13,wind_onshore,15.6,0.01399825021872266,3381,48
Achairn,Z1_3,wind_onshore,6.2,0.01399825021872266,3381,48
High_Hedley_Hope_2_Extension,Z7,wind_onshore,5.2,0.01399825021872266,3381,48
Beinn_an_Tuirc,Z4,wind_onshore,29.7,0.01399825021872266,3381,48
Cnoc_Donn_Arnicle,Z4,wind_onshore,15.0,0.01399825021872266,3381,48
Beinn_Ghlas_Wind_Farm,Z4,wind_onshore,7.8,0.01399825021872266,3381,48
"Bendealt_Wind_Farm,_Highland",Z1_3,wind_onshore,9.0,0.01399825021872266,3381,48
Meall_an_Tuirc_Wind_Farm,Z1_3,wind_onshore,17.0,0.01399825021872266,3381,48
An_Suidhe,Z4,wind_onshore,19.3,0.01399825021872266,3381,48
Roughside_Hill,Z5,wind_onshore,30.0,0.01399825021872266,3381,48
Bowbeat_Wind_Farm,Z5,wind_onshore,31.2,0.01399825021872266,3381,48
Hagshaw_Hill_Wind_Farm,Z5,wind_onshore,7.8,0.01399825021872266,3381,48
Arnish_Moor,Z1_2,wind_onshore,3.9,0.01399825021872266,3381,48
Burgar_Hill,Z1_3,wind_onshore,5.0,0.01399825021872266,3381,48
Thorfinn_Wind_Farm___NM2000,Z1_3,wind_onshore,2.3,0.01399825021872266,3381,48
Hill_of_Lybster,Z1_3,wind_onshore,4.9,0.01399825021872266,3381,48
Burradale_Hill,Z1_1,wind_onshore,3.7,0.01399825021872266,3381,48
Glens_of_Foudland,Z2,wind_onshore,26.0,0.01399825021872266,3381,48
Castle_Pill___Repowering,Z13,wind_onshore,3.2,0.01399825021872266,3381,48
New_Holland,Z1_3,wind_onshore,1.0,0.01399825021872266,3381,48
Weston_Airfield_Wind_Turbines,Z12,wind_onshore,3.6,0.01399825021872266,3381,48
Orton_Park_Farm,Z7,wind_onshore,1.6,0.01399825021872266,3381,48
PROMISED_LAND_FARM,Z9,wind_onshore,1.0,0.01399825021872266,3381,48
Nethercott_Farm,Z17,wind_onshore,1.5,0.01399825021872266,3381,48
Bonerbo_Wind_Turbines,Z3,wind_onshore,1.5,0.01399825021872266,3381,48
Princes_Gate_Spring_Water,Z13,wind_onshore,1.6,0.01399825021872266,3381,48
Phase_1_Bettyhill_Wind_Farm,Z1_3,wind_onshore,5.0,0.01399825021872266,3381,48
Sibelco_Brassington,Z11,wind_onshore,2.3,0.01399825021872266,3381,48
Lambrigg_Wind_Farm,Z7,wind_onshore,6.5,0.01399825021872266,3381,48
Askam,Z9,wind_onshore,4.6,0.01399825021872266,3381,48
Bears_Down_Wind_Farm,Z17,wind_onshore,9.8,0.01399825021872266,3381,48
Welton_Of_Creuchies,Z3,wind_onshore,9.2,0.01399825021872266,3381,48
Droop_Hill_Wind_Farm_x,Z2,wind_onshore,4.6,0.01399825021872266,3381,48
Denhill,Z2,wind_onshore,2.3,0.01399825021872266,3381,48
Haddo,Z2,wind_onshore,4.6,0.01399825021872266,3381,48
Gairnieston_Farm,Z2,wind_onshore,2.3,0.01399825021872266,3381,48
"Burgar_Hill_land_Near,_Evie",Z1_3,wind_onshore,2.3,0.01399825021872266,3381,48
Tod_Hill_Farm_Wind_Turbines,Z5,wind_onshore,12.0,0.01399825021872266,3381,48
Moorhouse_Farm,Z5,wind_onshore,1.0,0.01399825021872266,3381,48
Royd_Moor,Z8,wind_onshore,5.9,0.01399825021872266,3381,48
Stroupster_Wind_Farm___additional_turbine,Z1_3,wind_onshore,2.3,0.01399825021872266,3381,48
Little_Belhus_Restoration_Site,Z14,wind_onshore,1.0,0.01399825021872266,3381,48
Crystal_Rig_Wind_Farm_Phase_2a,Z5,wind_onshore,138.0,0.01399825021872266,3381,48
Clachan_Flats_Wind_Farm,Z3,wind_onshore,15.0,0.01399825021872266,3381,48
Fen_Farm,Z10,wind_onshore,16.0,0.01399825021872266,3381,48
Darracott_Moor,Z17,wind_onshore,2.6,0.01399825021872266,3381,48
Lochhead_Farm,Z5,wind_onshore,6.0,0.01399825021872266,3381,48
Toddleburn,Z5,wind_onshore,27.6,0.01399825021872266,3381,48
Crimp_Wind_Farm,Z17,wind_onshore,2.4,0.01399825021872266,3381,48
Hedley_Hope,Z7,wind_onshore,2.4,0.01399825021872266,3381,48
Tangy_Wind_Farm/Tangy_1,Z4,wind_onshore,12.8,0.01399825021872266,3381,48
Coldham_Hall,Z12,wind_onshore,14.0,0.01399825021872266,3381,48
Whitemill_Wind_Farm,Z12,wind_onshore,14.0,0.01399825021872266,3381,48
Green_Knowes,Z3,wind_onshore,27.0,0.01399825021872266,3381,48
Whitelee,Z5,wind_onshore,322.0,0.01399825021872266,3381,48
Great_Orton,Z6,wind_onshore,4.0,0.01399825021872266,3381,48
Winscales_Phase_I_and_II,Z6,wind_onshore,8.8,0.01399825021872266,3381,48
Holmside_Hall,Z7,wind_onshore,2.8,0.01399825021872266,3381,48
High_Volts_Wind_Farm,Z7,wind_onshore,5.5,0.01399825021872266,3381,48
Hare_Hill,Z7,wind_onshore,1.3,0.01399825021872266,3381,48
Great_Eppleton_Farm_Repowering,Z7,wind_onshore,8.2,0.01399825021872266,3381,48
Haswell_Moor,Z7,wind_onshore,10.0,0.01399825021872266,3381,48
Worksop___B&Q,Z10,wind_onshore,2.0,0.01399825021872266,3381,48
Cold_Northcott,Z17,wind_onshore,6.6,0.01399825021872266,3381,48
Upper_Ardgrain_Wind_Farm,Z2,wind_onshore,2.4,0.01399825021872266,3381,48
Rothiesholm,Z1_3,wind_onshore,2.7,0.01399825021872266,3381,48
Hill_of_Easterton,Z2,wind_onshore,2.5,0.01399825021872266,3381,48
Port_of_Liverpool___wind,Z9,wind_onshore,10.0,0.01399825021872266,3381,48
Rothes_Wind_Cairn_Uish,Z2,wind_onshore,50.6,0.01399825021872266,3381,48
Crystal_Rig_Extension_II,Z5,wind_onshore,20.7,0.01399825021872266,3381,48
Glenkerie_Wind_Farm,Z6,wind_onshore,22.0,0.01399825021872266,3381,48
Lissett_Airfield_Wind_Farm,Z8,wind_onshore,30.0,0.01399825021872266,3381,48
Methlick_Farmers_Wind_Energy_Project,Z2,wind_onshore,12.0,0.01399825021872266,3381,48
Rheidol_Wind_Farm,Z13,wind_onshore,2.4,0.01399825021872266,3381,48
Deucheran_Hill,Z4,wind_onshore,15.8,0.01399825021872266,3381,48
Bryn_Du,Z13,wind_onshore,16.4,0.01399825021872266,3381,48
Dun_Law,Z5,wind_onshore,17.2,0.01399825021872266,3381,48
Black_Hill_Borders,Z5,wind_onshore,28.6,0.01399825021872266,3381,48
Four_Burrows_Wind_Farm,Z17,wind_onshore,4.5,0.01399825021872266,3381,48
Dun_Law_Extension,Z5,wind_onshore,29.8,0.01399825021872266,3381,48
Lochelbank_Wind_Farm_II,Z3,wind_onshore,9.6,0.01399825021872266,3381,48
Cruach_Mhor,Z4,wind_onshore,33.3,0.01399825021872266,3381,48
Wern_Ddu_Wind_Farm,Z9,wind_onshore,9.2,0.01399825021872266,3381,48
Muirake,Z2,wind_onshore,4.6,0.01399825021872266,3381,48
Millennium_Extension,Z1_4,wind_onshore,10.0,0.01399825021872266,3381,48
Rusholme_Wind_Farm,Z8,wind_onshore,24.0,0.01399825021872266,3381,48
Longpark,Z6,wind_onshore,38.0,0.01399825021872266,3381,48
Walkway,Z7,wind_onshore,14.0,0.01399825021872266,3381,48
Coldham,Z12,wind_onshore,16.0,0.01399825021872266,3381,48
Red_Tile,Z12,wind_onshore,24.0,0.01399825021872266,3381,48
Deeping_St_Nicholas_Wind_Farm,Z10,wind_onshore,16.4,0.01399825021872266,3381,48
Lowca_Wind_Farm,Z6,wind_onshore,4.7,0.01399825021872266,3381,48
Fairfield_Farm,Z6,wind_onshore,6.5,0.01399825021872266,3381,48
Haverigg_Repowering_Haverigg_II,Z9,wind_onshore,1.2,0.01399825021872266,3381,48
Beinneun_Windfarm_Extension,Z1_4,wind_onshore,23.8,0.01399825021872266,3381,48
Ewe_Hill_extension,Z6,wind_onshore,36.8,0.01399825021872266,3381,48
Melton_Common_Wind_Cluster,Z8,wind_onshore,5.0,0.01399825021872266,3381,48
Moy_Wind_Farm_2nd_Application,Z2,wind_onshore,66.0,0.01399825021872266,3381,48
Rosehill_Wind_Turbines,Z5,wind_onshore,2.4,0.01399825021872266,3381,48
Twin_Rivers,Z8,wind_onshore,28.7,0.01399825021872266,3381,48
Blyth_Harbour_Wind_Farm,Z7,wind_onshore,2.7,0.01399825021872266,3381,48
Penrhys_Wind_Farm/Ferndale_Power_Factory,Z13,wind_onshore,6.4,0.01399825021872266,3381,48
Gordonbush,Z1_3,wind_onshore,70.0,0.01399825021872266,3381,48
Avonmouth_Wind_Power,Z13,wind_onshore,8.2,0.01399825021872266,3381,48
Gordonstown_Hill_Wind_Farm,Z2,wind_onshore,12.5,0.01399825021872266,3381,48
The_Rosti_Factory,Z5,wind_onshore,2.2,0.01399825021872266,3381,48
Ben_Aketil_Extension,Z1_2,wind_onshore,4.6,0.01399825021872266,3381,48
Lochcarnan_Community_Windfarm,Z1_2,wind_onshore,6.9,0.01399825021872266,3381,48
The_Grange_Wind_Farm,Z10,wind_onshore,14.0,0.01399825021872266,3381,48
Humphrey_Group,Z12,wind_onshore,5.0,0.01399825021872266,3381,48
Rodbaston,Z11,wind_onshore,4.0,0.01399825021872266,3381,48
Boundary_Lane,Z7,wind_onshore,6.0,0.01399825021872266,3381,48
Nutberry_Wind_Farm,Z5,wind_onshore,15.0,0.01399825021872266,3381,48
Penny_Hill_Lane,Z8,wind_onshore,19.8,0.01399825021872266,3381,48
West_Knock_Wind_Cluster,Z2,wind_onshore,2.4,0.01399825021872266,3381,48
Low_Spinney_Wind_Farm,Z11,wind_onshore,8.0,0.01399825021872266,3381,48
Westfield,Z5,wind_onshore,12.5,0.01399825021872266,3381,48
Swinford_Wind_Farm,Z11,wind_onshore,22.0,0.01399825021872266,3381,48
Burnt_House_Farm,Z12,wind_onshore,6.0,0.01399825021872266,3381,48
Calder_Water_Community_Wind_Farm,Z5,wind_onshore,28.0,0.01399825021872266,3381,48
Millour_Hill_Community_Windfarm_,Z4,wind_onshore,18.0,0.01399825021872266,3381,48
Netherton_of_Windyhills,Z2,wind_onshore,4.6,0.01399825021872266,3381,48
Gallowhill,Z1_3,wind_onshore,1.8,0.01399825021872266,3381,48
Frodsham_Marsh,Z9,wind_onshore,50.4,0.01399825021872266,3381,48
Brechfa_Forest_West,Z13,wind_onshore,57.4,0.01399825021872266,3381,48
Greenhill_Croft,Z2,wind_onshore,4.6,0.01399825021872266,3381,48
Severn_Trent_STW,Z11,wind_onshore,2.5,0.01399825021872266,3381,48
Spaldington_Airfield,Z8,wind_onshore,12.5,0.01399825021872266,3381,48
Hillhead_of_Auquhirie,Z2,wind_onshore,6.9,0.01399825021872266,3381,48
Middleton_Wind_Farm,Z5,wind_onshore,12.0,0.01399825021872266,3381,48
Orchard_End_,Z9,wind_onshore,4.0,0.01399825021872266,3381,48
Mynydd_Bwllfa_Wind_Farm___Resubmission,Z13,wind_onshore,22.5,0.01399825021872266,3381,48
Tirgwynt,Z9,wind_onshore,24.6,0.01399825021872266,3381,48
Garreg_Lwyd,Z13,wind_onshore,34.0,0.01399825021872266,3381,48
Castle_of_Auchry_Farm,Z2,wind_onshore,2.4,0.01399825021872266,3381,48
Little_Byth,Z2,wind_onshore,4.5,0.01399825021872266,3381,48
Yonderton_Farm,Z2,wind_onshore,1.0,0.01399825021872266,3381,48
Oakdale_Business_Park,Z13,wind_onshore,4.0,0.01399825021872266,3381,48
Boddington_Reservoir,Z11,wind_onshore,1.5,0.01399825021872266,3381,48
HMP_Standford_Hill,Z15,wind_onshore,4.6,0.01399825021872266,3381,48
Sharpness_Docks,Z13,wind_onshore,2.0,0.01399825021872266,3381,48
Sancton_Hill,Z8,wind_onshore,10.0,0.01399825021872266,3381,48
Port_of_Sheerness_Wind_Farm_was_Lappel_Bank,Z15,wind_onshore,8.2,0.01399825021872266,3381,48
Stonish_Hill_Bilsthorpe,Z10,wind_onshore,10.3,0.01399825021872266,3381,48
Stags_Holt_Extension,Z12,wind_onshore,2.0,0.01399825021872266,3381,48
North_Yell_Wind_Farm_Garth_Community_Wind_Farm,Z1_1,wind_onshore,4.5,0.01399825021872266,3381,48
Glenurquhart_and_Strathglass_Wind_Farm_project,Z1_4,wind_onshore,10.0,0.01399825021872266,3381,48
Damhead_Farm,Z5,wind_onshore,2.5,0.01399825021872266,3381,48
Hyndburn_Wind_Farm,Z9,wind_onshore,24.0,0.01399825021872266,3381,48
Tedder_Hill_Wind_cluster,Z10,wind_onshore,7.5,0.01399825021872266,3381,48
Lynemouth_Windfarm_Resubmission,Z7,wind_onshore,26.0,0.01399825021872266,3381,48
Wingates_Wind_Farm,Z7,wind_onshore,15.0,0.01399825021872266,3381,48
Wathegar_wind_farm,Z1_3,wind_onshore,10.0,0.01399825021872266,3381,48
Allt_Dearg_Wind_Farmers_LLP,Z4,wind_onshore,10.8,0.01399825021872266,3381,48
Hameldon_Hill_extension,Z9,wind_onshore,7.5,0.01399825021872266,3381,48
Dalby,Z11,wind_onshore,7.2,0.01399825021872266,3381,48
Glass_moor_Extension,Z12,wind_onshore,12.0,0.01399825021872266,3381,48
Cour_Wind_Farm,Z4,wind_onshore,20.5,0.01399825021872266,3381,48
Upper_Wheedlemont_Farm,Z2,wind_onshore,1.7,0.01399825021872266,3381,48
Shielburn_Farm,Z2,wind_onshore,6.9,0.01399825021872266,3381,48
Beinneun,Z1_4,wind_onshore,85.0,0.01399825021872266,3381,48
Seamer_Wind_Farm___Hambleton,Z8,wind_onshore,4.0,0.01399825021872266,3381,48
Fanny_House_Farm/Heysham_Moss,Z9,wind_onshore,1.5,0.01399825021872266,3381,48
Newthorpe_Wind_Turbine,Z11,wind_onshore,2.5,0.01399825021872266,3381,48
Chelveston_Renewable_Energy_Park_Wind_Farm_Bedford,Z12,wind_onshore,10.0,0.01399825021872266,3381,48
Torrance_Farm,Z5,wind_onshore,9.0,0.01399825021872266,3381,48
Land_at_Overside_and_Greenwellheads_Farms,Z2,wind_onshore,9.2,0.01399825021872266,3381,48
Lancaster_University_wind,Z9,wind_onshore,2.0,0.01399825021872266,3381,48
Myreton_Crossroads,Z2,wind_onshore,1.6,0.01399825021872266,3381,48
Auchinderran_Wind_Farm,Z2,wind_onshore,2.4,0.01399825021872266,3381,48
The_Limes_Wind_Turbines,Z8,wind_onshore,1.7,0.01399825021872266,3381,48
Milton_of_Fisherie_Wind_Cluster,Z2,wind_onshore,4.6,0.01399825021872266,3381,48
Blantyre_Muir_Wind_Farm,Z5,wind_onshore,9.0,0.01399825021872266,3381,48
Lilbourne_Wind_Farm,Z11,wind_onshore,10.0,0.01399825021872266,3381,48
Tullo_Wind_Farm_North_Extension_Shiels_Wind_Farm,Z2,wind_onshore,7.5,0.01399825021872266,3381,48
Easter_Melrose_Wind_Energy_Project,Z2,wind_onshore,1.5,0.01399825021872266,3381,48
Newton_Marsh_Wind_Project,Z10,wind_onshore,4.6,0.01399825021872266,3381,48
North_Pickenham_Airfield,Z12,wind_onshore,4.0,0.01399825021872266,3381,48
Wythegill_Wind_Turbine,Z6,wind_onshore,2.3,0.01399825021872266,3381,48
Roos_Wind_Farm_Resubmission,Z10,wind_onshore,17.1,0.01399825021872266,3381,48
Backhill_of_Yonderton_Wind_Cluster,Z2,wind_onshore,4.6,0.01399825021872266,3381,48
Spurness_Wind_Farm_Repowering,Z1_1,wind_onshore,10.0,0.01399825021872266,3381,48
St_Johns_Wells_Wind_Cluster_Extension,Z2,wind_onshore,3.2,0.01399825021872266,3381,48
GlaxoSmithKline_Wind_Project,Z5,wind_onshore,7.5,0.01399825021872266,3381,48
K_L_Technologies_Wind_Turbine,Z12,wind_onshore,1.5,0.01399825021872266,3381,48
Coire_Na_Cloiche_Wind_Farm,Z1_3,wind_onshore,29.9,0.01399825021872266,3381,48
Ardoch_and_Over_Enoch_Wind_Farm_Over_Enoch,Z5,wind_onshore,4.3,0.01399825021872266,3381,48
Ystgellog_Farm_Wind_Farm_,Z9,wind_onshore,4.6,0.01399825021872266,3381,48
NEILSTON_WIND_FARM,Z5,wind_onshore,9.2,0.01399825021872266,3381,48
Greencroft_Estate_Turbines,Z7,wind_onshore,4.0,0.01399825021872266,3381,48
Crossness_Sewage_Works_Turbine,Z14,wind_onshore,2.5,0.01399825021872266,3381,48
Muirhall_Extension,Z5,wind_onshore,6.8,0.01399825021872266,3381,48
Freasdail_Wind_Farm,Z4,wind_onshore,22.5,0.01399825021872266,3381,48
Nash_Waste_Water_Treatment_Works_Turbine,Z13,wind_onshore,2.5,0.01399825021872266,3381,48
Marston_Vale_Country_Park_Wind_Turbine,Z14,wind_onshore,1.5,0.01399825021872266,3381,48
Energy_Works_Hull___Wind_Turbine,Z8,wind_onshore,3.0,0.01399825021872266,3381,48
Mynydd_Y_Gwrhyd_Windfarm,Z13,wind_onshore,4.7,0.01399825021872266,3381,48
Severn_Trent_Water___Stoke_Bardolph_Wind_Turbine,Z10,wind_onshore,1.5,0.01399825021872266,3381,48
Barns_of_Ayre_Wind_Turbines_2,Z1_3,wind_onshore,1.8,0.01399825021872266,3381,48
Newton_Down,Z13,wind_onshore,5.0,0.01399825021872266,3381,48
North_Steads_Wind_Farm_,Z7,wind_onshore,18.45,0.01399825021872266,3381,48
Hill_of_Tillymorgan_Kirkton_Farm_Wind_turbines_,Z2,wind_onshore,9.6,0.01399825021872266,3381,48
LADEHEAD_FARM___WIND_TURBINES,Z5,wind_onshore,2.4,0.01399825021872266,3381,48
Garlenick_Estate_2___Wind_Turbines,Z17,wind_onshore,4.0,0.01399825021872266,3381,48
Goonabarn_Farm_Wind_Turbines,Z17,wind_onshore,1.0,0.01399825021872266,3381,48
Bloodhills___repowering,Z12,wind_onshore,1.0,0.01399825021872266,3381,48
Ardoch_and_Over_Enoch_Wind_Farm_Ardoch,Z5,wind_onshore,7.2,0.01399825021872266,3381,48
Avonmouth_Port_II,Z13,wind_onshore,5.0,0.01399825021872266,3381,48
Tween_Bridge_Windfarm,Z8,wind_onshore,44.0,0.01399825021872266,3381,48
Mynydd_Portref,Z13,wind_onshore,9.4,0.01399825021872266,3381,48
Fforch_Nest_Wind_Farm_pt2,Z13,wind_onshore,17.5,0.01399825021872266,3381,48
Wadlow_Wind_Farm,Z12,wind_onshore,26.0,0.01399825021872266,3381,48
Bradwell_Wind_Farm_Repower,Z15,wind_onshore,20.0,0.01399825021872266,3381,48
Hazlehead,Z8,wind_onshore,6.0,0.01399825021872266,3381,48
Kiln_Pit_Hill_Windfarm,Z7,wind_onshore,12.0,0.01399825021872266,3381,48
Otterham_Down_Wind_Farm,Z17,wind_onshore,3.2,0.01399825021872266,3381,48
Sixpenny_Wood_Windfarm,Z8,wind_onshore,33.0,0.01399825021872266,3381,48
Earl's_Hall,Z15,wind_onshore,10.3,0.01399825021872266,3381,48
Mawdesley_Moss,Z9,wind_onshore,2.3,0.01399825021872266,3381,48
Chelveston_Renewable_Energy_Park_Wind_Farm_East_Northamptonshire,Z12,wind_onshore,12.5,0.01399825021872266,3381,48
Bewick_Drift,Z7,wind_onshore,2.3,0.01399825021872266,3381,48
Hall_Farm_Routh,Z8,wind_onshore,24.6,0.01399825021872266,3381,48
Rothes_Wind_Farm_Extension_II,Z2,wind_onshore,41.4,0.01399825021872266,3381,48
Fforch_Nest_Wind_Farm_pt1,Z13,wind_onshore,10.0,0.01399825021872266,3381,48
Hampole_Wind_Farm,Z8,wind_onshore,8.0,0.01399825021872266,3381,48
Blackstone_Edge,Z8,wind_onshore,7.5,0.01399825021872266,3381,48
Marr_Windfarm,Z8,wind_onshore,8.0,0.01399825021872266,3381,48
Nissan_Motors_Plant_Extn,Z7,wind_onshore,2.0,0.01399825021872266,3381,48
Hill_of_Fiddes,Z2,wind_onshore,6.9,0.01399825021872266,3381,48
Cotton_Farm,Z12,wind_onshore,20.0,0.01399825021872266,3381,48
Land_at_Flimby_Hall_Farm_,Z6,wind_onshore,6.2,0.01399825021872266,3381,48
Carland_Cross_Wind_Farm_Repowering,Z17,wind_onshore,20.0,0.01399825021872266,3381,48
Yelvertoft_Wind_Farm,Z11,wind_onshore,16.0,0.01399825021872266,3381,48
Mains_of_Hatton,Z2,wind_onshore,2.4,0.01399825021872266,3381,48
Whitelee_Windfarm_Extension_Phase_1,Z5,wind_onshore,108.0,0.01399825021872266,3381,48
Tilbury_Docks,Z14,wind_onshore,12.0,0.01399825021872266,3381,48
Seamer_Windfarm___Stockton_on_Tees,Z8,wind_onshore,6.0,0.01399825021872266,3381,48
South_Sharpley_Wind_Farm_Revised,Z7,wind_onshore,7.5,0.01399825021872266,3381,48
Armistead_Wind_Farm,Z7,wind_onshore,12.0,0.01399825021872266,3381,48
Withernwick,Z8,wind_onshore,18.0,0.01399825021872266,3381,48
Loch_Sminig_Wind_Project,Z1_2,wind_onshore,2.7,0.01399825021872266,3381,48
Burton_Pidsea_Wadworth_Hill_Wind_Farm,Z10,wind_onshore,10.2,0.01399825021872266,3381,48
Camster,Z1_3,wind_onshore,50.0,0.01399825021872266,3381,48
Bu_Farm,Z1_3,wind_onshore,2.7,0.01399825021872266,3381,48
Drumderg,Z3,wind_onshore,36.8,0.01399825021872266,3381,48
Clyde_Wind_Farm,Z6,wind_onshore,350.0,0.01399825021872266,3381,48
Novar_Wind_Farm_Extension,Z1_3,wind_onshore,36.8,0.01399825021872266,3381,48
Hill_of_Towie_Drummuir,Z2,wind_onshore,48.0,0.01399825021872266,3381,48
Ewe_Hill,Z6,wind_onshore,13.8,0.01399825021872266,3381,48
Middlemoor,Z7,wind_onshore,54.0,0.01399825021872266,3381,48
Baillie_Wind_Farm,Z1_3,wind_onshore,52.5,0.01399825021872266,3381,48
Braich_Ddu,Z9,wind_onshore,3.9,0.01399825021872266,3381,48
Drone_Hill,Z5,wind_onshore,28.6,0.01399825021872266,3381,48
Tangy_Wind_Farm_Extension/Tangy_2,Z4,wind_onshore,6.0,0.01399825021872266,3381,48
Ray_Wind_Farm,Z7,wind_onshore,54.4,0.01399825021872266,3381,48
Calliachar,Z3,wind_onshore,32.2,0.01399825021872266,3381,48
Griffin_Wind_farm,Z3,wind_onshore,156.0,0.01399825021872266,3381,48
High_Pow_Farm_,Z6,wind_onshore,3.9,0.01399825021872266,3381,48
St._Johns_Hill,Z2,wind_onshore,7.65,0.01399825021872266,3381,48
Blackcraig,Z6,wind_onshore,52.9,0.01399825021872266,3381,48
Fullabrook_Down_Wind_Farm,Z17,wind_onshore,66.0,0.01399825021872266,3381,48
Little_Raith_Farm,Z5,wind_onshore,25.0,0.01399825021872266,3381,48
Pant_y_wal,Z13,wind_onshore,25.0,0.01399825021872266,3381,48
Green_Rigg,Z7,wind_onshore,36.0,0.01399825021872266,3381,48
Rosehall_Hill_Forest_Windfarm,Z1_3,wind_onshore,24.7,0.01399825021872266,3381,48
Bankend_Rig,Z5,wind_onshore,14.3,0.01399825021872266,3381,48
Hill_of_Easterton_Extension,Z2,wind_onshore,2.0,0.01399825021872266,3381,48
Batsworthy_Cross,Z17,wind_onshore,18.0,0.01399825021872266,3381,48
Fallago_Rig,Z5,wind_onshore,144.0,0.01399825021872266,3381,48
Cathkin_Braes_Wind_Farm_Castlemilk,Z5,wind_onshore,3.0,0.01399825021872266,3381,48
Mynydd_y_Betws,Z13,wind_onshore,34.5,0.01399825021872266,3381,48
Ark_Hill,Z3,wind_onshore,6.4,0.01399825021872266,3381,48
Pentland_Road_Wind_Farm,Z1_2,wind_onshore,13.8,0.01399825021872266,3381,48
Turncole_Wind_Farm,Z15,wind_onshore,17.5,0.01399825021872266,3381,48
Derby_Sewage_Treatment_Works,Z11,wind_onshore,5.0,0.01399825021872266,3381,48
Grange_,Z8,wind_onshore,12.3,0.01399825021872266,3381,48
Goole_Fields_ll_Wind_Farm,Z8,wind_onshore,34.9,0.01399825021872266,3381,48
Edintore_Wind_Farm,Z2,wind_onshore,18.0,0.01399825021872266,3381,48
Tralorg_Wind_Farm,Z4,wind_onshore,20.0,0.01399825021872266,3381,48
Gremista_Wind_Farm,Z1_1,wind_onshore,3.0,0.01399825021872266,3381,48
Common_Barn_Wind_Farm,Z12,wind_onshore,6.2,0.01399825021872266,3381,48
Clentrie_Wind_Farm_Gevens,Z5,wind_onshore,6.9,0.01399825021872266,3381,48
Kelmarsh_Wind_Farm_Resubmission,Z11,wind_onshore,12.5,0.01399825021872266,3381,48
Torrance_Farm_Wind_Park_Extension,Z5,wind_onshore,5.7,0.01399825021872266,3381,48
Goathill_Quarry_Turbine,Z5,wind_onshore,2.0,0.01399825021872266,3381,48
Skeddoway_Farm_Wind_Turbine_,Z5,wind_onshore,1.5,0.01399825021872266,3381,48
Middle_Balbeggie_Wind_Turbines,Z5,wind_onshore,6.4,0.01399825021872266,3381,48
Upper_Holton_Wind_Farm,Z12,wind_onshore,11.5,0.01399825021872266,3381,48
Tallentire_Hill,Z6,wind_onshore,12.0,0.01399825021872266,3381,48
Meikle_Carewe_,Z2,wind_onshore,10.0,0.01399825021872266,3381,48
Andershaw,Z5,wind_onshore,36.0,0.01399825021872266,3381,48
East_Midlands_Airport,Z11,wind_onshore,1.0,0.01399825021872266,3381,48
Kildrummy_Windfarm,Z2,wind_onshore,18.4,0.01399825021872266,3381,48
Airfield_Farm_Podington_,Z12,wind_onshore,8.6,0.01399825021872266,3381,48
Dunmaglass_Wind_Farm,Z1_4,wind_onshore,94.0,0.01399825021872266,3381,48
Harestanes,Z6,wind_onshore,136.0,0.01399825021872266,3381,48
Corriemoillie,Z1_3,wind_onshore,54.4,0.01399825021872266,3381,48
Hill_of_Stroupster_Windfarm,Z1_3,wind_onshore,29.9,0.01399825021872266,3381,48
Burn_of_Whilk,Z1_3,wind_onshore,22.5,0.01399825021872266,3381,48
Lochluichart,Z1_3,wind_onshore,51.0,0.01399825021872266,3381,48
Burnhead,Z5,wind_onshore,26.0,0.01399825021872266,3381,48
Easter_Tolmauds,Z2,wind_onshore,1.6,0.01399825021872266,3381,48
Maerdy,Z13,wind_onshore,24.0,0.01399825021872266,3381,48
Woodlands_Barton_Wind_Project,Z17,wind_onshore,4.6,0.01399825021872266,3381,48
Westnewton,Z6,wind_onshore,6.2,0.01399825021872266,3381,48
Hare_Hill_Extension,Z6,wind_onshore,29.8,0.01399825021872266,3381,48
Avonmouth_Port___extension,Z13,wind_onshore,9.0,0.01399825021872266,3381,48
Barmoor_South_Wind_Farm_,Z7,wind_onshore,13.8,0.01399825021872266,3381,48
Winwick,Z11,wind_onshore,12.3,0.01399825021872266,3381,48
Sisters,Z7,wind_onshore,8.2,0.01399825021872266,3381,48
East_Youlstone_Wind_Farm,Z17,wind_onshore,4.0,0.01399825021872266,3381,48
Hill_of_Skilmafilly_Cloffrickford_Denmore_Wind_Farm,Z2,wind_onshore,6.9,0.01399825021872266,3381,48
Heysham_South_Wind_Farm,Z9,wind_onshore,7.5,0.01399825021872266,3381,48
Woolley_Hill_Wind_Farm,Z12,wind_onshore,10.0,0.01399825021872266,3381,48
Furness_Wind_Farm/High_Winds_Harlock_Repowering_,Z9,wind_onshore,11.5,0.01399825021872266,3381,48
Clyde_Wind_Farm_Extension_Clyde_2,Z6,wind_onshore,172.8,0.01399825021872266,3381,48
Quixwood_Moor,Z5,wind_onshore,29.9,0.01399825021872266,3381,48
Auchadaduie_Wind_Farm,Z4,wind_onshore,6.9,0.01399825021872266,3381,48
Mynydd_Brombil_Wind_Farm,Z13,wind_onshore,8.0,0.01399825021872266,3381,48
Mynydd_Portref_Wind_Farm_extension,Z13,wind_onshore,12.0,0.01399825021872266,3381,48
Longlands_Lane,Z13,wind_onshore,1.5,0.01399825021872266,3381,48
Inverclyde_Wind_Farm_Corlic_Hill,Z5,wind_onshore,24.0,0.01399825021872266,3381,48
Ryder_Point_Quarry_Wind_Turbines,Z11,wind_onshore,5.0,0.01399825021872266,3381,48
Burton_Wold_Wind_Farm___Northern_Extension_,Z11,wind_onshore,14.4,0.01399825021872266,3381,48
Pearie_Law_Wind_Farm,Z5,wind_onshore,19.2,0.01399825021872266,3381,48
Greengairs_East_Wind_Farm,Z5,wind_onshore,24.0,0.01399825021872266,3381,48
Crystal_Rig_Wind_Farm_Phase_III,Z5,wind_onshore,13.8,0.01399825021872266,3381,48
Drumduff,Z5,wind_onshore,8.5,0.01399825021872266,3381,48
Rhodders_Wind_Farm,Z3,wind_onshore,12.0,0.01399825021872266,3381,48
Harburnhead_Wind_Farm,Z5,wind_onshore,51.7,0.01399825021872266,3381,48
Dunsland_Cross_Wind_Farm,Z17,wind_onshore,7.5,0.01399825021872266,3381,48
Potato_Pot_Wind_Farm,Z6,wind_onshore,6.0,0.01399825021872266,3381,48
Millour_Hill_Community_Windfarm_Extension_,Z4,wind_onshore,6.4,0.01399825021872266,3381,48
Blantyre_Muir_Wind_Farm_extension,Z5,wind_onshore,7.5,0.01399825021872266,3381,48
Dorenell_Wind_Farm_Previously_Site_A_and_B_Scaut_Hill,Z2,wind_onshore,177.0,0.01399825021872266,3381,48
Earlsburn_North_Kingsburn_Wind_Farm,Z5,wind_onshore,22.5,0.01399825021872266,3381,48
Wryde_Croft,Z12,wind_onshore,26.0,0.01399825021872266,3381,48
Wandylaw,Z7,wind_onshore,20.5,0.01399825021872266,3381,48
Black_Law_Extension___1a,Z5,wind_onshore,48.4,0.01399825021872266,3381,48
Bishopthorpe,Z10,wind_onshore,16.4,0.01399825021872266,3381,48
Keadby_Wind_Farm,Z8,wind_onshore,68.0,0.01399825021872266,3381,48
Berry_Burn,Z2,wind_onshore,66.7,0.01399825021872266,3381,48
Afton_Wind_Farm,Z6,wind_onshore,50.0,0.01399825021872266,3381,48
Tormywheel,Z5,wind_onshore,30.75,0.01399825021872266,3381,48
Den_Brook,Z17,wind_onshore,18.0,0.01399825021872266,3381,48
Dersalloch,Z6,wind_onshore,69.0,0.01399825021872266,3381,48
Point_Wind_/_Beinn_Ghrideag_Farm,Z1_2,wind_onshore,9.0,0.01399825021872266,3381,48
Muirhall_South,Z5,wind_onshore,8.3,0.01399825021872266,3381,48
Double_Arches_Quarry_Wind_Turbine,Z14,wind_onshore,1.5,0.01399825021872266,3381,48
Lochend_Wind_Farm,Z1_3,wind_onshore,9.2,0.01399825021872266,3381,48
Creag_Riabhach_Wind_Farm,Z1_3,wind_onshore,92.4,0.01399825021872266,3381,48
West_Benhar_wind_farm,Z5,wind_onshore,27.2,0.01399825021872266,3381,48
Hallburn_Farm_,Z6,wind_onshore,13.2,0.01399825021872266,3381,48
Coal_Clough_Wind_Farm_Repowering,Z8,wind_onshore,16.0,0.01399825021872266,3381,48
Shepham_Lane_,Z15,wind_onshore,7.5,0.01399825021872266,3381,48
Sober_Hill_Wind_Farm_,Z8,wind_onshore,15.0,0.01399825021872266,3381,48
Srondoire_Community_Wind_Farm,Z4,wind_onshore,6.0,0.01399825021872266,3381,48
Achlachan_Wind_Farm,Z1_3,wind_onshore,10.0,0.01399825021872266,3381,48
A'Chruach_Phase_1,Z4,wind_onshore,48.3,0.01399825021872266,3381,48
"Aikengall_II,_Wester_Dod_Community_Wind_Farm",Z5,wind_onshore,60.8,0.01399825021872266,3381,48
Alveston_Wind_Park,Z13,wind_onshore,6.9,0.01399825021872266,3381,48
Auchrobert_Wind_Farm,Z5,wind_onshore,36.0,0.01399825021872266,3381,48
Boardinghouse_Wind_Farm,Z12,wind_onshore,10.3,0.01399825021872266,3381,48
Bogenlea_Farm,Z2,wind_onshore,2.3,0.01399825021872266,3381,48
BROWNIELEYS___3_WIND_TURBINES,Z2,wind_onshore,7.5,0.01399825021872266,3381,48
Cairnborrow_,Z2,wind_onshore,10.0,0.01399825021872266,3381,48
Crook_Hill_Calderdale_MBC_1_of_2,Z9,wind_onshore,13.6,0.01399825021872266,3381,48
Deuchries,Z2,wind_onshore,6.9,0.01399825021872266,3381,48
Dungavel_Hill,Z5,wind_onshore,29.9,0.01399825021872266,3381,48
Earlseat,Z5,wind_onshore,18.4,0.01399825021872266,3381,48
Easter_Tulloch_Wind_Farm_Tullo_Extension,Z2,wind_onshore,25.0,0.01399825021872266,3381,48
Galawhistle,Z5,wind_onshore,66.0,0.01399825021872266,3381,48
Gayton_Le_Marsh_Wind_Farm,Z10,wind_onshore,16.4,0.01399825021872266,3381,48
GlaxoSmithKline_Wind_Project_Turbine_4,Z5,wind_onshore,2.5,0.01399825021872266,3381,48
Glen_Kyllachy_Wind_Farm,Z2,wind_onshore,48.5,0.01399825021872266,3381,48
Goole_Fields,Z8,wind_onshore,32.8,0.01399825021872266,3381,48
Greenvale_AP_Wind_Turbine_,Z12,wind_onshore,1.5,0.01399825021872266,3381,48
Hill_of_Glaschyle_Wind_Farm,Z2,wind_onshore,27.6,0.01399825021872266,3381,48
Kilgallioch_wind_farm,Z6,wind_onshore,239.0,0.01399825021872266,3381,48
Lambs_Hill,Z7,wind_onshore,8.0,0.01399825021872266,3381,48
Lochluichart_Extension,Z1_3,wind_onshore,18.0,0.01399825021872266,3381,48
M1_Wind_Farm,Z11,wind_onshore,7.2,0.01399825021872266,3381,48
New_Rides_Wind_Farm,Z15,wind_onshore,8.8,0.01399825021872266,3381,48
Noble_Foods,Z5,wind_onshore,1.5,0.01399825021872266,3381,48
Ovenden_Moor_Repower_,Z8,wind_onshore,18.0,0.01399825021872266,3381,48
Pant_y_wal_extension,Z13,wind_onshore,20.0,0.01399825021872266,3381,48
Park_Spring_Wind_Farm,Z8,wind_onshore,8.6,0.01399825021872266,3381,48
Brotherton_formerly_Paul_Matthew_Hill_wind_turbines,Z2,wind_onshore,4.6,0.01399825021872266,3381,48
Pen_Bryn_Oer_Wind_Farm,Z13,wind_onshore,4.0,0.01399825021872266,3381,48
Ramsey_Wind_Farm_Extension,Z12,wind_onshore,8.0,0.01399825021872266,3381,48
Red_Gap_Moor_Wind_Farm,Z7,wind_onshore,12.5,0.01399825021872266,3381,48
Todmorden_Moor__,Z9,wind_onshore,12.3,0.01399825021872266,3381,48
Tom_Nan_Clach,Z2,wind_onshore,39.0,0.01399825021872266,3381,48
Tullo_Wind_Farm_South_Ext.,Z2,wind_onshore,10.0,0.01399825021872266,3381,48
Watford_Lodge,Z11,wind_onshore,12.5,0.01399825021872266,3381,48
Wathegar_2_Wind_Farm,Z1_3,wind_onshore,18.5,0.01399825021872266,3381,48
West_Browncastle,Z5,wind_onshore,30.0,0.01399825021872266,3381,48
Brochloch_Rig_formerly_Windy_Standard_II,Z6,wind_onshore,90.0,0.01399825021872266,3381,48
Withernwick_extension,Z8,wind_onshore,8.2,0.01399825021872266,3381,48
Pogbie_Wind_Farm_1,Z5,wind_onshore,5.1,0.01399825021872266,3381,48
Barlockhart_Moor,Z6,wind_onshore,8.1,0.01399825021872266,3381,48
Minnygap,Z6,wind_onshore,25.0,0.01399825021872266,3381,48
Middle_Muir_Wind_Farm,Z5,wind_onshore,51.0,0.01399825021872266,3381,48
Sanquhar_Community_Windfarm,Z6,wind_onshore,32.4,0.01399825021872266,3381,48
Balmurrie_Fell_Wind_Farm,Z6,wind_onshore,9.1,0.01399825021872266,3381,48
Solwaybank_Wind_Farm,Z6,wind_onshore,30.0,0.01399825021872266,3381,48
Burnfoot_Hill_Extension,Z3,wind_onshore,4.0,0.01399825021872266,3381,48
Airies_Farm,Z6,wind_onshore,35.0,0.01399825021872266,3381,48
Craig_Wind_Farm_Extension,Z4,wind_onshore,2.5,0.01399825021872266,3381,48
Lawrence_Landfill,Z13,wind_onshore,1.6,0.01399825021872266,3381,48
Plascow_wind_cluster_,Z6,wind_onshore,2.4,0.01399825021872266,3381,48
Maesgwyn_Wind_Farm___extension,Z13,wind_onshore,2.5,0.01399825021872266,3381,48
Halifax_Farm,Z11,wind_onshore,1.6,0.01399825021872266,3381,48
Norton_Fields_Farm,Z11,wind_onshore,1.3,0.01399825021872266,3381,48
Carscreugh_Renewable_Energy_Park,Z6,wind_onshore,15.3,0.01399825021872266,3381,48
Whiteside_Hill,Z6,wind_onshore,25.3,0.01399825021872266,3381,48
North_Rhins,Z4,wind_onshore,22.0,0.01399825021872266,3381,48
Jacksbank_Wind_Farm_Glenbervie,Z2,wind_onshore,6.8,0.01399825021872266,3381,48
New_Albion_Wind_Farm,Z11,wind_onshore,14.4,0.01399825021872266,3381,48
Sunnyside_wind_cluster,Z6,wind_onshore,1.0,0.01399825021872266,3381,48
Keith_Hill_,Z5,wind_onshore,4.5,0.01399825021872266,3381,48
Minsca,Z6,wind_onshore,36.8,0.01399825021872266,3381,48
Artfield_Fell,Z6,wind_onshore,19.5,0.01399825021872266,3381,48
Wether_Hill,Z6,wind_onshore,18.2,0.01399825021872266,3381,48
Dalswinton,Z6,wind_onshore,30.0,0.01399825021872266,3381,48
Craig_Wind_Farm,Z6,wind_onshore,10.0,0.01399825021872266,3381,48
Beinn_an_Tuirc_Phase_2,Z4,wind_onshore,43.7,0.01399825021872266,3381,48
Aikengall,Z5,wind_onshore,48.0,0.01399825021872266,3381,48
Brochloch_Rig_1_formerly_Windy_Standard,Z6,wind_onshore,21.6,0.01399825021872266,3381,48
Hawton_Wind_Farm,Z10,wind_onshore,9.0,0.01399825021872266,3381,48
Beck_Burn_,Z6,wind_onshore,31.0,0.01399825021872266,3381,48
Clocaenog_Forest_Wind_Farm,Z9,wind_onshore,96.0,0.01399825021872266,3381,48
Hoprigshiels_Community_Wind_Farm,Z5,wind_onshore,6.9,0.01399825021872266,3381,48
Black_Law_Extension___1b,Z5,wind_onshore,15.0,0.01399825021872266,3381,48
Aikengall_IIa_Community_Wind_Farm,Z5,wind_onshore,81.7,0.01399825021872266,3381,48
Glen_App,Z4,wind_onshore,22.0,0.01399825021872266,3381,48
Pen_Y_Cymoedd,Z13,wind_onshore,228.0,0.01399825021872266,3381,48
Stronelairg_Wind_Farm,Z1_4,wind_onshore,227.7,0.01399825021872266,3381,48
M1_J18_Wind_Turbines,Z11,wind_onshore,4.0,0.01399825021872266,3381,48
Tullymurdoch_Wind_Farm,Z3,wind_onshore,14.4,0.01399825021872266,3381,48
Penmanshiel_Wind_Farm,Z5,wind_onshore,28.7,0.01399825021872266,3381,48
Kinegar_Quarry_,Z5,wind_onshore,5.0,0.01399825021872266,3381,48
St._Breock_Re_Power_,Z17,wind_onshore,10.0,0.01399825021872266,3381,48
Carraig_Gheal,Z4,wind_onshore,46.0,0.01399825021872266,3381,48
Langhope_Rig,Z6,wind_onshore,16.0,0.01399825021872266,3381,48
Clashindarroch_,Z2,wind_onshore,37.0,0.01399825021872266,3381,48
Galsworthy_Wind_Park,Z17,wind_onshore,9.2,0.01399825021872266,3381,48
Strathy_North,Z1_3,wind_onshore,67.7,0.01399825021872266,3381,48
Mid_Hill___Phase_II,Z2,wind_onshore,18.4,0.01399825021872266,3381,48
Monan_Hill_Wind_Turbines,Z1_2,wind_onshore,1.5,0.01399825021872266,3381,48
Crossdykes,Z6,wind_onshore,48.0,0.01399825021872266,3381,48
Halsary_Wind_Farm,Z1_3,wind_onshore,34.0,0.01399825021872266,3381,48
French_Farm,Z10,wind_onshore,4.0,0.01399825021872266,3381,48
Glenchamber_Wind_Farm,Z6,wind_onshore,27.5,0.01399825021872266,3381,48
Bhlaraidh_previously_Balmacaan,Z1_4,wind_onshore,110.0,0.01399825021872266,3381,48
Moor_House_Wind_Farm_,Z7,wind_onshore,12.0,0.01399825021872266,3381,48
Kype_Muir_Wind_Farm,Z5,wind_onshore,88.4,0.01399825021872266,3381,48
Llynfi_Afan_Renewable_Energy_Park,Z13,wind_onshore,6.0,0.01399825021872266,3381,48
Assel_Valley_Wind_Farm,Z6,wind_onshore,25.0,0.01399825021872266,3381,48
Bad_a_Cheo_Wind_Farm,Z1_3,wind_onshore,26.7,0.01399825021872266,3381,48
Fraisthorpe_Wind_Farm,Z8,wind_onshore,29.7,0.01399825021872266,3381,48
Mynydd_Y_Gwair_Wind_Farm_,Z13,wind_onshore,32.8,0.01399825021872266,3381,48
Jack's_Lane_Wind_Farm,Z12,wind_onshore,13.8,0.01399825021872266,3381,48
Denzell_Downs_Wind_Farm,Z17,wind_onshore,10.0,0.01399825021872266,3381,48
Reaps_Moss_Wind_Farm_,Z9,wind_onshore,10.2,0.01399825021872266,3381,48
"Llynfi_Renewable_Energy_Park,_Land_at_Mynydd_Caerau",Z13,wind_onshore,24.0,0.01399825021872266,3381,48
Chiplow,Z12,wind_onshore,8.2,0.01399825021872266,3381,48
Hook_Moor,Z8,wind_onshore,10.3,0.01399825021872266,3381,48
Crook_Hill_Rochdale_MBC_2_of_2,Z9,wind_onshore,23.8,0.01399825021872266,3381,48
Far_Marsh_Farm_,Z10,wind_onshore,7.5,0.01399825021872266,3381,48
Wear_Point,Z13,wind_onshore,8.2,0.01399825021872266,3381,48
Middlewick_wind_farm,Z15,wind_onshore,20.7,0.01399825021872266,3381,48
Blyth_Harbour_Wind_Farm_re_power,Z7,wind_onshore,3.4,0.01399825021872266,3381,48
Corriegarth,Z1_4,wind_onshore,69.5,0.01399825021872266,3381,48
Carsington_Pasture,Z11,wind_onshore,8.0,0.01399825021872266,3381,48
Langford_Wind_Farm,Z12,wind_onshore,20.0,0.01399825021872266,3381,48
Mid_Hill_I,Z2,wind_onshore,57.5,0.01399825021872266,3381,48
Ardrossan_Extension,Z4,wind_onshore,6.0,0.01399825021872266,3381,48
Beinn_Tharsuinn_Windfarm_Project,Z1_3,wind_onshore,29.8,0.01399825021872266,3381,48
Blaengwen_,Z13,wind_onshore,23.0,0.01399825021872266,3381,48
Boyndie_Airfield,Z2,wind_onshore,16.7,0.01399825021872266,3381,48
Burton_Wold_Windfarm,Z11,wind_onshore,20.0,0.01399825021872266,3381,48
Edinbane_Wind_Farm,Z1_2,wind_onshore,41.4,0.01399825021872266,3381,48
Fairburn,Z1_4,wind_onshore,43.0,0.01399825021872266,3381,48
Farr_Wind_Farm,Z2,wind_onshore,92.0,0.01399825021872266,3381,48
Ffynnon_Oer_Wind_Farm,Z13,wind_onshore,32.0,0.01399825021872266,3381,48
Flotta,Z1_3,wind_onshore,1.8,0.01399825021872266,3381,48
Forss_Wind_Farm_Extension,Z1_3,wind_onshore,5.2,0.01399825021872266,3381,48
Michelin_Tyre_Co_Ltd___Dundee,Z3,wind_onshore,4.0,0.01399825021872266,3381,48
Millennium_Windfarm,Z1_4,wind_onshore,40.0,0.01399825021872266,3381,48
Muirhall,Z5,wind_onshore,12.3,0.01399825021872266,3381,48
Mynydd_Clogau_Wind_Farm,Z13,wind_onshore,14.5,0.01399825021872266,3381,48
New_Barn_Farm,Z9,wind_onshore,4.5,0.01399825021872266,3381,48
North_Pickenham,Z12,wind_onshore,14.4,0.01399825021872266,3381,48
Paul's_Hill_and_Extension,Z2,wind_onshore,65.0,0.01399825021872266,3381,48
Tir_Mostyn_And_Foel_Goch_Wind_Farm,Z9,wind_onshore,21.3,0.01399825021872266,3381,48
Trimdon_Grange,Z7,wind_onshore,5.2,0.01399825021872266,3381,48
Wardlaw_Wood,Z4,wind_onshore,18.0,0.01399825021872266,3381,48
Southrigg,Z5,wind_onshore,1.5,0.01399825021872266,3381,48
Kingspan,Z9,wind_onshore,1.8,0.01399825021872266,3381,48
Binn_Eco_Park___Wind_Farm,Z3,wind_onshore,10.0,0.01399825021872266,3381,48
Gawnsmoss_Cluster,Z2,wind_onshore,2.4,0.01399825021872266,3381,48
Quarrendon_Fields,Z14,wind_onshore,1.5,0.01399825021872266,3381,48
Newstead_and_Annesley_Wind_Turbine_,Z10,wind_onshore,1.5,0.01399825021872266,3381,48
Beckton_Sewage_Treatment_Works,Z14,wind_onshore,2.2,0.01399825021872266,3381,48
Melton_Waste_Park_,Z8,wind_onshore,5.0,0.01399825021872266,3381,48
Hill_of_Lybster_Wind_Turbine___Extension,Z1_3,wind_onshore,1.5,0.01399825021872266,3381,48
Burton_Wold_Wind_Farm_South,Z11,wind_onshore,7.5,0.01399825021872266,3381,48
Cumberhead_Wind_Farm,Z5,wind_onshore,48.0,0.01399825021872266,3381,48
ANP_Newport_Wind_Turbine,Z13,wind_onshore,2.3,0.01399825021872266,3381,48
Brenig_Wind_Farm,Z9,wind_onshore,37.6,0.01399825021872266,3381,48
Pogbie_Wind_Farm_2,Z5,wind_onshore,4.8,0.01399825021872266,3381,48
"Parc_Stormy,_Stormy_Down",Z13,wind_onshore,2.5,0.01399825021872266,3381,48
Bodtegir,Z9,wind_onshore,1.5,0.01399825021872266,3381,48
West_of_Rhiwfelin_Fach_Farm,Z13,wind_onshore,1.5,0.01399825021872266,3381,48
Marshill_Farm,Z5,wind_onshore,1.5,0.01399825021872266,3381,48
Woodlands_Wind_Farm,Z5,wind_onshore,2.6,0.01399825021872266,3381,48
Accolade_Wines,Z13,wind_onshore,2.5,0.01399825021872266,3381,48
Craigannet_Farm_Wind_Turbine,Z5,wind_onshore,1.5,0.01399825021872266,3381,48
Burnfoot_East_Wind_Farm_further_extension,Z3,wind_onshore,10.8,0.01399825021872266,3381,48
Ferneylea_Farm,Z5,wind_onshore,1.5,0.01399825021872266,3381,48
Graig_Fatha_Farm,Z13,wind_onshore,2.5,0.01399825021872266,3381,48
"Longlands_Farm,_Rush_Wall_Lane",Z13,wind_onshore,3.5,0.01399825021872266,3381,48
Forss_Wind_Farm,Z1_3,wind_onshore,2.6,0.01399825021872266,3381,48
Sandy_Knowe_Wind_Farm_,Z6,wind_onshore,81.6,0.01399825021872266,3381,48
The_Low_Carbon_Energy_Generation_Project_at_Keele_University,Z11,wind_onshore,1.9,0.01399825021872266,3381,48
Severn_Road,Z13,wind_onshore,4.2,0.01399825021872266,3381,48
Windy_Rig_Wind_Farm_,Z6,wind_onshore,43.0,0.01399825021872266,3381,48
Land_near_Ventonteague_,Z17,wind_onshore,2.3,0.01399825021872266,3381,48
Lower_Rumster_wind_turbine,Z1_3,wind_onshore,0.2,0.01399825021872266,3381,48
Mounteneys_and_Cherry_Rock_Wind_Turbines,Z13,wind_onshore,1.0,0.01399825021872266,3381,48
Hywind_Scotland_Pilot_Park_Hywind_2_Demonstrator,Z2,wind_offshore,30.0,0.03,2910,90
Beatrice_Demonstrator,Z1_3,wind_offshore,10.0,0.03,2910,90
Burbo_Bank,Z9,wind_offshore,90.0,0.03,2910,90
Gunfleet_Sands___Demo_Extension,Z15,wind_offshore,12.0,0.03,2910,90
Gunfleet_Sands_II ,Z15,wind_offshore,64.8,0.03,2910,90
Gunfleet_Sands_Offshore_Wind_Scheme,Z15,wind_offshore,108.0,0.03,2910,90
Inner_Dowsing ,Z10,wind_offshore,97.2,0.03,2910,90
Kentish_Flats ,Z15,wind_offshore,90.0,0.03,2910,90
Lynn,Z10,wind_offshore,97.2,0.03,2910,90
North_Hoyle ,Z9,wind_offshore,60.0,0.03,2910,90
Rhyl_Flats ,Z9,wind_offshore,90.0,0.03,2910,90
Robin_Rigg_East,Z6,wind_offshore,84.0,0.03,2910,90
Robin_Rigg_West,Z6,wind_offshore,90.0,0.03,2910,90
Scroby_Sands ,Z12,wind_offshore,60.0,0.03,2910,90
Thanet ,Z15,wind_offshore,300.0,0.03,2910,90
Walney 1,Z9,wind_offshore,183.6,0.03,2910,90
Hornsea_2___Optimus_and_Breesea,Z10,wind_offshore,1320.0,0.03,2910,90
Kentish_Flats_2,Z15,wind_offshore,49.5,0.03,2910,90
European_Offshore_Wind_Deployment_Centre_EOWDC_Aberdeen_Bay___Demonstration_site,Z2,wind_offshore,96.8,0.03,2910,90
Walney 2,Z9,wind_offshore,183.6,0.03,2910,90
Ormonde_Offshore,Z9,wind_offshore,150.0,0.03,2910,90
Greater_Gabbard_Wind_Farm,Z15,wind_offshore,504.0,0.03,2910,90
London_Array Phase_1,Z15,wind_offshore,630.0,0.03,2910,90
Sheringham_Shoal ,Z10,wind_offshore,317.0,0.03,2910,90
Centrica_Lincs,Z10,wind_offshore,270.0,0.03,2910,90
Teeside_Offshore_Wind_Farm,Z7,wind_offshore,62.0,0.03,2910,90
Race_Bank_Phase_1,Z10,wind_offshore,289.8,0.03,2910,90
West_of_Duddon_Sands,Z9,wind_offshore,389.0,0.03,2910,90
Rampion_Offshore_Wind_Farm_Hastings_Zone,Z16,wind_offshore,400.0,0.03,2910,90
Beatrice,Z1_3,wind_offshore,588.0,0.03,2910,90
Blyth_Offshore Wind_Test_Site,Z7,wind_offshore,41.5,0.03,2910,90
East_Anglia_1_EA_1,Z12,wind_offshore,714.0,0.03,2910,90
Hornsea_1___Heron_&_Njord,Z10,wind_offshore,1218.0,0.03,2910,90
Galloper_Wind_Farm,Z15,wind_offshore,353.0,0.03,2910,90
Levenmouth_demonstration_turbine_Fife_Energy_Park,Z5,wind_offshore,7.0,0.03,2910,90
Triton_Knoll ,Z10,wind_offshore,857.0,0.03,2910,90
Walney_3,Z9,wind_offshore,659.0,0.03,2910,90
Moray_East,Z2,wind_offshore,950.0,0.03,2910,90
Dudgeon_East ,Z10,wind_offshore,402.0,0.03,2910,90
Burbo_Bank_Extension_Burbo_Bank_2,Z9,wind_offshore,258.0,0.03,2910,90
Seagreen,Z2,wind_offshore,1075.0,0.03,2910,90
Gwynt_y_Mor ,Z9,wind_offshore,576.0,0.03,2910,90
Humber_Gateway_A,Z10,wind_offshore,219.0,0.03,2910,90
Westermost_Rough_A,Z10,wind_offshore,210.0,0.03,2910,90
Barrow ,Z9,wind_offshore,90.0,0.03,2910,90
Kincardine_Offshore_Windfarm,Z2,wind_offshore,49.5,0.03,2910,90
Race_Bank_Phase_2,Z10,wind_offshore,283.5,0.03,2910,90
Fen_Farm_Solar_Park,Z10,solar_pv,1.0,0.01,2376,24
Manor_Farm,Z17,solar_pv,4.7,0.01,2376,24
Nanterrow_Farm,Z17,solar_pv,4.7,0.01,2376,24
Howton_Farm,Z17,solar_pv,4.4,0.01,2376,24
East_Langford_Farm,Z17,solar_pv,5.0,0.01,2376,24
Trevemper_solar_farm,Z17,solar_pv,1.7,0.01,2376,24
Chester_Energy_East_Woolley_Farm,Z17,solar_pv,5.0,0.01,2376,24
Chynoweth_Farm,Z17,solar_pv,2.9,0.01,2376,24
Carlton_Farm_Solar_farm,Z12,solar_pv,5.0,0.01,2376,24
Wheal_Jane,Z17,solar_pv,1.4,0.01,2376,24
Cantelupe_Solar_Farm,Z12,solar_pv,5.0,0.01,2376,24
Benbole_Farm,Z17,solar_pv,2.0,0.01,2376,24
Langage_Solar_Farm,Z17,solar_pv,5.0,0.01,2376,24
Grange_Solar_Farm,Z10,solar_pv,4.6,0.01,2376,24
Ebbsfleet_Farm_Solar_Farm,Z15,solar_pv,4.9,0.01,2376,24
Westcott_Venture_Park_Phase_2_&_3,Z14,solar_pv,1.3,0.01,2376,24
Summerway_Drove,Z17,solar_pv,2.0,0.01,2376,24
Puriton_Solar_Farm,Z17,solar_pv,4.6,0.01,2376,24
Toyota_Solar_Farm,Z11,solar_pv,4.6,0.01,2376,24
Long_Sutton_Butterfly_And_Wildlife_Park,Z10,solar_pv,1.7,0.01,2376,24
Long_Sutton_Butterfly_And_Wildlife_Park_extension,Z10,solar_pv,1.0,0.01,2376,24
Springhill_Solar_Park_Northwick,Z11,solar_pv,5.0,0.01,2376,24
Westmill_Farm___PV,Z16,solar_pv,5.0,0.01,2376,24
Rhosygilwen_Solar_Farm,Z13,solar_pv,1.0,0.01,2376,24
Llancayo_Solar_Farm,Z13,solar_pv,3.9,0.01,2376,24
Shacks_Barn_Solar_Farm,Z11,solar_pv,5.0,0.01,2376,24
Carines_Farm_Solar_Array,Z17,solar_pv,1.0,0.01,2376,24
Trigon_Solar_Farm,Z17,solar_pv,7.0,0.01,2376,24
Chittering_Solar_Farm_Extension,Z12,solar_pv,6.3,0.01,2376,24
Tredinnick_Fields,Z17,solar_pv,5.8,0.01,2376,24
Summercourt_Solar_Farm_Glebe_Farm,Z17,solar_pv,1.1,0.01,2376,24
Higher_Trevartha_Farm,Z17,solar_pv,3.0,0.01,2376,24
Beechgrove_Farm,Z17,solar_pv,4.0,0.01,2376,24
PARK_WOOD_SOLAR_FARM,Z17,solar_pv,5.0,0.01,2376,24
Promens_Solar,Z12,solar_pv,1.7,0.01,2376,24
Malmesbury_Solar,Z13,solar_pv,5.0,0.01,2376,24
Trefullock_Solar_Farm,Z17,solar_pv,5.0,0.01,2376,24
Lower_Coombe_Farm_Solar,Z17,solar_pv,1.0,0.01,2376,24
Durrants_Farm_Solar,Z16,solar_pv,4.5,0.01,2376,24
Dunsfold_Park_Solar_Farm,Z16,solar_pv,2.0,0.01,2376,24
Alan_Bartlett_&_Sons_Solar,Z12,solar_pv,1.2,0.01,2376,24
Tavells_Lane_Solar_Farm,Z16,solar_pv,5.3,0.01,2376,24
LITTLE_TREVEASE_SOLAR_PARK,Z17,solar_pv,5.3,0.01,2376,24
Cobbs_Cross_Solar_Park,Z17,solar_pv,5.0,0.01,2376,24
NOTTINGTON_LANE_SOLAR_FARM,Z17,solar_pv,5.0,0.01,2376,24
RUDGE_FARM_SOLAR_FARM,Z16,solar_pv,7.0,0.01,2376,24
CRINACOTT_SOLAR_FARM_Pyworthy,Z17,solar_pv,6.7,0.01,2376,24
Chawton_Farm_Solar_Farm,Z16,solar_pv,3.2,0.01,2376,24
VENTNOR_ROAD_SOLAR_PARK,Z16,solar_pv,4.8,0.01,2376,24
ROOKERY_FARM_SOLAR_FARM,Z12,solar_pv,5.3,0.01,2376,24
Little_White_Alice_Solar_Park,Z17,solar_pv,1.3,0.01,2376,24
Park_Wall_Solar_Park,Z17,solar_pv,5.0,0.01,2376,24
Hall_Farm_Solar_park,Z12,solar_pv,15.0,0.01,2376,24
Oulton_Airfield_Solar_Farm_Phase_1,Z12,solar_pv,5.0,0.01,2376,24
Chalcroft_Solar_Park,Z16,solar_pv,6.3,0.01,2376,24
Bradford_Solar_Park,Z17,solar_pv,5.3,0.01,2376,24
Lower_Coombe_Farm_Bean_Field,Z17,solar_pv,1.0,0.01,2376,24
Ffos_Las_Racecourse,Z13,solar_pv,5.5,0.01,2376,24
Woodforde_Farm,Z12,solar_pv,9.0,0.01,2376,24
Kingston_Farm,Z13,solar_pv,5.0,0.01,2376,24
Spriggs_Farm,Z12,solar_pv,12.0,0.01,2376,24
Rotherdale_Farm,Z11,solar_pv,5.0,0.01,2376,24
Turves_Solar_Farm_,Z12,solar_pv,5.0,0.01,2376,24
Rexton_Cross,Z17,solar_pv,2.0,0.01,2376,24
Hatchlands_Farm,Z17,solar_pv,5.2,0.01,2376,24
Land_At_Potash_Farm,Z14,solar_pv,7.0,0.01,2376,24
Land_at_Upper_Clayhill_Farm,Z16,solar_pv,4.9,0.01,2376,24
Towerbrook_Farm_Banwell_Solar_Farm,Z13,solar_pv,7.2,0.01,2376,24
Twin_Elm_Solar_Farm,Z13,solar_pv,1.0,0.01,2376,24
Hardingham_Solar_Farm,Z12,solar_pv,14.8,0.01,2376,24
Hollamoor_Farm_PV,Z17,solar_pv,2.0,0.01,2376,24
Langlands_Solar_Farm,Z17,solar_pv,2.1,0.01,2376,24
Langunnett_Solar_Farm,Z17,solar_pv,6.2,0.01,2376,24
Manston_Solar_Farm,Z15,solar_pv,9.9,0.01,2376,24
Marsh_House_Solar_Park,Z16,solar_pv,5.5,0.01,2376,24
Morrisons_roof_mounted_solar,Z15,solar_pv,2.0,0.01,2376,24
Rickfield_Farm_solar_park,Z11,solar_pv,1.0,0.01,2376,24
Tump_Solar_Farm,Z13,solar_pv,5.0,0.01,2376,24
West_Farm_Solar,Z13,solar_pv,7.7,0.01,2376,24
Owls_Lodge_Farm,Z16,solar_pv,5.0,0.01,2376,24
Beckley_Solar_Farm,Z16,solar_pv,1.7,0.01,2376,24
Oakham_Farm,Z13,solar_pv,8.0,0.01,2376,24
Limberlost_Farm,Z16,solar_pv,1.5,0.01,2376,24
Office_Field,Z16,solar_pv,7.2,0.01,2376,24
Sandys_Moor_Road,Z17,solar_pv,2.9,0.01,2376,24
Skylark_Meadow_Solar_park,Z12,solar_pv,5.0,0.01,2376,24
Aldi_Distribution_Centre___Darlington,Z7,solar_pv,1.2,0.01,2376,24
Bishops_Sutton,Z16,solar_pv,12.0,0.01,2376,24
Blackawton_Solar_Farm,Z17,solar_pv,3.0,0.01,2376,24
BMW_UK_Manufacturing_Ltd,Z14,solar_pv,3.0,0.01,2376,24
Land_to_the_East_of_Burton_Lane,Z11,solar_pv,2.6,0.01,2376,24
Land_west_of_Hawkspur_Green_Hill_Hall_Solar,Z12,solar_pv,4.9,0.01,2376,24
Kingspan_Insulation_Solar_Installation,Z8,solar_pv,5.0,0.01,2376,24
Langley_Hall_Farm,Z14,solar_pv,2.4,0.01,2376,24
Pond_Farm,Z12,solar_pv,3.6,0.01,2376,24
Nether_Mill_Farm_,Z17,solar_pv,3.1,0.01,2376,24
NEWNTON_DAIRY_FARM,Z13,solar_pv,7.2,0.01,2376,24
Pierces_Farm,Z16,solar_pv,1.7,0.01,2376,24
Rew_Farm_Solar_Farm,Z17,solar_pv,6.1,0.01,2376,24
Westbury_Closed_Landfill_Site,Z13,solar_pv,3.5,0.01,2376,24
Wiggin_Hill_Solar_Farm___Phase_2,Z12,solar_pv,4.1,0.01,2376,24
Grain_Harvesters_Ltd,Z15,solar_pv,1.0,0.01,2376,24
Hyde_Farm,Z12,solar_pv,10.8,0.01,2376,24
St_Francis_Farm,Z15,solar_pv,4.0,0.01,2376,24
Bishops_Waltham_Solar_Farm,Z16,solar_pv,12.0,0.01,2376,24
Nova_Scotia_Farm_solar_park,Z12,solar_pv,13.9,0.01,2376,24
"Hall_Farm,_East_Beckham",Z12,solar_pv,10.2,0.01,2376,24
Cefn_Betingau_Farm,Z13,solar_pv,9.0,0.01,2376,24
Hill_Farm_Solar_Park_VoWH,Z16,solar_pv,14.8,0.01,2376,24
Wix_Lodge,Z12,solar_pv,18.7,0.01,2376,24
Saxley_Farm,Z16,solar_pv,5.0,0.01,2376,24
Snarlton_Farm_Melksham_solar_farm,Z13,solar_pv,49.6,0.01,2376,24
Lackford_Estate_Solar_Park,Z12,solar_pv,20.9,0.01,2376,24
Colpmans_Farm,Z12,solar_pv,5.0,0.01,2376,24
Porvair_International_Ltd,Z12,solar_pv,1.8,0.01,2376,24
Willsland_Solar_farm,Z17,solar_pv,3.2,0.01,2376,24
Frying_Down_Copse_Solar_Farm,Z16,solar_pv,5.0,0.01,2376,24
Wilmingham_Lane_Solar_Farm,Z16,solar_pv,7.0,0.01,2376,24
Chilton_Cantelo_Solar_Farm,Z17,solar_pv,5.0,0.01,2376,24
Beaford_Brook_Solar_Park,Z17,solar_pv,5.2,0.01,2376,24
Hayford_Farm,Z9,solar_pv,8.9,0.01,2376,24
Halse_Farm,Z17,solar_pv,8.2,0.01,2376,24
STRETE_FARM_SOLAR_FARM,Z17,solar_pv,4.8,0.01,2376,24
Tregassow_Farm___Solar_Modules,Z17,solar_pv,6.0,0.01,2376,24
Higher_Hatherleigh_Solar_Farm_extension,Z17,solar_pv,1.5,0.01,2376,24
Pont_Andrew_Solar_Farm,Z13,solar_pv,1.5,0.01,2376,24
Cairnhill_Farm_solar_park,Z2,solar_pv,2.4,0.01,2376,24
Manston_Solar_Farm_extension_Westwood,Z15,solar_pv,9.2,0.01,2376,24
Newlands_Farm_Solar_,Z16,solar_pv,20.5,0.01,2376,24
Fen_Road,Z10,solar_pv,1.4,0.01,2376,24
Long_Meadow_Farm,Z14,solar_pv,4.1,0.01,2376,24
Liverton_Farm,Z17,solar_pv,4.8,0.01,2376,24
Home_Farm_Knowlton___solar,Z15,solar_pv,11.5,0.01,2376,24
Lake_Farm,Z13,solar_pv,5.0,0.01,2376,24
Parkhouse_Corner_Orta_Solar,Z16,solar_pv,6.6,0.01,2376,24
Sandhill_Solar_Park,Z17,solar_pv,2.0,0.01,2376,24
Mingay_Farm,Z12,solar_pv,5.0,0.01,2376,24
Jordanston_Solar_Farm,Z13,solar_pv,5.0,0.01,2376,24
Aldi_Distribution_Centre___Neston,Z9,solar_pv,1.2,0.01,2376,24
Rodbourne_Rail_Farm___Solar_Park,Z13,solar_pv,7.6,0.01,2376,24
Barnby_Moor,Z10,solar_pv,4.0,0.01,2376,24
Knockworthy_Farm,Z17,solar_pv,3.5,0.01,2376,24
Raglington_Farm,Z16,solar_pv,5.8,0.01,2376,24
Stables_Farm,Z16,solar_pv,1.5,0.01,2376,24
Luson_Farm,Z17,solar_pv,1.9,0.01,2376,24
Kellygreen_Farm,Z17,solar_pv,4.0,0.01,2376,24
Grove_Farm_solar,Z17,solar_pv,3.5,0.01,2376,24
Marston_Solar_Farm,Z10,solar_pv,4.9,0.01,2376,24
Tredown_Solar_Farm,Z17,solar_pv,1.2,0.01,2376,24
Slaughtergate_Farm,Z17,solar_pv,1.8,0.01,2376,24
Kia_Ora_Farm,Z17,solar_pv,1.8,0.01,2376,24
Ellicombe_Farm,Z17,solar_pv,1.4,0.01,2376,24
Southcombe_Farm,Z17,solar_pv,1.2,0.01,2376,24
West_Bradley_Farm,Z17,solar_pv,1.5,0.01,2376,24
Whiddon_Farm,Z17,solar_pv,1.0,0.01,2376,24
Lovedean_Farm,Z16,solar_pv,4.5,0.01,2376,24
Higher_Knapp_Farm,Z17,solar_pv,1.5,0.01,2376,24
Park_Farm,Z17,solar_pv,4.0,0.01,2376,24
Dunkeswell_Airfield,Z17,solar_pv,2.0,0.01,2376,24
Langenhoe_Solar_Farm,Z15,solar_pv,21.3,0.01,2376,24
Kentishes_Solar_Farm_,Z12,solar_pv,5.0,0.01,2376,24
Marley_Thatch_Solar_Farm,Z17,solar_pv,6.3,0.01,2376,24
Newlands_Farm_East_Devon,Z17,solar_pv,5.0,0.01,2376,24
Goldthorpe,Z8,solar_pv,1.5,0.01,2376,24
Barley_Wood_Farm_Lane,Z16,solar_pv,5.4,0.01,2376,24
Battens_Farm_Solar_Park,Z13,solar_pv,11.0,0.01,2376,24
Combermere_Abbey,Z9,solar_pv,14.0,0.01,2376,24
Foxburrow_Farm,Z12,solar_pv,8.0,0.01,2376,24
Great_Houndbeare_Farm,Z17,solar_pv,10.0,0.01,2376,24
Condover_Green_Farm,Z11,solar_pv,10.2,0.01,2376,24
Hurst_Farm,Z13,solar_pv,5.0,0.01,2376,24
Ikea_Distribution_Centre_,Z8,solar_pv,1.7,0.01,2376,24
Jaguar_Land_Rover_,Z11,solar_pv,5.8,0.01,2376,24
Leverton_Ings,Z10,solar_pv,12.0,0.01,2376,24
Little_Morton_Solar_Farm,Z10,solar_pv,14.3,0.01,2376,24
Lodge_Farm___Orston,Z10,solar_pv,12.4,0.01,2376,24
Lowther_Farms,Z11,solar_pv,1.8,0.01,2376,24
Mackies_Dairy_PV,Z2,solar_pv,1.8,0.01,2376,24
Mingay_Farm___extension,Z12,solar_pv,19.3,0.01,2376,24
Redcourt_Farm,Z13,solar_pv,3.3,0.01,2376,24
Sowerby_Lodge_Farm,Z9,solar_pv,5.0,0.01,2376,24
Stone_Hill,Z15,solar_pv,2.6,0.01,2376,24
Taunton_Racecourse,Z17,solar_pv,1.5,0.01,2376,24
The_Stables,Z11,solar_pv,1.8,0.01,2376,24
Vantage_Point,Z13,solar_pv,1.4,0.01,2376,24
Wilsom_Farm,Z16,solar_pv,11.0,0.01,2376,24
Woodlands_Farm_Solar_Park,Z15,solar_pv,10.0,0.01,2376,24
Bowerhouse_Farm,Z13,solar_pv,8.3,0.01,2376,24
Brickyard_Barn_,Z11,solar_pv,4.1,0.01,2376,24
Bronwylfa_Reservoir,Z9,solar_pv,3.0,0.01,2376,24
Land_At_Court_Farm,Z13,solar_pv,2.2,0.01,2376,24
Crapnell_Farm_Solar_Farm,Z13,solar_pv,5.4,0.01,2376,24
Danes_Farm___extension,Z10,solar_pv,10.5,0.01,2376,24
Ellough_Airfield_Resubmission,Z12,solar_pv,13.2,0.01,2376,24
Ermine_Street_Farm_solar_park,Z10,solar_pv,32.5,0.01,2376,24
Eynsham_Solar_Farm,Z11,solar_pv,13.2,0.01,2376,24
Ford_Farm_Ashurst,Z16,solar_pv,10.0,0.01,2376,24
Priors_Byne_Farm,Z16,solar_pv,7.6,0.01,2376,24
Scottow_Moor___RAF_Coltishall_Solar_Farm_Phase_1,Z12,solar_pv,32.0,0.01,2376,24
Owls_Lodge_Farm_Extension,Z16,solar_pv,5.0,0.01,2376,24
Hawksland_Solar,Z17,solar_pv,3.1,0.01,2376,24
Middle_Treworder_Farm,Z17,solar_pv,5.0,0.01,2376,24
Black_Bush_Farm,Z12,solar_pv,2.7,0.01,2376,24
Goonhilly_Downs___PV,Z17,solar_pv,4.5,0.01,2376,24
Higher_Tregarne_Solar_Farm,Z17,solar_pv,5.0,0.01,2376,24
Causilgey_Solar_Farm,Z17,solar_pv,5.0,0.01,2376,24
Ninnis_Farm_Solar,Z17,solar_pv,5.0,0.01,2376,24
Trelow_Farm,Z17,solar_pv,1.6,0.01,2376,24
Hewas_Solar_Farm,Z17,solar_pv,5.0,0.01,2376,24
Great_Knowle_Farm_Solar,Z17,solar_pv,3.0,0.01,2376,24
Airfield_Farm_PV,Z12,solar_pv,5.0,0.01,2376,24
Lower_Bodiniel_Farm,Z17,solar_pv,5.0,0.01,2376,24
Shelswell_Park_Solar_Farm,Z11,solar_pv,5.0,0.01,2376,24
Chittering_Solar_Farm,Z12,solar_pv,5.0,0.01,2376,24
Kernow_Solar_Farm,Z17,solar_pv,5.0,0.01,2376,24
Limes_Farm_Solar_Farm,Z10,solar_pv,4.6,0.01,2376,24
Bratton_Fleming_Solar_Farm,Z17,solar_pv,5.0,0.01,2376,24
Lee_Farm,Z16,solar_pv,5.0,0.01,2376,24
Woodlands_Barton_Solar_Farm,Z17,solar_pv,4.9,0.01,2376,24
Winsdon_Farm,Z17,solar_pv,5.0,0.01,2376,24
The_Manor_of_Cadland_Estate,Z16,solar_pv,5.0,0.01,2376,24
Trenouth_Farm,Z17,solar_pv,3.6,0.01,2376,24
Callington_Solar_Farm,Z17,solar_pv,6.4,0.01,2376,24
St_Columb_Major_Solar_Farm,Z17,solar_pv,7.0,0.01,2376,24
Crossways_Pit_Solar_Farm,Z17,solar_pv,5.0,0.01,2376,24
Ayshford_Court_Farm,Z17,solar_pv,5.0,0.01,2376,24
Andover_Solar_Farm,Z16,solar_pv,5.0,0.01,2376,24
Oving_Solar_Farm,Z16,solar_pv,5.0,0.01,2376,24
Grange_Farm_Cornwall,Z17,solar_pv,5.0,0.01,2376,24
Shipton_Bellinger___Park_House_Corner_Solar_Farm,Z16,solar_pv,5.4,0.01,2376,24
Wyld_Meadow_Solar_Farm,Z17,solar_pv,4.8,0.01,2376,24
Shooters_Bottom_Solar_Park,Z13,solar_pv,7.0,0.01,2376,24
Goldenhaye_Field_Solar_Farm,Z17,solar_pv,2.0,0.01,2376,24
Clearwell_Farm___solar,Z13,solar_pv,2.0,0.01,2376,24
Danes_Farm,Z10,solar_pv,3.3,0.01,2376,24
Langstone_Court_Road_Solar_Farm,Z13,solar_pv,2.5,0.01,2376,24
Five_Oaks_Solar_Farm,Z16,solar_pv,5.0,0.01,2376,24
Culworth_House_Solar_Farm,Z11,solar_pv,3.0,0.01,2376,24
Warleigh_Barton_Solar_Farm,Z17,solar_pv,5.0,0.01,2376,24
Trenoweth_Solar_Farm,Z17,solar_pv,2.5,0.01,2376,24
Wymeswold_Airfield,Z11,solar_pv,34.0,0.01,2376,24
Higher_Hatherleigh_Solar_Farm,Z17,solar_pv,3.5,0.01,2376,24
Barton_Solar_Farm,Z17,solar_pv,1.2,0.01,2376,24
Clann_Solar_Farm,Z17,solar_pv,1.4,0.01,2376,24
Dolmans_Hill_Redbridge_Farm_Solar_Arrays,Z16,solar_pv,5.0,0.01,2376,24
North_Norfolk_Business_Centre_Solar_Park,Z12,solar_pv,11.0,0.01,2376,24
Horsacott_Farm_Solar_Park,Z17,solar_pv,6.4,0.01,2376,24
Broxted_Solar_Farm_Stradishall_Airfield,Z12,solar_pv,31.6,0.01,2376,24
Pentylands_Farm,Z13,solar_pv,19.0,0.01,2376,24
Trefinnick_Farm,Z17,solar_pv,5.0,0.01,2376,24
Four_Burrows_Solar_farm,Z17,solar_pv,7.2,0.01,2376,24
Rudbaxton_Solar_Park,Z13,solar_pv,10.8,0.01,2376,24
Hope_Solar_Farm,Z17,solar_pv,7.3,0.01,2376,24
Culmhead_Solar_Farm_,Z17,solar_pv,7.5,0.01,2376,24
Wheal_Alfred_Road_Solar_Farm,Z17,solar_pv,3.5,0.01,2376,24
Blatchworthy_Farm,Z17,solar_pv,1.5,0.01,2376,24
Parsonage_Barn_extension,Z17,solar_pv,7.6,0.01,2376,24
BIOSSENCE_SOLAR_PARK,Z15,solar_pv,4.5,0.01,2376,24
HENDRA_HOLIDAY_PARK_SOLAR_FARM,Z17,solar_pv,1.2,0.01,2376,24
EASTACOMBE_SOLAR_FARM,Z17,solar_pv,3.6,0.01,2376,24
Wrexham_Social_Housing_PV,Z9,solar_pv,5.4,0.01,2376,24
Creathorne_Farm____Solar_Farm,Z17,solar_pv,1.8,0.01,2376,24
Higher_Pirzwell_Solar_Farm,Z17,solar_pv,1.2,0.01,2376,24
Broadgate_Solar_Farm,Z17,solar_pv,1.1,0.01,2376,24
CRAYSMARSH_SOLAR_FARM,Z13,solar_pv,1.8,0.01,2376,24
SOLAR_PARK___WHITCHURCH_FARM,Z13,solar_pv,6.5,0.01,2376,24
THE_HOLLIES_SOLAR_PARK___SKEGNESS,Z10,solar_pv,8.6,0.01,2376,24
AMBLESTON_SOLAR_PANELS,Z13,solar_pv,6.0,0.01,2376,24
Ford_Farm_Solar_Farm,Z17,solar_pv,5.0,0.01,2376,24
Canworthy_Water,Z17,solar_pv,41.0,0.01,2376,24
Foxcombe_Farm_Solar_Park,Z17,solar_pv,5.0,0.01,2376,24
Liddeston_Ridge_Solar_Park_Milford_Haven,Z13,solar_pv,5.0,0.01,2376,24
Bodwen_Solar_Park,Z17,solar_pv,5.5,0.01,2376,24
Treswarrow_Solar_Park,Z17,solar_pv,6.5,0.01,2376,24
Carnemough_Farm_Solar_Park,Z17,solar_pv,7.0,0.01,2376,24
Aller_Court_Farm_Solar_Park,Z17,solar_pv,5.0,0.01,2376,24
Derriton_Fields_Solar_Farm,Z17,solar_pv,11.8,0.01,2376,24
Cleave_Farm_Solar_Park,Z17,solar_pv,4.7,0.01,2376,24
Four_Burrows_Farm__Extension_2,Z17,solar_pv,6.3,0.01,2376,24
Chelworth_Industrial_Estate_Solar_Park,Z13,solar_pv,1.0,0.01,2376,24
Drapers_Farm_Solar_Park,Z12,solar_pv,6.0,0.01,2376,24
Week_Farm_Solar_Park,Z17,solar_pv,3.3,0.01,2376,24
Langton_Farm_Solar_park,Z13,solar_pv,4.4,0.01,2376,24
Says_Court_Farm_solar_park,Z13,solar_pv,19.8,0.01,2376,24
Ketton_solar_farm,Z10,solar_pv,9.0,0.01,2376,24
The_Manor_of_Cadland_Estate___extension,Z16,solar_pv,3.0,0.01,2376,24
Rowles_Farm_solar_park,Z14,solar_pv,13.0,0.01,2376,24
Ryston_Estate_Solar_Park,Z12,solar_pv,4.8,0.01,2376,24
Reaches_Farm_Solar_Park,Z12,solar_pv,6.1,0.01,2376,24
Watchfield_Lawn,Z13,solar_pv,10.2,0.01,2376,24
Witches_Solar_Farm,Z13,solar_pv,5.0,0.01,2376,24
Burntstalk_Solar_Park,Z12,solar_pv,11.5,0.01,2376,24
Claypit_Moor_Solar_Farm_Lexham,Z12,solar_pv,7.9,0.01,2376,24
Holton_Airfield,Z12,solar_pv,11.0,0.01,2376,24
Goose_Willow_Farm,Z16,solar_pv,11.5,0.01,2376,24
Chediston_Hall_Solar_Park,Z12,solar_pv,12.3,0.01,2376,24
Burthy_Farm,Z17,solar_pv,10.0,0.01,2376,24
Caeremlyn_Solar_Farm,Z13,solar_pv,18.0,0.01,2376,24
Hazard_Farm,Z17,solar_pv,6.4,0.01,2376,24
Home_Farm_Merton___solar,Z14,solar_pv,18.3,0.01,2376,24
Rudge_Hill_Farm,Z17,solar_pv,1.5,0.01,2376,24
Sevor_Farm,Z13,solar_pv,9.3,0.01,2376,24
Marsh_Farm,Z13,solar_pv,14.0,0.01,2376,24
Four_Burrows_Solar_farm_Extension_1,Z17,solar_pv,1.5,0.01,2376,24
Old_Rides_solar_Farm,Z15,solar_pv,8.0,0.01,2376,24
Parabel_North_Beer_Solar_Farm,Z17,solar_pv,6.8,0.01,2376,24
Crockers_Hele,Z17,solar_pv,1.3,0.01,2376,24
Bentley_Motors_Ltd_1,Z9,solar_pv,5.1,0.01,2376,24
Northwick_Estate_Extension,Z11,solar_pv,2.2,0.01,2376,24
North_Of_Field_Barn,Z11,solar_pv,1.0,0.01,2376,24
Wroughton_Airfield_Solar_Park,Z13,solar_pv,41.0,0.01,2376,24
Forest_Heath_Solar_Farm,Z12,solar_pv,5.0,0.01,2376,24
Abbey_Farm,Z12,solar_pv,9.0,0.01,2376,24
Land_at_Soho_Farm,Z13,solar_pv,1.5,0.01,2376,24
Land_South_West_Of_Apollo_Business_Park,Z11,solar_pv,1.7,0.01,2376,24
Manor_Farm_Monmouthshire,Z13,solar_pv,10.5,0.01,2376,24
Land_at_Mill_Farm,Z13,solar_pv,1.0,0.01,2376,24
Land_at_East_Farm,Z16,solar_pv,6.8,0.01,2376,24
New_Rendy_Farm,Z17,solar_pv,4.8,0.01,2376,24
Reydon_Farm,Z12,solar_pv,3.9,0.01,2376,24
Copley_Farm,Z10,solar_pv,30.0,0.01,2376,24
Ellough_Airfield_Ellough_2_extension,Z12,solar_pv,10.0,0.01,2376,24
Nanteague_Farm,Z17,solar_pv,7.7,0.01,2376,24
Grange_Farm_Burton_Pedwardine,Z10,solar_pv,15.0,0.01,2376,24
Wheat_Leasows_Solar_Park,Z11,solar_pv,4.0,0.01,2376,24
Honington_Solar_Farm,Z12,solar_pv,13.6,0.01,2376,24
Hill_Farm_Solar_Park,Z16,solar_pv,10.2,0.01,2376,24
Homeland_Solar_Farm,Z16,solar_pv,13.2,0.01,2376,24
East_Fairlee,Z16,solar_pv,7.3,0.01,2376,24
Fairwind_Farm,Z14,solar_pv,10.0,0.01,2376,24
Redlands_Farm,Z17,solar_pv,6.2,0.01,2376,24
Fenton_Home_Farm,Z13,solar_pv,31.3,0.01,2376,24
Abbots_Ripton_Solar_Farm,Z12,solar_pv,24.7,0.01,2376,24
South_Lees_Farm,Z15,solar_pv,11.0,0.01,2376,24
Southwick_Estate,Z16,solar_pv,48.0,0.01,2376,24
Waterloo_solar_park,Z12,solar_pv,14.6,0.01,2376,24
Ketton_solar_farm___phase_2,Z10,solar_pv,3.0,0.01,2376,24
Oak_Cottage,Z13,solar_pv,4.9,0.01,2376,24
Sycamore_Farm,Z15,solar_pv,20.0,0.01,2376,24
North_Wayton_Farm,Z17,solar_pv,5.0,0.01,2376,24
South_Creake_Solar_Farm,Z12,solar_pv,26.0,0.01,2376,24
Pen_Y_Cae_solar_farm,Z13,solar_pv,6.9,0.01,2376,24
Rose_And_Crown_Farm,Z12,solar_pv,30.0,0.01,2376,24
Wickfield_Farm,Z13,solar_pv,5.0,0.01,2376,24
Rookery_Farm,Z16,solar_pv,3.8,0.01,2376,24
Seaview_Farm,Z13,solar_pv,1.7,0.01,2376,24
Chelveston_Airfield___extension,Z12,solar_pv,3.5,0.01,2376,24
Huddlesford_Farm,Z11,solar_pv,1.0,0.01,2376,24
Park_Lane,Z11,solar_pv,1.0,0.01,2376,24
Gypsom_Solar_Farm,Z11,solar_pv,5.0,0.01,2376,24
Polmaugan_Farm,Z17,solar_pv,5.0,0.01,2376,24
Land_at_Gilley's_Mill_Dam,Z17,solar_pv,5.0,0.01,2376,24
East_Lenham_Solar_Farm,Z15,solar_pv,6.6,0.01,2376,24
Steventon_Solar_Park,Z16,solar_pv,10.0,0.01,2376,24
Westwood_Farm_Solar_Park,Z10,solar_pv,5.1,0.01,2376,24
Meadow_Farm_solar_park,Z12,solar_pv,6.0,0.01,2376,24
Sutton_Mawr_Farm,Z13,solar_pv,7.5,0.01,2376,24
Carloggas_Farm_Solar_Park,Z17,solar_pv,8.3,0.01,2376,24
Lincoln_Farm,Z10,solar_pv,11.4,0.01,2376,24
Llwyn_Du_Solar_Farm,Z13,solar_pv,8.0,0.01,2376,24
West_Hill_Farm_solar,Z17,solar_pv,7.3,0.01,2376,24
Elms_Farm,Z16,solar_pv,29.0,0.01,2376,24
Rock_Farm_/_Goldborough_Farm_Rookwood,Z13,solar_pv,5.0,0.01,2376,24
Great_Wilbraham_Solar_Farm,Z12,solar_pv,38.1,0.01,2376,24
Somerton_Door_Farm,Z17,solar_pv,8.7,0.01,2376,24
Barugh_Farm,Z8,solar_pv,5.0,0.01,2376,24
Lains_Farm,Z16,solar_pv,5.0,0.01,2376,24
Great_Seabrook_Farm,Z14,solar_pv,5.0,0.01,2376,24
Cotgrave_solar_farm,Z10,solar_pv,4.9,0.01,2376,24
Parkview_solar_park,Z17,solar_pv,6.5,0.01,2376,24
Overton,Z16,solar_pv,4.0,0.01,2376,24
Lower_Basset_Down_Farm,Z13,solar_pv,10.5,0.01,2376,24
Morfa_Farm,Z13,solar_pv,2.0,0.01,2376,24
Barton_Close_Farm,Z17,solar_pv,5.5,0.01,2376,24
Wiggin_Hill_Solar_Farm___Phase_1,Z12,solar_pv,6.8,0.01,2376,24
Wilton_Farm_pv,Z17,solar_pv,9.5,0.01,2376,24
Canada_Farm,Z17,solar_pv,8.3,0.01,2376,24
Hoback_Farm,Z12,solar_pv,13.1,0.01,2376,24
The_Rainbows_Solar_Farm,Z11,solar_pv,4.0,0.01,2376,24
Salcey_Solar_Farm,Z11,solar_pv,5.0,0.01,2376,24
Hillsmoor_Solar_Farm,Z17,solar_pv,1.2,0.01,2376,24
Desford_Solar_Farm,Z11,solar_pv,5.0,0.01,2376,24
Iwood_Lane_Solar_Farm,Z13,solar_pv,8.0,0.01,2376,24
Playters_Solar_Farm,Z12,solar_pv,8.6,0.01,2376,24
Bypass_Nurseries_Solar_Farm,Z11,solar_pv,3.3,0.01,2376,24
Warrington_Home_Solar_Scheme,Z9,solar_pv,5.3,0.01,2376,24
Babergh_Home_Solar_Scheme,Z12,solar_pv,2.8,0.01,2376,24
Mid_Suffolk_Home_Solar_Scheme,Z12,solar_pv,4.8,0.01,2376,24
Garn_Solar_Farm,Z13,solar_pv,7.4,0.01,2376,24
Trethosa_Farm_Solar_Park,Z17,solar_pv,4.8,0.01,2376,24
Garvinack_Farm_Solar_Park,Z17,solar_pv,7.0,0.01,2376,24
Caswell_Farm_Solar_Park,Z17,solar_pv,6.7,0.01,2376,24
Epwell_Grounds_Farm_solar_park,Z11,solar_pv,7.0,0.01,2376,24
Pant_Y_Moch_Farm,Z13,solar_pv,5.0,0.01,2376,24
Woolbridge_Solar_Park,Z17,solar_pv,5.0,0.01,2376,24
Tengore_Lane_,Z17,solar_pv,3.6,0.01,2376,24
Manor_Farm_Dorset,Z13,solar_pv,5.0,0.01,2376,24
Hadlow_Place_solar_farm,Z15,solar_pv,14.3,0.01,2376,24
Bassingbourn_Solar_Farm,Z12,solar_pv,14.4,0.01,2376,24
Lower_Pennington_Farm,Z16,solar_pv,2.7,0.01,2376,24
Goose_Willow_Farm___extension,Z16,solar_pv,7.0,0.01,2376,24
Avenue_Farm,Z12,solar_pv,7.3,0.01,2376,24
Sywell_Road,Z11,solar_pv,5.0,0.01,2376,24
Gosfield_Airfield,Z12,solar_pv,12.6,0.01,2376,24
Exning,Z12,solar_pv,29.9,0.01,2376,24
Grange_Farm_Avon,Z13,solar_pv,21.0,0.01,2376,24
Land_at_East_Farm___extension,Z16,solar_pv,6.0,0.01,2376,24
Laughton_Level,Z16,solar_pv,7.0,0.01,2376,24
Croydon_/_Church_Farm_Royston,Z12,solar_pv,16.5,0.01,2376,24
Hadley_Farm_Orta_Membury_Solar_Farm,Z16,solar_pv,17.0,0.01,2376,24
Manor_Farm_Wiltshire_,Z13,solar_pv,6.3,0.01,2376,24
Tonge_Corner_Farm,Z15,solar_pv,22.0,0.01,2376,24
Oaklands_Farm_,Z15,solar_pv,6.9,0.01,2376,24
North_East_of_Ainderby_Steeple,Z8,solar_pv,5.9,0.01,2376,24
Errol_Estate,Z3,solar_pv,13.0,0.01,2376,24
Grange_Farm,Z16,solar_pv,6.0,0.01,2376,24
Wraysbury_Landfill,Z14,solar_pv,4.8,0.01,2376,24
Wisbridge_Farm,Z12,solar_pv,9.3,0.01,2376,24
Caddington_Solar_Farm_Phase_1,Z14,solar_pv,3.0,0.01,2376,24
Capeland_Farm,Z17,solar_pv,8.3,0.01,2376,24
Castle_Combe_Circuit,Z13,solar_pv,12.0,0.01,2376,24
Castle_Eaton_Farm,Z13,solar_pv,17.8,0.01,2376,24
Chancery_Farm_Ardleigh,Z12,solar_pv,11.9,0.01,2376,24
Clapham_solar_farm,Z12,solar_pv,7.5,0.01,2376,24
Chelveston_Airfield,Z12,solar_pv,16.0,0.01,2376,24
Chisbon_Solar_Farm_Frowick_Lane,Z15,solar_pv,13.0,0.01,2376,24
Clawdd_Ddu_PV,Z13,solar_pv,13.5,0.01,2376,24
Congresbury_Solar_Farm,Z13,solar_pv,7.1,0.01,2376,24
Abergelli_Glas_Solar_Farm,Z13,solar_pv,7.7,0.01,2376,24
Anthony_Estate_Solar_Farm,Z17,solar_pv,4.7,0.01,2376,24
Aston_House_Solar_Farm,Z11,solar_pv,20.0,0.01,2376,24
Bakers_Farm_solar,Z16,solar_pv,12.0,0.01,2376,24
Balls_Wood_Solar_Farm,Z17,solar_pv,8.7,0.01,2376,24
Barn_Farm_,Z12,solar_pv,4.2,0.01,2376,24
Bay_Farm,Z12,solar_pv,8.1,0.01,2376,24
Berwick_solar_farm,Z16,solar_pv,8.2,0.01,2376,24
Bidwell_Solar_Farm_,Z17,solar_pv,5.0,0.01,2376,24
Bilsham_Farm,Z16,solar_pv,14.5,0.01,2376,24
Blackwell_Grange_Solar_Farm,Z11,solar_pv,5.0,0.01,2376,24
Blenches_Mill,Z13,solar_pv,6.1,0.01,2376,24
Bobbing_solar_farm,Z15,solar_pv,11.3,0.01,2376,24
Bodmin_2_Solar_Farm,Z17,solar_pv,5.3,0.01,2376,24
Bottom_Plain,Z17,solar_pv,10.0,0.01,2376,24
Braydon_Manor_Farm,Z13,solar_pv,8.7,0.01,2376,24
Brynwhilach_Solar_Park,Z13,solar_pv,4.0,0.01,2376,24
Bulls_Head_Farm_North,Z11,solar_pv,4.7,0.01,2376,24
Burrowton_Farm,Z17,solar_pv,5.0,0.01,2376,24
Ebbsfleet_Solar_Farm,Z15,solar_pv,5.0,0.01,2376,24
Court_Colman_solar_park,Z13,solar_pv,15.0,0.01,2376,24
Cowdown_Lane,Z16,solar_pv,40.0,0.01,2376,24
Crannaford_Solar_Farm,Z17,solar_pv,12.5,0.01,2376,24
Cwmcaesingrug_Farm,Z13,solar_pv,10.0,0.01,2376,24
Decoy_Farm_House_Solar_Modules,Z16,solar_pv,6.0,0.01,2376,24
Hadley_Solar_Farm,Z9,solar_pv,6.6,0.01,2376,24
Hall_Farm_Solar_Farm_Newbold_Verdon,Z11,solar_pv,5.0,0.01,2376,24
Hammond_Court_Farm,Z13,solar_pv,15.0,0.01,2376,24
Hatch_Penn_Farm_PV,Z12,solar_pv,1.0,0.01,2376,24
Hayford_Farm___extension,Z9,solar_pv,8.2,0.01,2376,24
High_Penn_Solar_Park,Z13,solar_pv,9.6,0.01,2376,24
Highfields_Farm_Braintree,Z12,solar_pv,2.8,0.01,2376,24
Highfields_Farm_Colchester,Z12,solar_pv,12.2,0.01,2376,24
Hill_End_Farm,Z16,solar_pv,2.8,0.01,2376,24
Holwell_Hill,Z13,solar_pv,6.0,0.01,2376,24
Hook_Valley_Solar_Park,Z17,solar_pv,17.0,0.01,2376,24
Partridge_Farm,Z15,solar_pv,10.6,0.01,2376,24
Aspatria,Z6,solar_pv,19.0,0.01,2376,24
Penare_Farm_Solar_Farm,Z17,solar_pv,11.0,0.01,2376,24
Pencoose_Farm,Z17,solar_pv,8.5,0.01,2376,24
Pensipple_Farm,Z17,solar_pv,5.0,0.01,2376,24
Pingewood_Road_South,Z16,solar_pv,15.8,0.01,2376,24
Pingry_Farm___Phase_1,Z13,solar_pv,3.4,0.01,2376,24
Pitworthy_Farm_Solar_Park,Z17,solar_pv,15.6,0.01,2376,24
Primrose_Hill_Farm,Z10,solar_pv,3.7,0.01,2376,24
Pyde_Drove,Z17,solar_pv,7.0,0.01,2376,24
Race_farm,Z16,solar_pv,6.1,0.01,2376,24
Radcliffe_Solar_Farm,Z10,solar_pv,4.2,0.01,2376,24
Redhall_Industrial_Estate,Z10,solar_pv,5.0,0.01,2376,24
Ring_O_Bells_Farm,Z13,solar_pv,5.0,0.01,2376,24
Roanhead_Farm,Z9,solar_pv,6.5,0.01,2376,24
Rotherdale_Farm___extension,Z11,solar_pv,9.0,0.01,2376,24
Roundponds_Farm_Solar_Park,Z13,solar_pv,13.5,0.01,2376,24
Hopton_Road_Industrial_Estate,Z13,solar_pv,1.3,0.01,2376,24
Field_House_Solar_/_Hursley_Road,Z16,solar_pv,6.4,0.01,2376,24
Kencot_Hill_Solar_Farm,Z11,solar_pv,37.0,0.01,2376,24
KERNICK_MICA_DAM___SOLAR_FARM,Z17,solar_pv,12.0,0.01,2376,24
Landmead_Farm_East_Hanney,Z16,solar_pv,46.0,0.01,2376,24
Lower_Newton_Farm,Z11,solar_pv,11.5,0.01,2376,24
Lower_Slade_Farm,Z17,solar_pv,4.1,0.01,2376,24
Lower_Ufford_Lane,Z12,solar_pv,1.1,0.01,2376,24
Lynt_Farm,Z13,solar_pv,27.0,0.01,2376,24
Marchington_Solar_Farm,Z11,solar_pv,4.3,0.01,2376,24
Monksham_Solar_Farm,Z13,solar_pv,10.7,0.01,2376,24
Moorhouse_Lane,Z13,solar_pv,1.8,0.01,2376,24
Morton_Wood_Farm,Z11,solar_pv,4.8,0.01,2376,24
Natewood_Farm,Z15,solar_pv,8.9,0.01,2376,24
Netley_Landfill_Solar,Z16,solar_pv,12.0,0.01,2376,24
New_Stone_House,Z14,solar_pv,12.5,0.01,2376,24
North_Creake_Airfield_,Z12,solar_pv,20.0,0.01,2376,24
North_of_Newton_Farm,Z16,solar_pv,3.0,0.01,2376,24
Roves_Farm_Solar_,Z13,solar_pv,12.7,0.01,2376,24
Salhouse_Solar_Farm,Z12,solar_pv,5.0,0.01,2376,24
Norton_Hall,Z11,solar_pv,2.8,0.01,2376,24
Oaklands_Plantation,Z17,solar_pv,5.0,0.01,2376,24
Ockendon_Landfill_Solar_Farm,Z14,solar_pv,38.0,0.01,2376,24
Packington_Solar_Farm,Z11,solar_pv,13.9,0.01,2376,24
SAUNDERCROFT_SOLAR_FARM,Z17,solar_pv,7.0,0.01,2376,24
Sedbury_Park,Z13,solar_pv,5.0,0.01,2376,24
Six_Hills_Solar_Farm,Z11,solar_pv,18.7,0.01,2376,24
South_Newton_Farm,Z16,solar_pv,11.3,0.01,2376,24
Southdown_Quarry,Z17,solar_pv,1.5,0.01,2376,24
Southfield_Farm_Solar_Park_,Z17,solar_pv,11.5,0.01,2376,24
Spittleborough_Farm,Z13,solar_pv,12.0,0.01,2376,24
Stanton_solar_park,Z13,solar_pv,5.0,0.01,2376,24
Stantway_Solar_Farm,Z13,solar_pv,5.0,0.01,2376,24
Stonebarrow_Farm,Z17,solar_pv,8.0,0.01,2376,24
Stowbridge_Farm,Z12,solar_pv,24.0,0.01,2376,24
Stratton_Hall_Solar_Park,Z12,solar_pv,11.6,0.01,2376,24
Sutton_Montis_Road_Solar_Park_/_Sutton_Bridge_Solar_Farm,Z17,solar_pv,5.4,0.01,2376,24
Thame_solar_farm,Z14,solar_pv,4.3,0.01,2376,24
The_Flit,Z14,solar_pv,10.5,0.01,2376,24
The_Old_Airfield,Z12,solar_pv,5.0,0.01,2376,24
Thorne_Farm,Z15,solar_pv,6.2,0.01,2376,24
Tiers_Cross_Solar_Farm,Z13,solar_pv,24.0,0.01,2376,24
Tilmanstone_Colliery,Z15,solar_pv,10.0,0.01,2376,24
Toggam_Farm,Z12,solar_pv,12.5,0.01,2376,24
Tower_Hill_Farm,Z13,solar_pv,8.1,0.01,2376,24
Toyota_Motor_Manufacturing_Uk___Deeside,Z9,solar_pv,3.8,0.01,2376,24
Trench_Farm,Z9,solar_pv,7.2,0.01,2376,24
Troughton_Farm,Z13,solar_pv,30.0,0.01,2376,24
Turweston_Solar_Farm,Z11,solar_pv,16.7,0.01,2376,24
Upper_Farm_solar_park,Z16,solar_pv,12.0,0.01,2376,24
Upper_Huntingford_Farm,Z13,solar_pv,7.7,0.01,2376,24
Walnut_Yard_Phase_1,Z11,solar_pv,1.8,0.01,2376,24
Water_Eaton_Farm_/_Port_Farm,Z13,solar_pv,34.8,0.01,2376,24
Wedgehill_Farm,Z16,solar_pv,13.0,0.01,2376,24
West_Raynham,Z12,solar_pv,49.9,0.01,2376,24
Westerfield_Farm,Z11,solar_pv,12.5,0.01,2376,24
Westover_Farm_,Z16,solar_pv,7.0,0.01,2376,24
Whitley_Farm_1_of_2,Z17,solar_pv,3.5,0.01,2376,24
Whitley_Farm_2_of_2,Z17,solar_pv,3.5,0.01,2376,24
Whitton_Mawr,Z13,solar_pv,6.0,0.01,2376,24
Winham_Farm_,Z17,solar_pv,5.0,0.01,2376,24
Woden_Park,Z13,solar_pv,5.0,0.01,2376,24
West_Kingsmill_Farm_Solar_Park,Z17,solar_pv,1.6,0.01,2376,24
Bommertown_Solar_Farm,Z17,solar_pv,5.0,0.01,2376,24
West_Ditchen_Farm_,Z17,solar_pv,5.0,0.01,2376,24
Lower_Marsh_Farm,Z17,solar_pv,5.0,0.01,2376,24
Bodorgan_Solar_Farm,Z9,solar_pv,12.6,0.01,2376,24
Chapel_Lane_Parley_Solar_Farm_Phase_2,Z16,solar_pv,36.0,0.01,2376,24
Arkwright_Solar_Farm,Z10,solar_pv,8.0,0.01,2376,24
Charity_Farm_Burlton_Solar_Farm,Z9,solar_pv,14.4,0.01,2376,24
Verwood_Solar_Farm,Z16,solar_pv,20.4,0.01,2376,24
Parciau_Farm_Solar_Park,Z9,solar_pv,13.9,0.01,2376,24
Smith_Hall_Farm_Solar_Park,Z11,solar_pv,5.0,0.01,2376,24
Bystock_Solar_Farm,Z17,solar_pv,4.1,0.01,2376,24
Bedborough_Farm,Z16,solar_pv,7.0,0.01,2376,24
Cranham_Golf_Course_Solar_Park,Z14,solar_pv,2.6,0.01,2376,24
Hurcott_Copse_Solar_Farm,Z17,solar_pv,10.0,0.01,2376,24
Grange_Farm_Solar_Farm,Z17,solar_pv,4.9,0.01,2376,24
Trehawke_Barton_Doddycross_Solar_Farm,Z17,solar_pv,10.6,0.01,2376,24
Newton_Ferrers_solar_park,Z17,solar_pv,19.5,0.01,2376,24
Nancrossa_Farm_solar_park,Z17,solar_pv,6.0,0.01,2376,24
Pitts_Farm,Z13,solar_pv,2.6,0.01,2376,24
Walmoor_Farm_solar_park,Z10,solar_pv,4.0,0.01,2376,24
Trequite_Farm_solar_park_,Z17,solar_pv,9.9,0.01,2376,24
Bentley_Estate,Z16,solar_pv,5.0,0.01,2376,24
New_Row_Farm,Z13,solar_pv,3.9,0.01,2376,24
MALMAYNES_HALL_FARM,Z15,solar_pv,12.0,0.01,2376,24
Crucis_Park,Z13,solar_pv,12.5,0.01,2376,24
Treguff_Farm_,Z13,solar_pv,4.4,0.01,2376,24
Kenardington_Place_Farm,Z15,solar_pv,7.0,0.01,2376,24
Henbury_Quarry,Z16,solar_pv,3.9,0.01,2376,24
Grange_Farm_Kirkby_on_Bain,Z10,solar_pv,9.0,0.01,2376,24
Boxted_Airfield,Z12,solar_pv,18.8,0.01,2376,24
Rectory_Farm/Emberton,Z14,solar_pv,9.0,0.01,2376,24
St_Francis_Court_Farm,Z17,solar_pv,4.0,0.01,2376,24
Berry_Court_Farm,Z16,solar_pv,4.2,0.01,2376,24
Walkers_Wood_Solar_Park,Z10,solar_pv,27.0,0.01,2376,24
Odell_Glebe_Solar_Farm,Z12,solar_pv,16.8,0.01,2376,24
Hunstrete_Wilmington_Farm,Z13,solar_pv,2.3,0.01,2376,24
Lower_Severalls_Farm,Z17,solar_pv,10.8,0.01,2376,24
Burton_Farm,Z11,solar_pv,4.4,0.01,2376,24
Sundorne_Grove,Z11,solar_pv,20.0,0.01,2376,24
Lower_End_Farm,Z13,solar_pv,4.9,0.01,2376,24
Skegness_Solar_Park,Z10,solar_pv,4.9,0.01,2376,24
Land_north_of_Temple_Normanton,Z10,solar_pv,4.9,0.01,2376,24
Helland_Meads_,Z17,solar_pv,1.2,0.01,2376,24
Crow_Trees_Farm,Z10,solar_pv,4.7,0.01,2376,24
Priest_Weston,Z13,solar_pv,1.0,0.01,2376,24
Horam,Z15,solar_pv,8.1,0.01,2376,24
Turves/Burtnhouse_Solar_Farm_Extension,Z12,solar_pv,4.7,0.01,2376,24
Coombe_Farm,Z17,solar_pv,8.0,0.01,2376,24
Higher_Hill_Farm_extension,Z17,solar_pv,1.5,0.01,2376,24
Mount_Farm,Z11,solar_pv,22.0,0.01,2376,24
Hafod_Y_Dafal_Farm,Z13,solar_pv,14.0,0.01,2376,24
Barr_Farm,Z11,solar_pv,1.8,0.01,2376,24
BAE_Samlesbury_Aerodrome,Z9,solar_pv,2.0,0.01,2376,24
Shoals_Hook_Farm,Z13,solar_pv,12.1,0.01,2376,24
Littlewood_Farm,Z11,solar_pv,14.0,0.01,2376,24
Cherry_Tree_Farm,Z10,solar_pv,5.0,0.01,2376,24
Lodge_Farm,Z12,solar_pv,2.4,0.01,2376,24
Bumpers_Farm_Phase_1,Z14,solar_pv,5.0,0.01,2376,24
Birch_Airfield,Z12,solar_pv,5.6,0.01,2376,24
Gaultney_Solar_Park,Z11,solar_pv,20.5,0.01,2376,24
Puriton_Landfill_Solar_Farm,Z17,solar_pv,11.4,0.01,2376,24
Hunciecroft_Farm,Z10,solar_pv,8.0,0.01,2376,24
Rolleston_Park_Farm,Z11,solar_pv,18.7,0.01,2376,24
Prestop_Park_Farm,Z11,solar_pv,16.0,0.01,2376,24
Yardwall_Manor,Z13,solar_pv,3.0,0.01,2376,24
Royston_Solar_Farm_Phase_1_a,Z12,solar_pv,5.0,0.01,2376,24
Bradenstoke_solar_park,Z13,solar_pv,69.8,0.01,2376,24
Deepdale_Farm,Z10,solar_pv,8.0,0.01,2376,24
Manor_Farm_Horton,Z11,solar_pv,5.0,0.01,2376,24
Penrhiwarwydd_Farm,Z13,solar_pv,8.5,0.01,2376,24
Nowhere_Farm,Z10,solar_pv,8.1,0.01,2376,24
Langar_Lane,Z10,solar_pv,10.0,0.01,2376,24
Pitchford,Z11,solar_pv,10.2,0.01,2376,24
Condover_Airfield,Z11,solar_pv,12.3,0.01,2376,24
Askern_Colliery_solar_farm,Z8,solar_pv,5.0,0.01,2376,24
Maesgwyn_solar_farm,Z13,solar_pv,7.5,0.01,2376,24
Church_Farm,Z14,solar_pv,6.2,0.01,2376,24
Folly_Farm,Z14,solar_pv,13.1,0.01,2376,24
Stowbridge_Farm___Extension_Phase_2,Z12,solar_pv,10.0,0.01,2376,24
Black_Peak_Farm,Z12,solar_pv,31.8,0.01,2376,24
"Jubilee_Farm,_Barnby_Moor",Z10,solar_pv,5.0,0.01,2376,24
Newnham_Estate,Z17,solar_pv,14.0,0.01,2376,24
Wambrook_Farm,Z17,solar_pv,4.1,0.01,2376,24
Gawcott_Fields_Farm,Z14,solar_pv,9.2,0.01,2376,24
Mount_Mill_Farm_,Z14,solar_pv,12.0,0.01,2376,24
Handley_Park_,Z11,solar_pv,5.0,0.01,2376,24
Tollgate_Farm,Z11,solar_pv,4.3,0.01,2376,24
North_Farm_Spetisbury,Z17,solar_pv,11.6,0.01,2376,24
Chapel_Lane_Parley_Solar_Farm_Phase_3,Z16,solar_pv,4.0,0.01,2376,24
GDL_Wymeswold_Solar_Farm/land_off_the_A6006,Z11,solar_pv,6.1,0.01,2376,24
Hillhouse_Farm,Z13,solar_pv,28.5,0.01,2376,24
Gib_Lane_Aston_Clinton_solar_park,Z14,solar_pv,24.2,0.01,2376,24
Outwood_Farm_Phase_1,Z14,solar_pv,5.0,0.01,2376,24
Raventhorpe_Farm,Z10,solar_pv,38.0,0.01,2376,24
Manor_Farm_Castle_Cary,Z17,solar_pv,1.8,0.01,2376,24
Maes_Bach_Farm,Z13,solar_pv,4.9,0.01,2376,24
Sheepbridge_Court_Farm,Z16,solar_pv,5.0,0.01,2376,24
Elton_solar_farm,Z10,solar_pv,5.0,0.01,2376,24
Cross_Roads_Plantation,Z16,solar_pv,5.0,0.01,2376,24
Munceys_Farm,Z12,solar_pv,31.6,0.01,2376,24
Luscott_Barton,Z17,solar_pv,13.0,0.01,2376,24
Kinmel_1_CIC,Z9,solar_pv,5.0,0.01,2376,24
Owls_Hatch_Road,Z15,solar_pv,48.0,0.01,2376,24
Wilbees_Farm_,Z16,solar_pv,5.0,0.01,2376,24
Winterbrook,Z16,solar_pv,1.2,0.01,2376,24
Welbeck_Solar_/_Hazel_Gap,Z10,solar_pv,16.0,0.01,2376,24
Homestead_Farm_Alderton,Z11,solar_pv,17.6,0.01,2376,24
Arna_Wood_Solar,Z9,solar_pv,6.2,0.01,2376,24
Knottingley_A,Z8,solar_pv,5.0,0.01,2376,24
Clayhill_Farm,Z14,solar_pv,10.0,0.01,2376,24
Paddock_Wood,Z15,solar_pv,9.2,0.01,2376,24
Wick_Farm_Burnham_on_Crouch,Z15,solar_pv,5.0,0.01,2376,24
Netherfield_Lane,Z10,solar_pv,19.7,0.01,2376,24
Upper_Meadowley_Farm,Z11,solar_pv,10.7,0.01,2376,24
Wick_Farm_Solar_Park,Z13,solar_pv,14.6,0.01,2376,24
High_Leas,Z10,solar_pv,6.5,0.01,2376,24
Atherstone,Z11,solar_pv,14.7,0.01,2376,24
The_Elms,Z11,solar_pv,10.4,0.01,2376,24
Hunters_Race_Solar_Park,Z16,solar_pv,9.3,0.01,2376,24
Parham_Airfield_Great_Glenham,Z12,solar_pv,17.5,0.01,2376,24
Chapel_Lane_Parley_Solar_Farm_Phase_1,Z16,solar_pv,20.0,0.01,2376,24
Welbeck_Colliery,Z10,solar_pv,11.3,0.01,2376,24
Priory_Farm,Z12,solar_pv,3.1,0.01,2376,24
Norrington_Common_Solar_Farm,Z13,solar_pv,10.0,0.01,2376,24
Hendre_Fawr_Farm,Z13,solar_pv,11.6,0.01,2376,24
Northmoor,Z17,solar_pv,5.0,0.01,2376,24
Manor_Farm___Shripney,Z16,solar_pv,5.0,0.01,2376,24
Chelwood_Solar_Farm,Z13,solar_pv,5.0,0.01,2376,24
Manor_Farm___Pertenhall,Z12,solar_pv,15.0,0.01,2376,24
Hardingham_Solar_Farm___extension,Z12,solar_pv,5.2,0.01,2376,24
Brooks_Farm_Solar_Park,Z14,solar_pv,8.0,0.01,2376,24
Christchurch_Energy,Z16,solar_pv,18.0,0.01,2376,24
Yarburgh_Grove_Farm,Z10,solar_pv,8.1,0.01,2376,24
Taplins_Farm_solar_park,Z16,solar_pv,5.9,0.01,2376,24
Homestead_Farm,Z16,solar_pv,10.7,0.01,2376,24
The_Kickles,Z14,solar_pv,5.0,0.01,2376,24
Eakring_Solar_Farm,Z10,solar_pv,11.9,0.01,2376,24
Egmanton_Solar_Farm_,Z10,solar_pv,14.2,0.01,2376,24
Branston_solar_park,Z10,solar_pv,18.9,0.01,2376,24
Golden_Hill,Z13,solar_pv,6.2,0.01,2376,24
Chapel_Hill,Z17,solar_pv,8.0,0.01,2376,24
Pen_Rhiw_Caradog,Z13,solar_pv,4.7,0.01,2376,24
Vine_Farm_Solar_Park,Z12,solar_pv,45.0,0.01,2376,24
Coombeshead_Solar_Farm,Z17,solar_pv,8.0,0.01,2376,24
Decoy_Farm,Z10,solar_pv,5.0,0.01,2376,24
Easington_Farm_Chalgrove,Z14,solar_pv,21.3,0.01,2376,24
Gelliwern_Isaf_Farm,Z13,solar_pv,6.0,0.01,2376,24
Sawmills_Solar_Farm,Z17,solar_pv,6.5,0.01,2376,24
Walland_Farm,Z17,solar_pv,5.0,0.01,2376,24
Weycock_Road,Z13,solar_pv,7.0,0.01,2376,24
Higher_Bye_Farm,Z17,solar_pv,6.8,0.01,2376,24
Cockhill_Solar_Farm,Z13,solar_pv,20.0,0.01,2376,24
Bentham_Farm,Z13,solar_pv,8.0,0.01,2376,24
Boscombe_Airfield,Z16,solar_pv,12.3,0.01,2376,24
Shotwick_Solar_Farm,Z9,solar_pv,72.2,0.01,2376,24
Winnards_Perch_Solar_Farm,Z17,solar_pv,3.8,0.01,2376,24
Lodge_Farm_Poulshot,Z13,solar_pv,14.5,0.01,2376,24
Glebe_Farm_Solar_Energy_Park,Z12,solar_pv,15.0,0.01,2376,24
Bryn_yr_Odyn_Solar_Farm,Z9,solar_pv,15.0,0.01,2376,24
Rhyd_y_Pandy_Solar_Farm,Z13,solar_pv,6.0,0.01,2376,24
Saron_Road_solar_park,Z13,solar_pv,6.7,0.01,2376,24
Tiln_Farm_solar_park,Z10,solar_pv,8.0,0.01,2376,24
Langford_Solar_Farm,Z12,solar_pv,13.0,0.01,2376,24
Stokes_Marsh_Farm,Z13,solar_pv,16.6,0.01,2376,24
West_Hall_Solar_Farm,Z13,solar_pv,7.0,0.01,2376,24
Stowbridge_Farm___Extension_Phase_1,Z12,solar_pv,10.0,0.01,2376,24
Bourne_Park_Solar,Z17,solar_pv,5.0,0.01,2376,24
Hall_Farm,Z11,solar_pv,5.1,0.01,2376,24
Brynteg_Farm,Z13,solar_pv,16.2,0.01,2376,24
Stonepit_Farm,Z11,solar_pv,5.0,0.01,2376,24
Yerbeston_Gate_Farm,Z13,solar_pv,6.1,0.01,2376,24
Grange_Farm_Lincolnshire,Z10,solar_pv,12.7,0.01,2376,24
Molehill_Farm,Z15,solar_pv,18.0,0.01,2376,24
Pashley_Farm,Z15,solar_pv,11.5,0.01,2376,24
Fiskerton_Airfield_Phase_1,Z10,solar_pv,12.0,0.01,2376,24
Hendai_Farm,Z13,solar_pv,13.4,0.01,2376,24
Bury_Lane_Fruit_Farm,Z12,solar_pv,24.0,0.01,2376,24
Marsh_Farm_Hilperton,Z13,solar_pv,9.1,0.01,2376,24
Ashlawn_Farm,Z13,solar_pv,6.8,0.01,2376,24
Cuckoo_Grove_Farm,Z13,solar_pv,6.1,0.01,2376,24
Gedling_Solar_Farm,Z10,solar_pv,5.7,0.01,2376,24
Bilsthorpe_Quarry_Solar_Park,Z10,solar_pv,4.8,0.01,2376,24
Littlebourne,Z15,solar_pv,17.0,0.01,2376,24
Wellingborough_Solar_Farm,Z11,solar_pv,8.5,0.01,2376,24
Baglan_Bay_Solar_Farm___Phase_1,Z13,solar_pv,5.0,0.01,2376,24
Gover_Farm_Solar_Park,Z17,solar_pv,8.0,0.01,2376,24
Kerriers_Solar_Park,Z17,solar_pv,9.6,0.01,2376,24
Hullavington_Solar_Park,Z13,solar_pv,7.0,0.01,2376,24
Crossness_Sewage_Works_PV,Z14,solar_pv,1.5,0.01,2376,24
Higher_Hill_Farm,Z17,solar_pv,5.0,0.01,2376,24
Manor_Farm_Keinton_Mandeville,Z17,solar_pv,1.0,0.01,2376,24
Walton_WTW_PV,Z14,solar_pv,1.8,0.01,2376,24
Wolseley_National_Distribution_Centre,Z11,solar_pv,2.0,0.01,2376,24
East_Midlands_Distribution_Centre,Z11,solar_pv,6.1,0.01,2376,24
Land_at_High_Point_Farm,Z11,solar_pv,4.5,0.01,2376,24
Land_at_Newlands_Farm,Z17,solar_pv,5.0,0.01,2376,24
Eckland_Lodge_Farm,Z11,solar_pv,2.9,0.01,2376,24
Caddington_Solar_Farm_Phase_2,Z14,solar_pv,5.0,0.01,2376,24
Montys_Farm,Z17,solar_pv,5.0,0.01,2376,24
Merston_Solar_Park,Z16,solar_pv,10.0,0.01,2376,24
Fambridge_Road/Canewdon_Road,Z15,solar_pv,5.0,0.01,2376,24
Roskrow_Farm,Z17,solar_pv,8.9,0.01,2376,24
Hale_Farm,Z16,solar_pv,8.0,0.01,2376,24
Pylle_Southern_solar_park_Lower_Easton_Farm,Z13,solar_pv,5.0,0.01,2376,24
Land_at_Darran_Farm,Z13,solar_pv,2.6,0.01,2376,24
Wisbech_Solar_Farm,Z12,solar_pv,3.5,0.01,2376,24
Rhug_Estate,Z9,solar_pv,1.2,0.01,2376,24
Snettisham_Solar_Farm,Z12,solar_pv,2.7,0.01,2376,24
West_Hill_Farm,Z17,solar_pv,2.4,0.01,2376,24
Cold_Harbour_Farm,Z8,solar_pv,5.0,0.01,2376,24
Land_at_Whatton_Road,Z11,solar_pv,1.5,0.01,2376,24
Upper_Wick_Solar_Farm,Z13,solar_pv,5.0,0.01,2376,24
Marshwood_Farm,Z17,solar_pv,1.8,0.01,2376,24
House_OHill_Solar_Farm,Z2,solar_pv,1.6,0.01,2376,24
Hawkers_Farm_,Z13,solar_pv,9.5,0.01,2376,24
Woodtown_Farm,Z16,solar_pv,3.8,0.01,2376,24
Land_at_Tangmere_Airfield,Z16,solar_pv,5.0,0.01,2376,24
Land_at_Coton_Park_Colliery,Z11,solar_pv,2.5,0.01,2376,24
Chapel_Farm,Z13,solar_pv,5.0,0.01,2376,24
Cairnmore_Solar_Park,Z2,solar_pv,3.8,0.01,2376,24
Bake_Farm_Solar_Farm,Z16,solar_pv,5.0,0.01,2376,24
Thompson_House_Equestrian_farm,Z9,solar_pv,5.0,0.01,2376,24
Red_Hill_Farm,Z17,solar_pv,4.8,0.01,2376,24
Stoneshill_Farm_,Z17,solar_pv,5.0,0.01,2376,24
Carlam_Hill_Education_CIC,Z8,solar_pv,5.0,0.01,2376,24
Caldecote_Manor_Farm,Z12,solar_pv,5.0,0.01,2376,24
Crundale_/_Fenton_Home_Farm_extension,Z13,solar_pv,5.9,0.01,2376,24
Fieldscale,Z16,solar_pv,10.6,0.01,2376,24
Iwade_Solar_Farm,Z15,solar_pv,1.7,0.01,2376,24
Kingsland_Barton_Solar_Farm_,Z17,solar_pv,5.0,0.01,2376,24
Lee_Moor_China_Clay_Works,Z17,solar_pv,9.5,0.01,2376,24
Littleton,Z17,solar_pv,12.1,0.01,2376,24
Lount_solar_farm,Z11,solar_pv,2.8,0.01,2376,24
New_Mains_Of_Guynd_Farm,Z2,solar_pv,10.0,0.01,2376,24
Orchard_Farm,Z15,solar_pv,10.0,0.01,2376,24
Salford_Lodge,Z11,solar_pv,5.0,0.01,2376,24
The_Grange,Z13,solar_pv,8.0,0.01,2376,24
Tiddiecross_Solar_Farm,Z11,solar_pv,10.5,0.01,2376,24
Tooleys_Farm,Z12,solar_pv,5.3,0.01,2376,24
Trickey_Warren,Z17,solar_pv,4.8,0.01,2376,24
Twemlows,Z9,solar_pv,10.0,0.01,2376,24
Tyddyn_Cae_Nefyn,Z9,solar_pv,4.9,0.01,2376,24
Abbots_Ann,Z16,solar_pv,7.0,0.01,2376,24
Margate_Solar_Farm,Z17,solar_pv,3.0,0.01,2376,24
Laceby_Solar_Farm,Z10,solar_pv,27.1,0.01,2376,24
Land_East_of_White_Horse_Lane,Z12,solar_pv,5.0,0.01,2376,24
Westfield_Farm,Z9,solar_pv,5.0,0.01,2376,24
West_Woodlands_,Z13,solar_pv,5.0,0.01,2376,24
Mendennick_Farm_,Z17,solar_pv,2.8,0.01,2376,24
Cockett_Valley,Z13,solar_pv,4.0,0.01,2376,24
Rampisham_North,Z17,solar_pv,5.0,0.01,2376,24
Severn_Road_Solar_Park,Z13,solar_pv,1.8,0.01,2376,24
Land_at_Sutor_Farm,Z17,solar_pv,5.0,0.01,2376,24
Land_North_East_Of_Penrose_Far,Z17,solar_pv,1.5,0.01,2376,24
Land_At_Ferry_Farm,Z16,solar_pv,10.0,0.01,2376,24
Land_at_Brookbarn_Farm,Z16,solar_pv,3.0,0.01,2376,24
Field_at_School_Aycliffe_Lane,Z7,solar_pv,5.0,0.01,2376,24
Capel_Grange_Solar_Park,Z15,solar_pv,6.6,0.01,2376,24
Pentre_farm,Z13,solar_pv,5.5,0.01,2376,24
Land_At_Rymes_Farm_Phase_1,Z13,solar_pv,6.9,0.01,2376,24
Llancadle_Farm,Z13,solar_pv,5.0,0.01,2376,24
Land_At_Rymes_Farm_Phase_2/Grange_Solar_Farm,Z13,solar_pv,6.8,0.01,2376,24
Trowle_Common,Z13,solar_pv,5.0,0.01,2376,24
Canopus_Farm,Z10,solar_pv,5.0,0.01,2376,24
Land_At_Guston_Court_Farm,Z15,solar_pv,5.0,0.01,2376,24
Pressock_Farm,Z2,solar_pv,5.0,0.01,2376,24
Rufford_Lane,Z10,solar_pv,2.6,0.01,2376,24
Land_to_the_north_and_south_of_Cakers_Lane_Wilsom,Z16,solar_pv,11.0,0.01,2376,24
Collacott_Farm,Z17,solar_pv,4.5,0.01,2376,24
Tonedale_Farm,Z17,solar_pv,5.0,0.01,2376,24
Lindridge_Farm,Z11,solar_pv,5.0,0.01,2376,24
Abbots_Ripton_Solar_Farm_ext.,Z12,solar_pv,3.9,0.01,2376,24
Fleetwood_Water_Treatment_Works,Z9,solar_pv,1.3,0.01,2376,24
Triangle_Solar_Farm_Park,Z12,solar_pv,12.0,0.01,2376,24
Land_at_Lower_House_Farm,Z13,solar_pv,8.1,0.01,2376,24
Aldi_Distribution_Centre,Z5,solar_pv,1.3,0.01,2376,24
Bromfield_Sand_and_Gravel,Z13,solar_pv,0.5,0.01,2376,24
Land_at_Heywood_Grange,Z11,solar_pv,8.4,0.01,2376,24
Ravens_Close,Z7,solar_pv,5.0,0.01,2376,24
Forest_Farm,Z16,solar_pv,3.0,0.01,2376,24
Land_West_of_Roberts_Wall_Far,Z13,solar_pv,2.5,0.01,2376,24
Drayton_Manor_Farm,Z11,solar_pv,25.0,0.01,2376,24
Somersal_Mill_Farm,Z11,solar_pv,2.6,0.01,2376,24
Land_Opposite_Tyn_Y_Pistyll,Z9,solar_pv,5.0,0.01,2376,24
Land_South_of_Highfield_House,Z8,solar_pv,5.0,0.01,2376,24
Rhewl_Farm,Z13,solar_pv,6.0,0.01,2376,24
Land_at_Dayfields_Farm,Z11,solar_pv,4.7,0.01,2376,24
MMD_Shipping_Services,Z16,solar_pv,1.2,0.01,2376,24
Newton_Margate,Z17,solar_pv,1.5,0.01,2376,24
Eveley_Farm_,Z16,solar_pv,49.0,0.01,2376,24
Court_Farm_,Z13,solar_pv,8.5,0.01,2376,24
Green_Farm,Z12,solar_pv,5.0,0.01,2376,24
Home_Farm,Z13,solar_pv,6.7,0.01,2376,24
Land_at_Thornborough_Grounds,Z14,solar_pv,5.0,0.01,2376,24
Port_of_Barry____Site_1,Z13,solar_pv,4.5,0.01,2376,24
Southern_Counties_Shooting_Ground_Phase_1_,Z17,solar_pv,9.0,0.01,2376,24
Fanny_House_Farm,Z9,solar_pv,5.0,0.01,2376,24
Chard_Solar_Park,Z17,solar_pv,3.0,0.01,2376,24
Marshborough_Farm_solar_park_,Z15,solar_pv,5.0,0.01,2376,24
Fiskerton_Airfield_Phase_2,Z10,solar_pv,22.0,0.01,2376,24
"Langley_Priory,_Walnut_Yard_Phase_2",Z11,solar_pv,6.2,0.01,2376,24
Bluegates_Solar_Park,Z12,solar_pv,10.5,0.01,2376,24
Land_To_The_East_Of_Back_Lane,Z10,solar_pv,5.0,0.01,2376,24
Axe_View_Solar_Farm,Z17,solar_pv,5.0,0.01,2376,24
Land_at_Fell_View_Farm_Phase_1,Z9,solar_pv,4.2,0.01,2376,24
South_of_Henley_Hall,Z13,solar_pv,5.0,0.01,2376,24
Place_Barton_Farm,Z17,solar_pv,4.9,0.01,2376,24
Lower_Stanley_Farm,Z13,solar_pv,4.0,0.01,2376,24
Land_Parcel_North_of_Goddards,Z16,solar_pv,5.0,0.01,2376,24
"Ld_At_Lawrence_End_Park_&,_Dane_Street",Z14,solar_pv,5.0,0.01,2376,24
"Gravel_Works,_Wasing_Estate",Z16,solar_pv,5.0,0.01,2376,24
Drakelow_Solar_Farm,Z11,solar_pv,5.0,0.01,2376,24
Land_at_Five_Oaks_Farm,Z16,solar_pv,5.0,0.01,2376,24
Knolton_Farmhouse_Cheese_Solar_Farm,Z9,solar_pv,1.0,0.01,2376,24
Blakenhall_Park_Solar_Farm,Z11,solar_pv,1.8,0.01,2376,24
Grantham_Solar_Farm,Z10,solar_pv,5.0,0.01,2376,24
Agricultural_Land_at_Trecastle,Z13,solar_pv,4.0,0.01,2376,24
Sharland_Solar_Farm,Z17,solar_pv,2.8,0.01,2376,24
Short_Hazel_Solar_Farm,Z11,solar_pv,5.0,0.01,2376,24
Mill_Hill_Farm,Z8,solar_pv,5.0,0.01,2376,24
"Little_Irchester,_Higham_Road_Solar_Farm",Z11,solar_pv,4.6,0.01,2376,24
Land_North_of_Chiltern_Greeen,Z14,solar_pv,5.0,0.01,2376,24
Bilsborrow_Solar_Farm,Z9,solar_pv,5.0,0.01,2376,24
Hill_Farm,Z11,solar_pv,5.0,0.01,2376,24
Padleywood_Farm,Z11,solar_pv,5.0,0.01,2376,24
Tiln_Farm_Retford_extension,Z10,solar_pv,1.7,0.01,2376,24
Tower_Hayes_Farm,Z11,solar_pv,5.0,0.01,2376,24
Sheriffhales_Solar_Farm,Z11,solar_pv,8.2,0.01,2376,24
Land_Adjacent_Claypits_Farm_a,Z12,solar_pv,5.0,0.01,2376,24
Land_Adjacent_Claypits_Farm_b_Birch_Estate,Z12,solar_pv,2.3,0.01,2376,24
Fferm_Bryn_Bachau,Z9,solar_pv,4.4,0.01,2376,24
Scottow_Moor___RAF_Coltishall_Solar_Farm_Phase_2,Z12,solar_pv,17.9,0.01,2376,24
West_Carclaze_Solar_Farm,Z17,solar_pv,6.5,0.01,2376,24
Flixborough_Industrial_Estate,Z8,solar_pv,5.0,0.01,2376,24
Land_adjacent_to_Church_Road,Z13,solar_pv,3.5,0.01,2376,24
Lady_Hole_Farm,Z11,solar_pv,3.0,0.01,2376,24
Land_at_Christs_Hospital_School,Z16,solar_pv,1.1,0.01,2376,24
Creswell_Solar_Park_,Z10,solar_pv,5.0,0.01,2376,24
Pollington_Solar_Farm,Z8,solar_pv,5.0,0.01,2376,24
Land_NW_Of_Pickhill_Bridge_Farm,Z9,solar_pv,3.6,0.01,2376,24
Moneystone_Quarry_Solar_Farm,Z11,solar_pv,5.0,0.01,2376,24
Pingry_Farm___Phase_2,Z13,solar_pv,3.4,0.01,2376,24
Kenninghall_Solar_/_Hazeldick_Solar,Z12,solar_pv,8.0,0.01,2376,24
Wogaston_Solar_Farm,Z17,solar_pv,5.3,0.01,2376,24
Crugmore_Farm,Z13,solar_pv,6.4,0.01,2376,24
Rydon_Farm,Z17,solar_pv,12.0,0.01,2376,24
"Solar_farm_at_land_at_The_Willows,_Uttoxeter",Z11,solar_pv,6.4,0.01,2376,24
Highwood_Lane,Z16,solar_pv,5.0,0.01,2376,24
Yorkley_Solar_Park,Z13,solar_pv,5.0,0.01,2376,24
Solar_Farm_at_Fields_Farm_Phase_1,Z11,solar_pv,5.0,0.01,2376,24
Land_at_Beech_Farm,Z13,solar_pv,4.6,0.01,2376,24
Aberporth_Solar_Farm,Z13,solar_pv,1.5,0.01,2376,24
Hoplass_Farm,Z17,solar_pv,10.0,0.01,2376,24
Chelveston_Renewable_Energy_Park___Solar_Extension,Z12,solar_pv,19.5,0.01,2376,24
Grove_Solar_Park_Phase_1,Z16,solar_pv,5.0,0.01,2376,24
Fell_View_Farm_Phase_2,Z9,solar_pv,2.9,0.01,2376,24
Land_At_Chiddinglye_Farm,Z16,solar_pv,5.0,0.01,2376,24
Land_of_coal_pit_lane,Z8,solar_pv,5.0,0.01,2376,24
Huntingfield_Solar_Farm,Z12,solar_pv,4.4,0.01,2376,24
Astley_Solar_Farm,Z11,solar_pv,5.0,0.01,2376,24
Majors_Hill/Turners_Hill_Solar_Farm,Z16,solar_pv,1.1,0.01,2376,24
Land_South_Of_Bryn_Cyrnau_Isaf,Z13,solar_pv,5.9,0.01,2376,24
Ashby_Solar_Farm_a,Z11,solar_pv,5.0,0.01,2376,24
Cirencester_Solar_Farm,Z13,solar_pv,23.0,0.01,2376,24
Land_South_of_Knock_Lane,Z11,solar_pv,4.0,0.01,2376,24
Land_south_of_Brick_Kiln_Road,Z12,solar_pv,5.0,0.01,2376,24
Averhill_Farm,Z11,solar_pv,5.0,0.01,2376,24
Morton_House_Marchington,Z11,solar_pv,6.2,0.01,2376,24
Biglis_Farm,Z13,solar_pv,5.0,0.01,2376,24
Milborne_Port_Solar_Farm,Z17,solar_pv,4.2,0.01,2376,24
Land_At_Cwm_Bargoed,Z13,solar_pv,5.0,0.01,2376,24
Land_South_Off_Ollerton_Road,Z10,solar_pv,4.2,0.01,2376,24
Land_At_Swanland_Road,Z14,solar_pv,5.0,0.01,2376,24
Rookery_Business_Park,Z12,solar_pv,5.0,0.01,2376,24
Land_North_of_Sandhutton_Lane,Z8,solar_pv,5.0,0.01,2376,24
"Land_West_Of_Hunger_Hill_Farm
",Z7,solar_pv,5.0,0.01,2376,24
Land_East_Of_Honeysome_Road,Z12,solar_pv,4.6,0.01,2376,24
Salford_Road_Solar_Farm_,Z9,solar_pv,2.2,0.01,2376,24
Ld_NW_Of_Ratcliffe_House_Farm,Z11,solar_pv,3.5,0.01,2376,24
"Land_at_Woodhouse_Farm___________
",Z8,solar_pv,5.0,0.01,2376,24
"Parklands_________
",Z13,solar_pv,4.6,0.01,2376,24
Amcor_Flexibles,Z13,solar_pv,1.7,0.01,2376,24
Waterditch_Solar_Farm,Z16,solar_pv,18.0,0.01,2376,24
Land_Off_Ingarsby_Lane,Z11,solar_pv,2.1,0.01,2376,24
Nissan_Test_Track,Z7,solar_pv,4.8,0.01,2376,24
Cooper_House_Farm,Z9,solar_pv,5.0,0.01,2376,24
Land_at_Pollington_Airfield,Z8,solar_pv,5.0,0.01,2376,24
"Land_at_Poles_Hole_Farm_____
",Z13,solar_pv,6.8,0.01,2376,24
"Staining_Wood_Farm
",Z9,solar_pv,4.9,0.01,2376,24
"Land_between_Orton_Park_Farm____
",Z7,solar_pv,6.4,0.01,2376,24
"Site_To_North_East_Of,_Lochcraigs_Farm
",Z5,solar_pv,5.0,0.01,2376,24
"West_Mains_of_Kinblethmont_
",Z2,solar_pv,5.0,0.01,2376,24
"Land_West_Side_of_Axe_and_Cleaver_Lane_
",Z13,solar_pv,5.0,0.01,2376,24
"Land_To_The_North_Of_Moor_Farm_______
",Z9,solar_pv,3.8,0.01,2376,24
Henley_Solar_Farm,Z13,solar_pv,6.5,0.01,2376,24
Crown_Farm,Z11,solar_pv,6.0,0.01,2376,24
Eaglescliffe_Solar_Farm,Z7,solar_pv,5.0,0.01,2376,24
Tyddyn_Gwyn_Gelli_Gron_Farm,Z9,solar_pv,3.8,0.01,2376,24
Thornton_Lane,Z11,solar_pv,2.7,0.01,2376,24
Penycae_Solar_Farm,Z9,solar_pv,5.0,0.01,2376,24
Land_at_Ingles_Hill_Farm,Z11,solar_pv,3.0,0.01,2376,24
"Southbrook_Solar_Farm________________
",Z13,solar_pv,5.0,0.01,2376,24
Green_Croft_Solar_Farm,Z7,solar_pv,5.0,0.01,2376,24
Upper_Pant_Ysgawen_Farm/Crumlin,Z13,solar_pv,4.9,0.01,2376,24
Land_at_Oxcroft_Stocking_Ground,Z10,solar_pv,4.0,0.01,2376,24
West_Strathore_Solar_Limited,Z5,solar_pv,5.0,0.01,2376,24
Land_at_Meadow_Farm,Z11,solar_pv,5.0,0.01,2376,24
Hungerford_Farm,Z16,solar_pv,5.0,0.01,2376,24
Land_at_Morfa_Camp,Z9,solar_pv,2.8,0.01,2376,24
Land_South_of_Pogmore_Spinney,Z11,solar_pv,5.0,0.01,2376,24
Abbey_Fields_Farm,Z15,solar_pv,5.3,0.01,2376,24
Ernesettle_Solar_Farm,Z17,solar_pv,4.1,0.01,2376,24
SPF_Thirty_Acres_Farm,Z10,solar_pv,3.8,0.01,2376,24
Killan_Farm_Solar_Array_Extens,Z13,solar_pv,1.0,0.01,2376,24
Land_East_of_Appleton_Farm,Z8,solar_pv,5.0,0.01,2376,24
Land_At_Debdale_Lane,Z10,solar_pv,5.0,0.01,2376,24
Land_at_Ash_Row_Farm,Z8,solar_pv,5.0,0.01,2376,24
Land_at_Stripe_Farm,Z7,solar_pv,5.0,0.01,2376,24
Land_at_Bolsover_Moor_Quarry,Z10,solar_pv,5.0,0.01,2376,24
Land_To_The_North_Of_Dairy_House_Farm,Z9,solar_pv,3.4,0.01,2376,24
Pennington_Recycling_Centre,Z16,solar_pv,1.2,0.01,2376,24
Goosehall_Solar_Farm,Z12,solar_pv,39.5,0.01,2376,24
Land_west_of_Welton_Road,Z7,solar_pv,4.4,0.01,2376,24
Twin_Yards_Solar_Farm,Z10,solar_pv,5.0,0.01,2376,24
Land_of_Green_Lane,Z11,solar_pv,5.8,0.01,2376,24
Land_At__Actrees_Farm,Z13,solar_pv,5.0,0.01,2376,24
Land_at_Bowden_Lane,Z17,solar_pv,5.0,0.01,2376,24
Land_at_Stalbridge_Park,Z17,solar_pv,5.0,0.01,2376,24
Frog's_Loke_Solar_Farm,Z12,solar_pv,5.0,0.01,2376,24
Manmoel_Road_Solar_Park,Z13,solar_pv,4.1,0.01,2376,24
Huntspill_Level_Solar_Park,Z17,solar_pv,5.5,0.01,2376,24
Land_at_Box_Road,Z13,solar_pv,2.2,0.01,2376,24
Low_Farm_Solar_Array,Z10,solar_pv,20.0,0.01,2376,24
Land_south_of_Wood_Lane_Safeguard_Bradwell,Z9,solar_pv,5.0,0.01,2376,24
Newton_Downs_Farm,Z17,solar_pv,5.0,0.01,2376,24
Bunn's_Hill_Solar_Park,Z12,solar_pv,5.0,0.01,2376,24
Rushmoor_Lane_Farm_Cheshire_Coppice,Z11,solar_pv,5.0,0.01,2376,24
Fullenton_Solar_Farm,Z16,solar_pv,4.2,0.01,2376,24
Cwm_Derwyn_Farm,Z13,solar_pv,5.0,0.01,2376,24
Land_to_the_west_of_Ashfordby_Business_Park,Z11,solar_pv,3.5,0.01,2376,24
Glebe_Farm_Solar_Farm_,Z13,solar_pv,32.0,0.01,2376,24
York_Solar_Farm,Z8,solar_pv,34.7,0.01,2376,24
Land_Off_Folly_Lane,Z10,solar_pv,5.0,0.01,2376,24
Land_At_Bake_Farm,Z17,solar_pv,5.0,0.01,2376,24
Land_To_The_South_Of_Todderstaffe,Z9,solar_pv,4.5,0.01,2376,24
Strettington_Solar_Farm,Z16,solar_pv,5.0,0.01,2376,24
Cressing_Solar_Farm_Phase_1,Z12,solar_pv,5.0,0.01,2376,24
Land_north_of_Ashton_Road,Z13,solar_pv,4.0,0.01,2376,24
Parc_Cynog,Z13,solar_pv,5.0,0.01,2376,24
Albrighton_Solar_farm,Z11,solar_pv,15.8,0.01,2376,24
Clapton_Farm_Solar_Park,Z17,solar_pv,5.0,0.01,2376,24
Galton_Manor_Solar_Park,Z17,solar_pv,5.0,0.01,2376,24
Wormit_Solar_Farm,Z3,solar_pv,4.0,0.01,2376,24
The_Breck,Z10,solar_pv,5.0,0.01,2376,24
North_Tenement,Z13,solar_pv,5.0,0.01,2376,24
Cwrt_Henllys_Farm,Z13,solar_pv,5.0,0.01,2376,24
Land_at_Wreay,Z7,solar_pv,5.0,0.01,2376,24
Common_Farm,Z13,solar_pv,4.8,0.01,2376,24
Fields_Farm_Agden,Z9,solar_pv,5.0,0.01,2376,24
Land_at_Hill_Farm,Z11,solar_pv,1.2,0.01,2376,24
Land_to_North_West_of_Lodge_Farm_Park_Farm,Z13,solar_pv,4.0,0.01,2376,24
Seaton_Road_Solar_Farm,Z11,solar_pv,4.0,0.01,2376,24
Wick_Lane_Solar_Ltd,Z13,solar_pv,2.8,0.01,2376,24
Otherton_Farm,Z11,solar_pv,4.0,0.01,2376,24
Nanthenfoel_Farms,Z13,solar_pv,5.0,0.01,2376,24
Land_at_Green_Farm,Z13,solar_pv,1.0,0.01,2376,24
West_Venn_Solar_Farm_,Z17,solar_pv,5.0,0.01,2376,24
Corntown_Farm,Z13,solar_pv,3.4,0.01,2376,24
Wally_Corner_Landfill_Site,Z14,solar_pv,7.0,0.01,2376,24
Land_North_of_the_Wood_at_Averill_Farm,Z11,solar_pv,5.0,0.01,2376,24
Sudforth_Lane_Kellingley_Solar_Farm,Z8,solar_pv,5.0,0.01,2376,24
Berthlwyd_Farm,Z13,solar_pv,5.0,0.01,2376,24
Pinguin_Foods,Z10,solar_pv,1.5,0.01,2376,24
Land_East_of_Lawn_Lane,Z11,solar_pv,5.0,0.01,2376,24
Land_off_Ford_Lane,Z15,solar_pv,4.7,0.01,2376,24
Woodhouse_Fields_Farm,Z11,solar_pv,5.0,0.01,2376,24
Land_off_Hooklands_Lane,Z16,solar_pv,5.0,0.01,2376,24
High_Dyke_Mill_Farm,Z10,solar_pv,5.0,0.01,2376,24
Land_West_of_Parsonage_Wood,Z17,solar_pv,4.2,0.01,2376,24
Land_at_Oldstone_Farm,Z17,solar_pv,5.0,0.01,2376,24
Shortheath_Solar_Park,Z11,solar_pv,5.0,0.01,2376,24
Holtwood_Farm,Z11,solar_pv,5.0,0.01,2376,24
Nectar_Way_Regional_Distribution_Centre,Z11,solar_pv,1.0,0.01,2376,24
Gib_Lane_Solar_farm_Extension,Z14,solar_pv,5.0,0.01,2376,24
Land_east_of_Littledown_Business_Park,Z16,solar_pv,6.2,0.01,2376,24
Lyreco___Telford_Distribution_Centre,Z11,solar_pv,3.8,0.01,2376,24
Port_of_Barry____Site_2,Z13,solar_pv,5.0,0.01,2376,24
Holly_Farm_Solar_Park,Z17,solar_pv,5.0,0.01,2376,24
Worsted_Farm,Z14,solar_pv,5.0,0.01,2376,24
Basin_Bridge_Farm,Z11,solar_pv,5.0,0.01,2376,24
B&Q_Swindon_DC,Z13,solar_pv,2.5,0.01,2376,24
Stragglethorpe_Road_farm,Z10,solar_pv,5.0,0.01,2376,24
Land_at_Bluehouse_Farm,Z7,solar_pv,5.0,0.01,2376,24
Potters_Bar_Solar_Farm,Z14,solar_pv,5.0,0.01,2376,24
Stob_House_Farm,Z7,solar_pv,4.9,0.01,2376,24
Granville_Road_Solar_Farm,Z11,solar_pv,5.0,0.01,2376,24
Mamhilad_Solar_Farm,Z13,solar_pv,5.0,0.01,2376,24
Lower_Venn_Farm,Z13,solar_pv,5.0,0.01,2376,24
Littlewood_Lane_Solar,Z10,solar_pv,5.0,0.01,2376,24
Peterlee_Solar_Farm,Z7,solar_pv,5.0,0.01,2376,24
Land_On_The_East_Side_Of_Fosse_Way,Z11,solar_pv,10.0,0.01,2376,24
Briar_Solar_Farm,Z12,solar_pv,1.9,0.01,2376,24
Bent_Spur_Solar_Farm,Z9,solar_pv,5.0,0.01,2376,24
Blaby_Solar_Farm,Z11,solar_pv,3.5,0.01,2376,24
Bilsthorpe_Land_off_Forest_Lane,Z10,solar_pv,5.0,0.01,2376,24
Godley_Water_Treatment_Works,Z9,solar_pv,3.0,0.01,2376,24
Greaves_Solar_Farm,Z7,solar_pv,5.0,0.01,2376,24
Balhearty_Solar,Z3,solar_pv,5.0,0.01,2376,24
Weddington_Farm,Z11,solar_pv,2.1,0.01,2376,24
Middle_Balbeggie,Z5,solar_pv,5.0,0.01,2376,24
Widehurst_Farm,Z15,solar_pv,5.0,0.01,2376,24
Screwfix_Direct,Z11,solar_pv,2.5,0.01,2376,24
Land_at_Biggin_Lane,Z12,solar_pv,5.0,0.01,2376,24
Land_at_Barnham,Z16,solar_pv,1.0,0.01,2376,24
Ebnal_Lodge_,Z9,solar_pv,5.0,0.01,2376,24
Southill_Solar_,Z11,solar_pv,4.5,0.01,2376,24
"Carver_Hay,_moss_lane",Z9,solar_pv,2.5,0.01,2376,24
St_Helen's_Lane,Z6,solar_pv,5.0,0.01,2376,24
Avonmouth,Z13,solar_pv,4.2,0.01,2376,24
Newport_Began_Road,Z13,solar_pv,4.9,0.01,2376,24
Land_to_the_south_of_Hill_Farm_,Z11,solar_pv,6.8,0.01,2376,24
Mill_Farm_,Z14,solar_pv,5.0,0.01,2376,24
Southern_Counties_Shooting_Ground_Phase_2_,Z17,solar_pv,5.0,0.01,2376,24
Parkhill_Solar_Farm,Z2,solar_pv,5.0,0.01,2376,24
Dura_Park_Bynea_Industrial_Site,Z13,solar_pv,1.4,0.01,2376,24
Brook_Hall_Farm_,Z13,solar_pv,4.7,0.01,2376,24
Land_off_Moss_Side_Lane_,Z9,solar_pv,5.0,0.01,2376,24
Barvills_Solar_Farm_,Z15,solar_pv,5.0,0.01,2376,24
Cairnmore_Solar_Park_extension,Z2,solar_pv,1.2,0.01,2376,24
London_Southend_Airport_,Z15,solar_pv,2.5,0.01,2376,24
Thameside_DC,Z14,solar_pv,1.0,0.01,2376,24
Moss_Thorn_Farm,Z7,solar_pv,5.8,0.01,2376,24
Caergarw_Farm,Z13,solar_pv,3.8,0.01,2376,24
Rolls_Royce_Filton_Campus_Building_184,Z13,solar_pv,1.4,0.01,2376,24
Rolls_Royce_Filton_Campus_Building_185,Z13,solar_pv,1.8,0.01,2376,24
ParkerSteel_Shoreham_Plant,Z16,solar_pv,1.8,0.01,2376,24
Bourne_Farm,Z17,solar_pv,2.4,0.01,2376,24
Londons_Queen_Elizabeth_II_reservoir,Z14,solar_pv,6.3,0.01,2376,24
Barnfield_Solar_Park,Z13,solar_pv,2.5,0.01,2376,24
Popehill_Farm,Z13,solar_pv,5.0,0.01,2376,24
Waltham_Point_Distribution_Centre,Z14,solar_pv,1.8,0.01,2376,24
Knottingley_B,Z8,solar_pv,2.4,0.01,2376,24
Western_International_Market,Z14,solar_pv,1.7,0.01,2376,24
Land_East_of_Horton_Road_,Z11,solar_pv,4.9,0.01,2376,24
Salford_Road,Z9,solar_pv,1.6,0.01,2376,24
Grove_Solar_Park_Phase_2,Z16,solar_pv,11.0,0.01,2376,24
Williams_Farm,Z9,solar_pv,5.0,0.01,2376,24
Kirton_Solar_PV_Farm,Z10,solar_pv,3.2,0.01,2376,24
Bury_Green_Farm_Solar,Z12,solar_pv,5.0,0.01,2376,24
Misson_Solar_Farm,Z10,solar_pv,5.0,0.01,2376,24
Lancaster_Wastewater_Treatment_Works,Z9,solar_pv,1.2,0.01,2376,24
Whitman_Laboratories,Z16,solar_pv,1.0,0.01,2376,24
Binsted_Farm,Z16,solar_pv,5.0,0.01,2376,24
Oakfield_Farm,Z9,solar_pv,5.0,0.01,2376,24
Oakfield_Farm___extension,Z9,solar_pv,1.7,0.01,2376,24
Former_Westhampnett_Landfill,Z16,solar_pv,7.5,0.01,2376,24
Bentley_Motors,Z9,solar_pv,2.9,0.01,2376,24
DPD_Distribution_Centre,Z11,solar_pv,1.0,0.01,2376,24
Bywaters_Materials_Recovery_Facility_Solar_Array,Z14,solar_pv,1.0,0.01,2376,24
High_Meadow_Farm,Z7,solar_pv,4.0,0.01,2376,24
Deep_Moor_Landfill_Site_,Z17,solar_pv,2.0,0.01,2376,24
Testwood_Water_Supply_Works,Z16,solar_pv,1.9,0.01,2376,24
Rosedew_Farm,Z13,solar_pv,5.0,0.01,2376,24
Dengemarsh_Road,Z15,solar_pv,1.0,0.01,2376,24
Haigh_Hall_Solar_Farm_,Z8,solar_pv,5.0,0.01,2376,24
Next_Distribution_Centre_Doncaster,Z8,solar_pv,2.5,0.01,2376,24
Llanwern_Solar_Farm_&_Battery_Storage,Z13,solar_pv,75.0,0.01,2376,24
Sytchwythy_Fields,Z11,solar_pv,1.4,0.01,2376,24
Clifton_Marsh_Wastewater_Treatment_Works,Z9,solar_pv,1.3,0.01,2376,24
Ling_Hall,Z11,solar_pv,7.0,0.01,2376,24
Sherburn,Z8,solar_pv,5.0,0.01,2376,24
Aldi___Cardiff,Z13,solar_pv,1.5,0.01,2376,24
Oak_Grove_Farm,Z13,solar_pv,5.7,0.01,2376,24
Lathom_Pilkington_Technical_Centre,Z9,solar_pv,2.5,0.01,2376,24
Stormy_Down_Solar_Farm,Z13,solar_pv,3.8,0.01,2376,24
Huntington_Water_Treatment_Works,Z9,solar_pv,7.2,0.01,2376,24
Creacombe_Solar_Farm,Z17,solar_pv,7.3,0.01,2376,24
Cranfield_Airfield,Z14,solar_pv,1.0,0.01,2376,24
Lamby_Way_Solar_Farm,Z13,solar_pv,8.9,0.01,2376,24
Chamber_16_Cold_Store,Z12,solar_pv,1.2,0.01,2376,24
Saputo_Dairy_UK,Z17,solar_pv,4.2,0.01,2376,24
Tilbury_LCY2,Z14,solar_pv,4.0,0.01,2376,24
Dunfermline_EDI4,Z5,solar_pv,1.9,0.01,2376,24
"Building_F,_Renishaw_Factory",Z13,solar_pv,0.2,0.01,2376,24
Finmont_Service_Reservoir,Z3,solar_pv,0.3,0.01,2376,24
Renishaw_PLC_Factory,Z13,solar_pv,0.8,0.01,2376,24
Burneside_Mill,Z7,solar_pv,0.5,0.01,2376,24
Leeways,Z13,solar_pv,0.5,0.01,2376,24
Field_north_of_Water_Treatment_Works_/_Hoggs_Drove,Z12,solar_pv,1.0,0.01,2376,24
Pretoria_Road,Z11,solar_pv,4.9,0.01,2376,24
Bolton_Hill_WTW,Z13,solar_pv,0.5,0.01,2376,24
Moog_Controls_Factory,Z13,solar_pv,0.38,0.01,2376,24
Carn_Nicholas_Farm_Extension,Z13,solar_pv,10.0,0.01,2376,24
Unipres_building,Z7,solar_pv,4.9,0.01,2376,24
Tesco_Wombwell_Lane,Z8,solar_pv,0.2,0.01,2376,24
Tesco_Superstore_Shripney_Road,Z16,solar_pv,0.2,0.01,2376,24
Tesco_Lottbridge_Drove,Z15,solar_pv,0.2,0.01,2376,24
Tesco_Super_Store_Bridge_Road,Z15,solar_pv,0.4,0.01,2376,24
The_Hazeley_Academy,Z14,solar_pv,0.2,0.01,2376,24
Tesco_Extra_Hazelmere,Z15,solar_pv,0.4,0.01,2376,24
Amazon_Omega_Business_Park,Z9,solar_pv,1.5,0.01,2376,24
Iron_Mountain_Site,Z14,solar_pv,0.3,0.01,2376,24
Tesco_Crab_Tree_Lane,Z9,solar_pv,0.5,0.01,2376,24
Streetfield_Farm,Z11,solar_pv,18.3,0.01,2376,24
Iron_Mountain_Building,Z5,solar_pv,0.3,0.01,2376,24
St_Margarets_Bay,Z5,solar_pv,0.2,0.01,2376,24
Lamp_Hill_Wimpole_Estate,Z12,solar_pv,0.4,0.01,2376,24
Ainsdale_Wastewater_Treatment_Works,Z9,solar_pv,0.3,0.01,2376,24
Lochaber_High_School_Resubmission,Z1_4,solar_pv,0.3,0.01,2376,24
Perth_Wastewater_Treatment_Works,Z3,solar_pv,0.4,0.01,2376,24
TF_and_JH_Braime_Holdings_Factory,Z8,solar_pv,0.2,0.01,2376,24
"Tesco_Super_Store_Garratt_Way,_Gorton",Z9,solar_pv,0.7,0.01,2376,24
Volmary_Site,Z12,solar_pv,0.2,0.01,2376,24
Invergordon_Academy,Z1_3,solar_pv,0.2,0.01,2376,24
National_Space_Centre,Z11,solar_pv,0.2,0.01,2376,24
Tesco_Queensway_Place,Z17,solar_pv,0.3,0.01,2376,24
Aviva_Headquarters,Z3,solar_pv,1.8,0.01,2376,24
Bracks_Farm,Z12,solar_pv,28.0,0.01,2376,24
Flamingo_House,Z14,solar_pv,1.0,0.01,2376,24
Kingmoor_Park,Z6,solar_pv,5.0,0.01,2376,24
The_Oxfordshire_Golf_Club,Z14,solar_pv,0.3,0.01,2376,24
Buckingham_Tesco_Superstore,Z14,solar_pv,0.2,0.01,2376,24
Henry_Colbeck_Office,Z5,solar_pv,0.2,0.01,2376,24
Flint_Landfill_Site_Castle_Park,Z9,solar_pv,2.0,0.01,2376,24
East_Codford_Solar_Farm_Extension_Phase_3,Z16,solar_pv,18.0,0.01,2376,24
Keele_University,Z11,solar_pv,4.4,0.01,2376,24
"Lower_Strensham,_Bourne_Road_Extension",Z13,solar_pv,8.0,0.01,2376,24
Hewitts_Avenue_Tesco,Z10,solar_pv,0.5,0.01,2376,24
Pall_Europe_Building,Z17,solar_pv,0.58,0.01,2376,24
Iron_Mountain_Howe_Moss_Drive,Z2,solar_pv,0.3,0.01,2376,24
Eden_Campus,Z3,solar_pv,1.0,0.01,2376,24
Queen_Elizabeth_The_Queen_Mothers_Hospital,Z15,solar_pv,0.4,0.01,2376,24
William_Harvey_Hospital,Z15,solar_pv,0.4,0.01,2376,24
South_Shore_Holiday_Village,Z8,solar_pv,0.4,0.01,2376,24
Duke_Of_Gloucester_Barracks,Z13,solar_pv,1.4,0.01,2376,24
Ely_Road_Waste_Management_Park,Z12,solar_pv,1.1,0.01,2376,24
Tesco_Superstore_Thetford_Road,Z12,solar_pv,0.2,0.01,2376,24
Jaywick_Water_Recycling_Centre,Z15,solar_pv,0.9,0.01,2376,24
Elmsall_Way_Warehouse,Z8,solar_pv,2.4,0.01,2376,24
Howden_Farm,Z5,solar_pv,0.2,0.01,2376,24
Hutchesons_Grammar_School,Z5,solar_pv,0.18,0.01,2376,24
Claylands_Road,Z5,solar_pv,0.2,0.01,2376,24
Two_Post_Lane,Z17,solar_pv,12.0,0.01,2376,24
ENWL_Training_Academy,Z9,solar_pv,0.3,0.01,2376,24
Lag_Farm,Z13,solar_pv,1.0,0.01,2376,24
Harborough_Road_Store,Z11,solar_pv,0.2,0.01,2376,24
Crumps_Yard_Solar_Farm,Z9,solar_pv,1.6,0.01,2376,24
Brinsbury_Campus_Stane,Z16,solar_pv,0.2,0.01,2376,24
Perth_Wastewater_Treatment_Works_Extension,Z3,solar_pv,0.3,0.01,2376,24
H_M_Prison_Bure,Z12,solar_pv,0.2,0.01,2376,24
City_of_Edinburgh_Council_Buildings,Z5,solar_pv,0.2,0.01,2376,24
Fox_Covert_Solar_Farm,Z14,solar_pv,22.0,0.01,2376,24
Ricoh_UK_Products,Z11,solar_pv,1.2,0.01,2376,24
Lower_Fields_Mushroom_Farm,Z11,solar_pv,0.3,0.01,2376,24
Fairview_Farm,Z12,solar_pv,0.2,0.01,2376,24
Brookhouse_Mill,Z9,solar_pv,0.3,0.01,2376,24
Three_Maids_Hill_Solar_Farm,Z16,solar_pv,25.0,0.01,2376,24
The_National_Cycling_Centre_Velodrome,Z9,solar_pv,0.7,0.01,2376,24
Larks_Green_Solar_Farm,Z13,solar_pv,70.0,0.01,2376,24
Swansea_University_Bay_Campus,Z13,solar_pv,0.2,0.01,2376,24
Litchardon_Cross_Solar_Farm,Z17,solar_pv,49.9,0.01,2376,24
South_Stilling_Tanks_Solar_Farm,Z7,solar_pv,0.5,0.01,2376,24
Bubney_Farm,Z9,solar_pv,40.0,0.01,2376,24
Sanko_Gosei_Solar_Panels,Z9,solar_pv,0.5,0.01,2376,24
Heming_Point_Roof_Mounted_Solar_Panels,Z11,solar_pv,0.2,0.01,2376,24
Parkwood_Road_Rooftop_Solar_Array,Z17,solar_pv,0.15,0.01,2376,24
Blyth_Sewage_Treatment_Works,Z7,solar_pv,2.3,0.01,2376,24
Stody_Estate_Solar_Array,Z12,solar_pv,0.49,0.01,2376,24
Albert_Road_Rooftop_Solar_Panels,Z7,solar_pv,0.18,0.01,2376,24
Cupar_Wastewater_Treatment_Works_Solar_Farm,Z3,solar_pv,0.62,0.01,2376,24
Four_Elms_Solar_Array,Z12,solar_pv,0.17,0.01,2376,24
Stracathro_Hospital_Solar,Z2,solar_pv,0.25,0.01,2376,24
Littleyhey_Prison_Solar_Farm,Z12,solar_pv,0.5,0.01,2376,24
Oriel_High_School,Z16,solar_pv,0.19,0.01,2376,24
Willow_Farm,Z12,solar_pv,1.15,0.01,2376,24
"Burneside_Mill,_Burneside",Z7,solar_pv,1.0,0.01,2376,24
Nickle_Farm,Z15,solar_pv,0.35,0.01,2376,24
"Churn_Lane,_Horsmonden_Solar_Panels",Z15,solar_pv,0.5,0.01,2376,24
Avon_Road_Car_Park___Solar_Photovoltaic_Carport_System,Z16,solar_pv,1.62,0.01,2376,24
Cranfield_University___Solar_Farm,Z14,solar_pv,0.44,0.01,2376,24
Plant_Produce___Solar_PV_panels,Z11,solar_pv,0.15,0.01,2376,24
Dorset_Green_Solar_Farm,Z16,solar_pv,5.0,0.01,2376,24
Burneside_Mill_Solar_Array___Phase_3,Z7,solar_pv,0.3,0.01,2376,24
Fferm_Penglais___Solar_Farm,Z13,solar_pv,2.5,0.01,2376,24
Westland_Leisure_Complex,Z17,solar_pv,0.22,0.01,2376,24
Outer_Space_Studios_Solar_Panels,Z9,solar_pv,0.6,0.01,2376,24
"Bumble_Hole_Lane,_Dodford___Solar_PV",Z11,solar_pv,0.67,0.01,2376,24
Cottingham___Solar_Farm,Z8,solar_pv,5.0,0.01,2376,24
Lidl_Foodstore___Solar_Panels,Z17,solar_pv,0.18,0.01,2376,24
Continental_Approach___Solar_Panels,Z15,solar_pv,0.2,0.01,2376,24
Harvie_Card_Way___Solar_panels,Z14,solar_pv,1.97,0.01,2376,24
Central_Park___Solar_photovaltics,Z9,solar_pv,0.15,0.01,2376,24
Willow_Road___Roof_mounted_solar_panels,Z11,solar_pv,0.35,0.01,2376,24
Bower_Park_Academy___Solar_Photovoltaic_Panels,Z14,solar_pv,0.26,0.01,2376,24
South_Farm_Solar_Park,Z16,solar_pv,40.0,0.01,2376,24
St_Peters_Hall,Z16,solar_pv,1.7,0.01,2376,24
Daresbury_Science_Park___Solar_Array,Z9,solar_pv,0.56,0.01,2376,24
Holly_Street___Solar_PV_Panels,Z14,solar_pv,0.16,0.01,2376,24
"Perrigo,Wrafton___Solar_Photovoltaic_System",Z17,solar_pv,0.53,0.01,2376,24
Advent_Way___Solar_Panels,Z14,solar_pv,0.18,0.01,2376,24
Easlea_Road___Solar_Photovoltaic_Panels,Z12,solar_pv,0.62,0.01,2376,24
IBL_Cold_Stores___Solar_Photovoltaics_Panels,Z9,solar_pv,0.8,0.01,2376,24
Hurst_Road___Walton_Solar_PV_Farm,Z14,solar_pv,0.55,0.01,2376,24
Morrisons_Witham___Solar_Pv_Panels,Z12,solar_pv,0.19,0.01,2376,24
Morrisons_Store_148_Cheriton_Road___Solar_Array,Z15,solar_pv,0.29,0.01,2376,24
Horsey_Levels___Solar_Farm,Z17,solar_pv,24.0,0.01,2376,24
Manners_Avenue___Solar_Panels,Z11,solar_pv,0.62,0.01,2376,24
Station_Road___Solar_Array,Z15,solar_pv,0.17,0.01,2376,24
Chubb_Road___Solar_Photovoltaic_,Z17,solar_pv,0.15,0.01,2376,24
Dragon_Long_Meadow____Solar_farm,Z13,solar_pv,9.9,0.01,2376,24
"Denton_Hall_Farm_Road,_Denton___Solar_Photovoltaic_System",Z9,solar_pv,1.16,0.01,2376,24
"Morrisons,_Bradford_Road,_Idle___Solar_PV_Panels",Z8,solar_pv,0.8,0.01,2376,24
Lumley_Water_Treatment_Works___Solar_Panels,Z7,solar_pv,1.9,0.01,2376,24
Altham_Business_Park___Solar_Panels,Z9,solar_pv,1.18,0.01,2376,24
Twin_Tumps_Way___Solar_Panels,Z14,solar_pv,0.62,0.01,2376,24
Arthur_Street___Solar_Panels,Z11,solar_pv,0.19,0.01,2376,24
HMP_Wayland___Solar_Panels,Z12,solar_pv,0.34,0.01,2376,24
Royal_Oak_Way_South___Solar_Array,Z11,solar_pv,1.66,0.01,2376,24
Victoria_Road___Solar_Photovoltaic_System,Z12,solar_pv,0.7,0.01,2376,24
"Tudworth_Field_Road,_Hatfield___Solar_PV_Panels",Z8,solar_pv,0.27,0.01,2376,24
"Kirkcaldy_W_W_T_W,_Nether_Street__Solar_Panels",Z5,solar_pv,0.65,0.01,2376,24
Kingsway___Solar_Panels,Z8,solar_pv,0.16,0.01,2376,24
"Audi_Stockport,_Brinksway,_Edgeley___Solar_Panels",Z9,solar_pv,0.27,0.01,2376,24
"_Cinch_Stadium,_Franklins_Gardens___Solar_",Z11,solar_pv,8.8,0.01,2376,24
Atherton_Way___Solar_Panels,Z10,solar_pv,0.24,0.01,2376,24
"London_Road,_Irchester___Solar_Farm",Z11,solar_pv,26.0,0.01,2376,24
"Bryngolwg_Farm,_Hirwaun___Solar_farm",Z13,solar_pv,8.94,0.01,2376,24
Longlooms_Road_East___Solar_panels,Z9,solar_pv,0.22,0.01,2376,24
"Midland_Lead,_Kiln_Way___Solar_Photovoltaic_Panels",Z11,solar_pv,0.24,0.01,2376,24
"Regent_Street,_Sheepscar___Solar_Panels",Z8,solar_pv,0.22,0.01,2376,24
"Bells_Of_Lazonby,_Edenholme_Bakery___Solar_Panels",Z7,solar_pv,0.63,0.01,2376,24
"Tout_Lane,_Charlton_Adam___Solar_Photovoltaic_System",Z17,solar_pv,0.3,0.01,2376,24
Eastbourne_District_General_Hospital____Energy_Management,Z15,solar_pv,1.1,0.01,2376,24
"University_Way,_Cranfield___Solar_Array",Z14,solar_pv,0.88,0.01,2376,24
"County_Hall,_Loansdean___Solar_Array_",Z7,solar_pv,0.8,0.01,2376,24
"Wilkin_And_Sons,_Factory_Hill___Solar_Farm",Z12,solar_pv,6.15,0.01,2376,24
Chertsey_Water_Treatment_Works_,Z14,solar_pv,1.3,0.01,2376,24
"M_Sport,_Dovenby_Hall_Estate___Solar_Panels",Z6,solar_pv,0.8,0.01,2376,24
"Wieland_Nemco,_Pennard_Close___Solar_panels",Z11,solar_pv,0.15,0.01,2376,24
Northfield_House_Solar_Farm,Z11,solar_pv,26.0,0.01,2376,24
"Grimsby_West,_Birchin_Way___Solar_Array_",Z10,solar_pv,1.12,0.01,2376,24
"Souber_Dairy,_Bank_Newton___Solar_Panels",Z8,solar_pv,0.19,0.01,2376,24
Eastcroft_Municipal_Depot,Z11,solar_pv,0.18,0.01,2376,24
"Blair_Castle_Caravan_Park,_Blair_Atholl___Solar_Farm",Z3,solar_pv,0.16,0.01,2376,24
LVF_Packaging___Solar_Panel,Z8,solar_pv,0.3,0.01,2376,24
"Elstree_Film_And_TV_Studios,_Shenley_Road___Solar_Panels",Z14,solar_pv,3.0,0.01,2376,24
F_Lloyd_Penley___Solar_Panels,Z9,solar_pv,0.41,0.01,2376,24
"Fairham_Business_Park,_Foresters_Avenue____Roof_Mounted_Solar_Panels",Z11,solar_pv,0.36,0.01,2376,24
Roskilly's___Solar_Farm,Z17,solar_pv,0.21,0.01,2376,24
Derwentside_Environmental_Testing_Servs_Limited___Solar_pv_panels,Z7,solar_pv,0.38,0.01,2376,24
Loch_Eilde_Mor_Hydro_Kinlochleven_extension,Z1_4,small_hydro,2.0,0.06102212051868802,1231,80
Beeston_Weir_Hydro_Scheme,Z11,small_hydro,1.7,0.06102212051868802,1231,80
Llyn_Brianne_Dam,Z13,small_hydro,4.4,0.06102212051868802,1231,80
Elan_Valley_Hydro_Scheme,Z13,small_hydro,2.9,0.06102212051868802,1231,80
Turret_water_treatment_works,Z3,small_hydro,1.9,0.06102212051868802,1231,80
Inverfarigaig,Z1_4,small_hydro,4.0,0.06102212051868802,1231,80
Kingairloch,Z1_4,small_hydro,3.5,0.06102212051868802,1231,80
Douglas_Water_Hydro,Z4,small_hydro,3.0,0.06102212051868802,1231,80
Inverlael_Hydro,Z1_3,small_hydro,2.5,0.06102212051868802,1231,80
River_E_Hydro_Scheme,Z1_4,small_hydro,3.0,0.06102212051868802,1231,80
Innerhadden_Burn_Hydro,Z3,small_hydro,1.4,0.06102212051868802,1231,80
Cuileig_Hydro_Scheme,Z1_3,small_hydro,3.3,0.06102212051868802,1231,80
Garrogie_Hydro_Scheme,Z1_4,small_hydro,2.0,0.06102212051868802,1231,80
Inver_Hydro,Z4,small_hydro,2.0,0.06102212051868802,1231,80
Loch_An_Laoigh_Hydro,Z1_4,small_hydro,1.0,0.06102212051868802,1231,80
Leacann_Hydro,Z4,small_hydro,1.0,0.06102212051868802,1231,80
Uisge_Dubh_Hydro,Z1_4,small_hydro,2.0,0.06102212051868802,1231,80
Ederline_Hydro,Z4,small_hydro,1.9,0.06102212051868802,1231,80
River_Lochy_Hydro,Z3,small_hydro,2.0,0.06102212051868802,1231,80
River_Taodail_Hydro,Z1_4,small_hydro,1.4,0.06102212051868802,1231,80
Donich_Water_Hydro,Z3,small_hydro,1.4,0.06102212051868802,1231,80
Glen_Fyne_'Merk'_Hydro,Z4,small_hydro,1.0,0.06102212051868802,1231,80
Beinn_Eagagach_Hydro,Z3,small_hydro,1.1,0.06102212051868802,1231,80
Allt_Garbh_hydro,Z1_4,small_hydro,1.5,0.06102212051868802,1231,80
Carnoch_Hydro,Z1_4,small_hydro,1.4,0.06102212051868802,1231,80
Kilmelfort,Z4,small_hydro,2.0,0.06102212051868802,1231,80
Dalchonzie,Z3,small_hydro,4.0,0.06102212051868802,1231,80
Lednock,Z3,small_hydro,3.0,0.06102212051868802,1231,80
Lubreoch,Z3,small_hydro,4.0,0.06102212051868802,1231,80
Loch_Ericht,Z3,small_hydro,2.2,0.06102212051868802,1231,80
Lussa,Z4,small_hydro,2.4,0.06102212051868802,1231,80
Mullardoch_Tunnel,Z1_4,small_hydro,2.4,0.06102212051868802,1231,80
Achanalt,Z1_4,small_hydro,3.0,0.06102212051868802,1231,80
Mucomir,Z1_4,small_hydro,2.0,0.06102212051868802,1231,80
Lairg,Z1_3,small_hydro,3.5,0.06102212051868802,1231,80
Cuaich,Z3,small_hydro,2.5,0.06102212051868802,1231,80
Innerwick_Hydro,Z3,small_hydro,1.0,0.06102212051868802,1231,80
Allt_Fionn___resubmission,Z3,small_hydro,2.1,0.06102212051868802,1231,80
Derrydarroch,Z1_4,small_hydro,1.9,0.06102212051868802,1231,80
Cia_Aig_Hydro,Z1_4,small_hydro,3.0,0.06102212051868802,1231,80
Ardtalnaig_Hydro_Scheme,Z3,small_hydro,2.0,0.06102212051868802,1231,80
Invervar_Hydro_,Z3,small_hydro,1.2,0.06102212051868802,1231,80
Bruar_Hydro_Scheme,Z3,small_hydro,1.9,0.06102212051868802,1231,80
Garbhaig_Hydro_Scheme,Z1_4,small_hydro,2.0,0.06102212051868802,1231,80
Chonais_Hydro,Z1_4,small_hydro,2.0,0.06102212051868802,1231,80
Ardtornish_Estate_Upgrade_to_existing,Z1_4,small_hydro,1.5,0.06102212051868802,1231,80
Maldie_Burn,Z1_3,small_hydro,4.0,0.06102212051868802,1231,80
Black_Rock,Z1_3,small_hydro,3.5,0.06102212051868802,1231,80
Ben_Glas,Z3,small_hydro,1.3,0.06102212051868802,1231,80
Allt_Ladaidh_Hydro,Z1_4,small_hydro,1.3,0.06102212051868802,1231,80
Badachro_hydro_scheme_,Z1_4,small_hydro,1.5,0.06102212051868802,1231,80
Chaorach_Hydro,Z3,small_hydro,2.0,0.06102212051868802,1231,80
Grudie,Z1_4,small_hydro,2.0,0.06102212051868802,1231,80
Langwell_Estate_hydro_scheme,Z1_3,small_hydro,1.2,0.06102212051868802,1231,80
Ghuilbinn_Hydro_Scheme,Z1_4,small_hydro,2.0,0.06102212051868802,1231,80
Nevis_Range,Z1_4,small_hydro,1.1,0.06102212051868802,1231,80
Abhainn_Gleann_Nam_Fiadh,Z1_4,small_hydro,2.0,0.06102212051868802,1231,80
Allt_Cheanna_Mhuir_Hydro,Z1_4,small_hydro,1.3,0.06102212051868802,1231,80
Braevallich,Z4,small_hydro,2.2,0.06102212051868802,1231,80
Keltneyburn_Hydro,Z3,small_hydro,2.0,0.06102212051868802,1231,80
Ceannacroc_,Z1_4,small_hydro,1.6,0.06102212051868802,1231,80
Bruach_Caorainn_Hydro_Scheme,Z3,small_hydro,1.1,0.06102212051868802,1231,80
Llyn_Celyn_,Z9,small_hydro,4.5,0.06102212051868802,1231,80
Caban_Coch,Z13,small_hydro,1.1,0.06102212051868802,1231,80
River_Coiltie_Hydro_Scheme,Z1_4,small_hydro,1.9,0.06102212051868802,1231,80
Eas_a_Ghaill,Z3,small_hydro,1.5,0.06102212051868802,1231,80
River_Pattack_,Z1_4,small_hydro,2.0,0.06102212051868802,1231,80
Birkhall_Estate,Z2,small_hydro,2.0,0.06102212051868802,1231,80
"Barr_River,_Loch_Teacuis",Z1_4,small_hydro,1.7,0.06102212051868802,1231,80
Glen_Kinglass,Z3,small_hydro,1.0,0.06102212051868802,1231,80
Killail_Farm,Z4,small_hydro,0.2,0.06102212051868802,1231,80
Great_Glen_Scheme,Z1_4,large_hydro,36.0,0.032,3025,100
Glendoe_Hydro_Scheme,Z1_4,large_hydro,100.0,0.032,3025,100
Kinlochleven_Hydro_Power_Station,Z1_4,large_hydro,19.5,0.032,3025,100
Pitlochry,Z3,large_hydro,15.0,0.032,3025,100
Aigas,Z1_4,large_hydro,20.0,0.032,3025,100
Kilmorack,Z1_4,large_hydro,20.0,0.032,3025,100
Orrin,Z1_4,large_hydro,18.0,0.032,3025,100
Tor_Achilty,Z1_4,large_hydro,15.0,0.032,3025,100
Ceannacroc,Z1_4,large_hydro,20.0,0.032,3025,100
Invergarry,Z1_4,large_hydro,20.0,0.032,3025,100
Livishie,Z1_4,large_hydro,15.0,0.032,3025,100
Cashlie,Z3,large_hydro,11.0,0.032,3025,100
Dolgarrog,Z9,large_hydro,32.0,0.032,3025,100
Lochaber,Z1_4,large_hydro,65.0,0.032,3025,100
SR_2000_FoW___EMEC,Z1_3,tidal_stream,2.0,0.05,3192,168
Inner_Sound_Phase_1A_MeyGen,Z1_3,tidal_stream,6.0,0.05,3192,168
Magallanes_FoW___EMEC,Z1_3,tidal_stream,2.0,0.05,3192,168
Shetland_Tidal_Array,Z1_1,tidal_stream,0.5,0.05,3192,168
Shetland_Tidal_Array_extension,Z1_1,tidal_stream,1.4,0.05,3192,168
Wello_Penguin_Device_Billia_Croo___EMEC,Z1_3,shoreline_wave,1.0,0.05,3192,168
Hayle_Wave_Hub_Test_Site,Z17,shoreline_wave,23.0,0.05,3192,168
embedded_solar_Z11,Z11,embedded_solar,565.2588103946899,0.01,2376,24
embedded_solar_Z12,Z12,embedded_solar,1048.084044273488,0.01,2376,24
embedded_solar_Z13,Z13,embedded_solar,211.97205389800882,0.01,2376,24
embedded_solar_Z14,Z14,embedded_solar,883.2168912417031,0.01,2376,24
embedded_solar_Z15,Z15,embedded_solar,588.8112608278021,0.01,2376,24
embedded_solar_Z16,Z16,embedded_solar,565.2588103946899,0.01,2376,24
embedded_solar_Z17,Z17,embedded_solar,176.64337824834067,0.01,2376,24
embedded_solar_Z1_4,Z1_4,embedded_solar,70.65735129933624,0.01,2376,24
embedded_solar_Z2,Z2,embedded_solar,105.98602694900441,0.01,2376,24
embedded_solar_Z3,Z3,embedded_solar,58.8811260827802,0.01,2376,24
embedded_solar_Z5,Z5,embedded_solar,376.8392069297934,0.01,2376,24
embedded_solar_Z6,Z6,embedded_solar,58.8811260827802,0.01,2376,24
embedded_solar_Z7,Z7,embedded_solar,129.5384773821165,0.01,2376,24
embedded_solar_Z8,Z8,embedded_solar,588.8112608278021,0.01,2376,24
embedded_solar_Z9,Z9,embedded_solar,1436.699476419837,0.01,2376,24
embedded_wind_Z11,Z11,embedded_wind,487.409948542024,0.01399825021872266,3381,48
embedded_wind_Z12,Z12,embedded_wind,903.7392795883363,0.01399825021872266,3381,48
embedded_wind_Z13,Z13,embedded_wind,182.77873070325904,0.01399825021872266,3381,48
embedded_wind_Z14,Z14,embedded_wind,761.5780445969125,0.01399825021872266,3381,48
embedded_wind_Z15,Z15,embedded_wind,507.71869639794164,0.01399825021872266,3381,48
embedded_wind_Z16,Z16,embedded_wind,487.409948542024,0.01399825021872266,3381,48
embedded_wind_Z17,Z17,embedded_wind,152.31560891938253,0.01399825021872266,3381,48
embedded_wind_Z1_4,Z1_4,embedded_wind,60.926243567753,0.01399825021872266,3381,48
embedded_wind_Z2,Z2,embedded_wind,91.38936535162952,0.01399825021872266,3381,48
embedded_wind_Z3,Z3,embedded_wind,50.77186963979416,0.01399825021872266,3381,48
embedded_wind_Z5,Z5,embedded_wind,324.9399656946827,0.01399825021872266,3381,48
embedded_wind_Z6,Z6,embedded_wind,50.77186963979416,0.01399825021872266,3381,48
embedded_wind_Z7,Z7,embedded_wind,111.69811320754718,0.01399825021872266,3381,48
embedded_wind_Z8,Z8,embedded_wind,507.71869639794164,0.01399825021872266,3381,48
embedded_wind_Z9,Z9,embedded_wind,1238.8336192109775,0.01399825021872266,3381,48
Severn Power Ltd,Z10,CCGT,850.0,0.056022408963585436,1011,60
Seabank Power Ltd,Z17,CCGT,1234.0,0.056022408963585436,1011,60
FM1,Z8,waste_to_energy,79.0,0.06696428571428571,836,60
FM2,Z4,waste_to_energy,79.0,0.06696428571428571,836,60
Hartlepool,Z7,nuclear,1185.0,0.05399568034557235,5256,300
Heysham 1,Z9,nuclear,1060.0,0.05399568034557235,5256,300
Heysham 2,Z9,nuclear,1240.0,0.05399568034557235,5256,300
Torness,Z5,nuclear,1200.0,0.05399568034557235,5256,300
Sizewell B,Z12,nuclear,1198.0,0.05399568034557235,5256,300
Saltend Power Station,Z8,CCGT,1200.0,0.056022408963585436,1011,60
Indian Queens Power Ltd,Z17,oil,140.0,0.08298755186721991,1105,100
EP SHB LTD,Z8,CCGT,1365.0,0.056022408963585436,1011,60
EP Langage Ltd,Z17,CCGT,905.0,0.056022408963585436,1011,60
Corby Power Station,Z12,CCGT,407.0,0.056022408963585436,1011,60
Carrington Power,Z9,CCGT,910.0,0.056022408963585436,1011,60
Rocksavage Power Company Ltd,Z11,CCGT,810.0,0.056022408963585436,1011,60
Coryton Energy Company Ltd,Z16,CCGT,800.0,0.056022408963585436,1011,60
Spalding Energy Company Ltd,Z12,CCGT,950.0,0.056022408963585436,1011,60
Spalding Expansion OCGT,Z10,CCGT,300.0,0.056022408963585436,1011,60
Londonwaste Ltd,Z14,waste_to_energy,58.0,0.06696428571428571,836,60
Marchwood Power,Z16,CCGT,898.0,0.056022408963585436,1011,60
Fellside CHP,Z9,CCGT,105.0,0.056022408963585436,1011,60
Peterborough Power Station,Z12,OCGT,245.0,0.056022408963585436,1011,60
Croydon,Z14,OCGT,50.0,0.056022408963585436,1011,60
Derby,Z11,OCGT,50.0,0.056022408963585436,1011,60
Exeter,Z17,OCGT,50.0,0.056022408963585436,1011,60
Heartlands,Z11,OCGT,100.0,0.056022408963585436,1011,60
Peterborough Power Station PPL2 Gas Engines,Z12,OCGT,49.0,0.056022408963585436,1011,60
Thornhill,Z8,OCGT,40.0,0.056022408963585436,1011,60
Viking,Z12,OCGT,50.0,0.056022408963585436,1011,60
Riverside - Energy from Waste,Z14,waste_to_energy,80.0,0.06696428571428571,836,60
Little Barford,Z12,CCGT,723.0,0.056022408963585436,1011,60
Kings Lynn,Z12,CCGT,395.0,0.056022408963585436,1011,60
Didcot B,Z16,CCGT,1450.0,0.056022408963585436,1011,60
Cheshire,Z9,OCGT,60.0,0.056022408963585436,1011,60
Great Yarmouth,Z12,CCGT,420.0,0.056022408963585436,1011,60
Hythe,Z16,OCGT,44.0,0.056022408963585436,1011,60
Staythorpe,Z10,CCGT,1828.0,0.056022408963585436,1011,60
Pembroke,Z17,CCGT,2199.0,0.056022408963585436,1011,60
Grimsby,Z8,OCGT,20.0,0.056022408963585436,1011,60
Didcot GT,Z16,oil,100.0,0.08298755186721991,1105,100
Cowes,Z16,oil,140.0,0.08298755186721991,1105,100
Little Barford GT,Z12,oil,17.0,0.08298755186721991,1105,100
Wilton 11,Z12,waste_to_energy,49.0,0.06696428571428571,836,60
Wilton International,Z8,CCGT,120.0,0.056022408963585436,1011,60
Peterhead,Z2,CCGT,1180.0,0.056022408963585436,1011,60
Keadby,Z8,CCGT,735.0,0.056022408963585436,1011,60
Medway,Z15,CCGT,755.0,0.056022408963585436,1011,60
Burghfield,Z16,OCGT,50.0,0.056022408963585436,1011,60
Chickerell,Z17,OCGT,50.0,0.056022408963585436,1011,60
Keadby 2,Z8,CCGT,840.0,0.056022408963585436,1011,60
Bowmore,Z5,oil,6.0,0.08298755186721991,1105,100
Kirkwall,Z1_3,oil,16.0,0.08298755186721991,1105,100
Stornoway,Z1_2,oil,23.0,0.08298755186721991,1105,100
Lerwick,Z1_1,oil,67.0,0.08298755186721991,1105,100
Tiree,Z4,oil,2.5,0.08298755186721991,1105,100
Loch Carnan,Z1_2,oil,11.0,0.08298755186721991,1105,100
Barra,Z1_2,oil,2.5,0.08298755186721991,1105,100
Arnish,Z1_2,oil,10.0,0.08298755186721991,1105,100
Ratcliffe (Steam),Z12,coal,500.0,0.08298755186721991,1105,100
Killingholme,Z10,OCGT,600.0,0.056022408963585436,1011,60
Connahs Quay,Z9,CCGT,1380.0,0.056022408963585436,1011,60
Cottam Development Centre,Z12,CCGT,445.0,0.056022408963585436,1011,60
Enfield,Z14,CCGT,408.0,0.056022408963585436,1011,60
Grain,Z16,CCGT,1365.0,0.056022408963585436,1011,60
Ratcliffe (OCGT),Z12,oil,34.0,0.08298755186721991,1105,100
Taylors Lane,Z14,oil,144.0,0.08298755186721991,1105,100
Grain (OCGT),Z16,oil,50.0,0.08298755186721991,1105,100
SELCHP,Z14,waste_to_energy,35.0,0.06696428571428571,836,60
Runcorn Energy from Waste,Z9,waste_to_energy,91.0,0.06696428571428571,836,60
Rye House,Z14,CCGT,715.0,0.056022408963585436,1011,60
Damhead Creek,Z15,CCGT,805.0,0.056022408963585436,1011,60
Shoreham,Z16,CCGT,420.0,0.056022408963585436,1011,60
Blackburn,Z9,CCGT,60.0,0.056022408963585436,1011,60
VPI,Z8,CCGT,1268.0,0.056022408963585436,1011,60
gen_biomass_79,Z12,biomass,38.5,0.06696428571428571,836,60
gen_biomass_80,Z7,biomass,18.0,0.06696428571428571,836,60
gen_biomass_81,Z16,biomass,1.5,0.06696428571428571,836,60
gen_biomass_82,Z14,biomass,8.0,0.06696428571428571,836,60
gen_biomass_83,Z8,biomass,2.0,0.06696428571428571,836,60
gen_biomass_84,Z1_3,biomass,5.0,0.06696428571428571,836,60
gen_biomass_85,Z5,biomass,26.0,0.06696428571428571,836,60
gen_biomass_86,Z8,biomass,35.2,0.06696428571428571,836,60
gen_biomass_87,Z8,biomass,2.0,0.06696428571428571,836,60
gen_biomass_88,Z5,biomass,15.0,0.06696428571428571,836,60
gen_biomass_89,Z9,biomass,9.0,0.06696428571428571,836,60
gen_biomass_90,Z6,biomass,49.0,0.06696428571428571,836,60
gen_biomass_91,Z14,biomass,16.0,0.06696428571428571,836,60
gen_biomass_92,Z13,biomass,14.0,0.06696428571428571,836,60
gen_biomass_93,Z11,biomass,2.6,0.06696428571428571,836,60
gen_biomass_94,Z5,biomass,12.5,0.06696428571428571,836,60
gen_biomass_95,Z17,biomass,1.5,0.06696428571428571,836,60
gen_biomass_96,Z10,biomass,1.2,0.06696428571428571,836,60
gen_biomass_97,Z12,biomass,40.0,0.06696428571428571,836,60
gen_biomass_98,Z12,biomass,14.3,0.06696428571428571,836,60
gen_biomass_99,Z14,biomass,3.0,0.06696428571428571,836,60
gen_biomass_100,Z15,biomass,25.0,0.06696428571428571,836,60
gen_biomass_101,Z7,biomass,40.0,0.06696428571428571,836,60
gen_biomass_102,Z13,biomass,40.0,0.06696428571428571,836,60
gen_biomass_103,Z11,biomass,2.5,0.06696428571428571,836,60
gen_biomass_104,Z7,biomass,420.0,0.06696428571428571,836,60
gen_biomass_105,Z8,biomass,6.5,0.06696428571428571,836,60
gen_biomass_106,Z7,biomass,27.7,0.06696428571428571,836,60
gen_biomass_107,Z13,biomass,2.1,0.06696428571428571,836,60
gen_biomass_108,Z14,biomass,1.8,0.06696428571428571,836,60
gen_biomass_109,Z12,biomass,4.6,0.06696428571428571,836,60
gen_biomass_110,Z9,biomass,41.6,0.06696428571428571,836,60
gen_biomass_111,Z16,biomass,3.2,0.06696428571428571,836,60
gen_biomass_112,Z2,biomass,8.3,0.06696428571428571,836,60
gen_biomass_113,Z14,biomass,19.0,0.06696428571428571,836,60
gen_biomass_114,Z10,biomass,40.0,0.06696428571428571,836,60
gen_biomass_115,Z14,biomass,43.0,0.06696428571428571,836,60
gen_biomass_116,Z3,biomass,65.0,0.06696428571428571,836,60
gen_biomass_117,Z8,biomass,42.0,0.06696428571428571,836,60
gen_biomass_118,Z8,biomass,30.0,0.06696428571428571,836,60
gen_biomass_119,Z5,biomass,5.5,0.06696428571428571,836,60
gen_biomass_120,Z15,biomass,16.0,0.06696428571428571,836,60
gen_biomass_121,Z8,biomass,645.0,0.06696428571428571,836,60
gen_biomass_122,Z8,biomass,9.0,0.06696428571428571,836,60
gen_biomass_123,Z11,biomass,1.9,0.06696428571428571,836,60
gen_biomass_124,Z12,biomass,44.2,0.06696428571428571,836,60
gen_biomass_125,Z2,biomass,12.5,0.06696428571428571,836,60
gen_biomass_126,Z9,biomass,20.0,0.06696428571428571,836,60
gen_biomass_127,Z8,biomass,645.0,0.06696428571428571,836,60
gen_biomass_128,Z6,biomass,50.4,0.06696428571428571,836,60
gen_biomass_129,Z2,biomass,1.2,0.06696428571428571,836,60
gen_biomass_130,Z10,biomass,40.0,0.06696428571428571,836,60
gen_biomass_131,Z3,biomass,6.5,0.06696428571428571,836,60
gen_biomass_132,Z8,biomass,18.0,0.06696428571428571,836,60
gen_biomass_133,Z11,biomass,1.0,0.06696428571428571,836,60
gen_biomass_134,Z8,biomass,17.5,0.06696428571428571,836,60
gen_biomass_135,Z11,biomass,6.8,0.06696428571428571,836,60
gen_biomass_136,Z13,biomass,3.2,0.06696428571428571,836,60
gen_biomass_137,Z3,biomass,5.6,0.06696428571428571,836,60
gen_biomass_138,Z8,biomass,22.0,0.06696428571428571,836,60
gen_biomass_139,Z1_3,biomass,3.5,0.06696428571428571,836,60
gen_biomass_140,Z5,biomass,2.6,0.06696428571428571,836,60
gen_biomass_141,Z8,biomass,9.0,0.06696428571428571,836,60
gen_biomass_142,Z10,biomass,14.5,0.06696428571428571,836,60
gen_biomass_143,Z10,biomass,20.3,0.06696428571428571,836,60
gen_biomass_144,Z13,biomass,9.0,0.06696428571428571,836,60
gen_biomass_145,Z10,biomass,12.0,0.06696428571428571,836,60
gen_biomass_146,Z9,biomass,3.0,0.06696428571428571,836,60
gen_biomass_147,Z8,biomass,8.0,0.06696428571428571,836,60
gen_biomass_148,Z13,biomass,3.6,0.06696428571428571,836,60
gen_biomass_149,Z9,biomass,1.1,0.06696428571428571,836,60
gen_biomass_150,Z11,biomass,1.6,0.06696428571428571,836,60
gen_biomass_151,Z12,biomass,2.6,0.06696428571428571,836,60
gen_biomass_152,Z8,biomass,645.0,0.06696428571428571,836,60
gen_biomass_153,Z5,biomass,17.0,0.06696428571428571,836,60
gen_biomass_154,Z13,biomass,3.9,0.06696428571428571,836,60
gen_biomass_155,Z3,biomass,1.2,0.06696428571428571,836,60
gen_biomass_156,Z13,biomass,0.99,0.06696428571428571,836,60
gen_biomass_157,Z10,biomass,1.6,0.06696428571428571,836,60
gen_biomass_158,Z10,biomass,1.6,0.06696428571428571,836,60
gen_biomass_159,Z9,biomass,0.3,0.06696428571428571,836,60
gen_biomass_160,Z8,biomass,0.9,0.06696428571428571,836,60
gen_biomass_161,Z7,biomass,16.0,0.06696428571428571,836,60
gen_biomass_162,Z13,biomass,35.0,0.06696428571428571,836,60
gen_biomass_163,Z8,biomass,645.0,0.06696428571428571,836,60
gen_biomass_164,Z13,biomass,18.0,0.06696428571428571,836,60
gen_waste_to_energy_165,Z8,waste_to_energy,70.0,0.06696428571428571,836,60
gen_waste_to_energy_166,Z8,waste_to_energy,68.0,0.06696428571428571,836,60
gen_waste_to_energy_167,Z11,waste_to_energy,7.4,0.06696428571428571,836,60
gen_waste_to_energy_168,Z11,waste_to_energy,8.0,0.06696428571428571,836,60
gen_waste_to_energy_169,Z11,waste_to_energy,14.2,0.06696428571428571,836,60
gen_waste_to_energy_170,Z11,waste_to_energy,30.0,0.06696428571428571,836,60
gen_waste_to_energy_171,Z7,waste_to_energy,20.1,0.06696428571428571,836,60
gen_waste_to_energy_172,Z14,waste_to_energy,50.0,0.06696428571428571,836,60
gen_waste_to_energy_173,Z16,waste_to_energy,8.0,0.06696428571428571,836,60
gen_waste_to_energy_174,Z16,waste_to_energy,16.0,0.06696428571428571,836,60
gen_waste_to_energy_175,Z8,waste_to_energy,9.5,0.06696428571428571,836,60
gen_waste_to_energy_176,Z10,waste_to_energy,3.2,0.06696428571428571,836,60
gen_waste_to_energy_177,Z8,waste_to_energy,3.0,0.06696428571428571,836,60
gen_waste_to_energy_178,Z14,waste_to_energy,72.0,0.06696428571428571,836,60
gen_waste_to_energy_179,Z14,waste_to_energy,30.0,0.06696428571428571,836,60
gen_waste_to_energy_180,Z3,waste_to_energy,8.3,0.06696428571428571,836,60
gen_waste_to_energy_181,Z15,waste_to_energy,51.0,0.06696428571428571,836,60
gen_waste_to_energy_182,Z11,waste_to_energy,4.5,0.06696428571428571,836,60
gen_waste_to_energy_183,Z9,waste_to_energy,33.5,0.06696428571428571,836,60
gen_waste_to_energy_184,Z9,waste_to_energy,10.8,0.06696428571428571,836,60
gen_waste_to_energy_185,Z16,waste_to_energy,18.3,0.06696428571428571,836,60
gen_waste_to_energy_186,Z8,waste_to_energy,19.3,0.06696428571428571,836,60
gen_waste_to_energy_187,Z12,waste_to_energy,7.3,0.06696428571428571,836,60
gen_waste_to_energy_188,Z9,waste_to_energy,60.0,0.06696428571428571,836,60
gen_waste_to_energy_189,Z9,waste_to_energy,8.0,0.06696428571428571,836,60
gen_waste_to_energy_190,Z11,waste_to_energy,23.0,0.06696428571428571,836,60
gen_waste_to_energy_191,Z17,waste_to_energy,20.0,0.06696428571428571,836,60
gen_waste_to_energy_192,Z13,waste_to_energy,32.0,0.06696428571428571,836,60
gen_waste_to_energy_193,Z13,waste_to_energy,30.0,0.06696428571428571,836,60
gen_waste_to_energy_194,Z10,waste_to_energy,16.4,0.06696428571428571,836,60
gen_waste_to_energy_195,Z7,waste_to_energy,21.0,0.06696428571428571,836,60
gen_waste_to_energy_196,Z8,waste_to_energy,49.0,0.06696428571428571,836,60
gen_waste_to_energy_197,Z9,waste_to_energy,100.0,0.06696428571428571,836,60
gen_waste_to_energy_198,Z8,waste_to_energy,11.6,0.06696428571428571,836,60
gen_waste_to_energy_199,Z17,waste_to_energy,13.0,0.06696428571428571,836,60
gen_waste_to_energy_200,Z17,waste_to_energy,22.5,0.06696428571428571,836,60
gen_waste_to_energy_201,Z14,waste_to_energy,26.0,0.06696428571428571,836,60
gen_waste_to_energy_202,Z15,waste_to_energy,49.9,0.06696428571428571,836,60
gen_waste_to_energy_203,Z8,waste_to_energy,27.0,0.06696428571428571,836,60
gen_waste_to_energy_204,Z11,waste_to_energy,24.0,0.06696428571428571,836,60
gen_waste_to_energy_205,Z14,waste_to_energy,22.0,0.06696428571428571,836,60
gen_waste_to_energy_206,Z12,waste_to_energy,49.8,0.06696428571428571,836,60
gen_waste_to_energy_207,Z14,waste_to_energy,65.0,0.06696428571428571,836,60
gen_waste_to_energy_208,Z12,waste_to_energy,3.4,0.06696428571428571,836,60
gen_waste_to_energy_209,Z5,waste_to_energy,25.6,0.06696428571428571,836,60
gen_waste_to_energy_210,Z12,waste_to_energy,20.0,0.06696428571428571,836,60
gen_waste_to_energy_211,Z13,waste_to_energy,14.5,0.06696428571428571,836,60
gen_waste_to_energy_212,Z11,waste_to_energy,42.0,0.06696428571428571,836,60
gen_waste_to_energy_213,Z9,waste_to_energy,16.0,0.06696428571428571,836,60
gen_waste_to_energy_214,Z11,waste_to_energy,15.5,0.06696428571428571,836,60
gen_waste_to_energy_215,Z13,waste_to_energy,34.0,0.06696428571428571,836,60
gen_waste_to_energy_216,Z16,waste_to_energy,8.6,0.06696428571428571,836,60
gen_waste_to_energy_217,Z16,waste_to_energy,14.0,0.06696428571428571,836,60
gen_waste_to_energy_218,Z14,waste_to_energy,49.9,0.06696428571428571,836,60
gen_waste_to_energy_219,Z14,waste_to_energy,55.0,0.06696428571428571,836,60
gen_waste_to_energy_220,Z7,waste_to_energy,19.2,0.06696428571428571,836,60
gen_waste_to_energy_221,Z7,waste_to_energy,10.0,0.06696428571428571,836,60
gen_waste_to_energy_222,Z14,waste_to_energy,35.0,0.06696428571428571,836,60
gen_waste_to_energy_223,Z11,waste_to_energy,2.0,0.06696428571428571,836,60
gen_waste_to_energy_224,Z5,waste_to_energy,12.5,0.06696428571428571,836,60
gen_waste_to_energy_225,Z5,waste_to_energy,21.5,0.06696428571428571,836,60
gen_waste_to_energy_226,Z2,waste_to_energy,11.1,0.06696428571428571,836,60
gen_waste_to_energy_227,Z11,waste_to_energy,9.0,0.06696428571428571,836,60
gen_waste_to_energy_228,Z9,waste_to_energy,35.0,0.06696428571428571,836,60
gen_waste_to_energy_229,Z3,waste_to_energy,10.0,0.06696428571428571,836,60
gen_waste_to_energy_230,Z7,waste_to_energy,12.0,0.06696428571428571,836,60
gen_waste_to_energy_231,Z17,waste_to_energy,7.8,0.06696428571428571,836,60
gen_waste_to_energy_232,Z13,waste_to_energy,5.0,0.06696428571428571,836,60
gen_waste_to_energy_233,Z5,waste_to_energy,23.7,0.06696428571428571,836,60
gen_waste_to_energy_234,Z11,waste_to_energy,47.0,0.06696428571428571,836,60
gen_waste_to_energy_235,Z5,waste_to_energy,17.0,0.06696428571428571,836,60
gen_waste_to_energy_236,Z12,waste_to_energy,58.0,0.06696428571428571,836,60
gen_waste_to_energy_237,Z3,waste_to_energy,7.3,0.06696428571428571,836,60
gen_waste_to_energy_238,Z16,waste_to_energy,3.4,0.06696428571428571,836,60
gen_waste_to_energy_239,Z8,waste_to_energy,49.0,0.06696428571428571,836,60
gen_waste_to_energy_240,Z11,waste_to_energy,49.0,0.06696428571428571,836,60
gen_waste_to_energy_241,Z11,waste_to_energy,47.0,0.06696428571428571,836,60
gen_biogas_242,Z11,biogas,2.0,0.056022408963585436,1011,60
gen_biogas_243,Z12,biogas,2.0,0.056022408963585436,1011,60
gen_biogas_244,Z10,biogas,1.1,0.056022408963585436,1011,60
gen_biogas_245,Z17,biogas,1.4,0.056022408963585436,1011,60
gen_biogas_246,Z5,biogas,1.0,0.056022408963585436,1011,60
gen_biogas_247,Z5,biogas,2.4,0.056022408963585436,1011,60
gen_biogas_248,Z9,biogas,1.0,0.056022408963585436,1011,60
gen_biogas_249,Z10,biogas,2.0,0.056022408963585436,1011,60
gen_biogas_250,Z16,biogas,1.5,0.056022408963585436,1011,60
gen_biogas_251,Z9,biogas,2.0,0.056022408963585436,1011,60
gen_biogas_252,Z9,biogas,2.0,0.056022408963585436,1011,60
gen_biogas_253,Z12,biogas,1.5,0.056022408963585436,1011,60
gen_biogas_254,Z10,biogas,1.4,0.056022408963585436,1011,60
gen_biogas_255,Z9,biogas,1.9,0.056022408963585436,1011,60
gen_biogas_256,Z9,biogas,1.9,0.056022408963585436,1011,60
gen_biogas_257,Z11,biogas,1.5,0.056022408963585436,1011,60
gen_biogas_258,Z16,biogas,1.0,0.056022408963585436,1011,60
gen_biogas_259,Z11,biogas,1.3,0.056022408963585436,1011,60
gen_biogas_260,Z14,biogas,2.1,0.056022408963585436,1011,60
gen_biogas_261,Z5,biogas,2.4,0.056022408963585436,1011,60
gen_biogas_262,Z13,biogas,10.0,0.056022408963585436,1011,60
gen_biogas_263,Z11,biogas,2.5,0.056022408963585436,1011,60
gen_biogas_264,Z17,biogas,1.3,0.056022408963585436,1011,60
gen_biogas_265,Z12,biogas,1.4,0.056022408963585436,1011,60
gen_biogas_266,Z14,biogas,1.1,0.056022408963585436,1011,60
gen_biogas_267,Z12,biogas,1.0,0.056022408963585436,1011,60
gen_biogas_268,Z14,biogas,1.1,0.056022408963585436,1011,60
gen_biogas_269,Z8,biogas,2.0,0.056022408963585436,1011,60
gen_biogas_270,Z8,biogas,2.0,0.056022408963585436,1011,60
gen_biogas_271,Z9,biogas,1.0,0.056022408963585436,1011,60
gen_biogas_272,Z11,biogas,6.0,0.056022408963585436,1011,60
gen_biogas_273,Z12,biogas,1.5,0.056022408963585436,1011,60
gen_biogas_274,Z11,biogas,2.4,0.056022408963585436,1011,60
gen_biogas_275,Z10,biogas,2.0,0.056022408963585436,1011,60
gen_biogas_276,Z16,biogas,1.2,0.056022408963585436,1011,60
gen_biogas_277,Z10,biogas,1.5,0.056022408963585436,1011,60
gen_biogas_278,Z13,biogas,1.0,0.056022408963585436,1011,60
gen_biogas_279,Z9,biogas,2.0,0.056022408963585436,1011,60
gen_biogas_280,Z10,biogas,2.2,0.056022408963585436,1011,60
gen_biogas_281,Z5,biogas,2.2,0.056022408963585436,1011,60
gen_biogas_282,Z6,biogas,1.0,0.056022408963585436,1011,60
gen_biogas_283,Z5,biogas,1.7,0.056022408963585436,1011,60
gen_biogas_284,Z11,biogas,2.0,0.056022408963585436,1011,60
gen_biogas_285,Z12,biogas,2.3,0.056022408963585436,1011,60
gen_biogas_286,Z12,biogas,2.0,0.056022408963585436,1011,60
gen_biogas_287,Z12,biogas,2.4,0.056022408963585436,1011,60
gen_biogas_288,Z16,biogas,1.5,0.056022408963585436,1011,60
gen_biogas_289,Z17,biogas,3.3,0.056022408963585436,1011,60
gen_biogas_290,Z12,biogas,1.0,0.056022408963585436,1011,60
gen_biogas_291,Z7,biogas,2.8,0.056022408963585436,1011,60
gen_biogas_292,Z14,biogas,1.4,0.056022408963585436,1011,60
gen_biogas_293,Z10,biogas,1.5,0.056022408963585436,1011,60
gen_biogas_294,Z14,biogas,2.0,0.056022408963585436,1011,60
gen_biogas_295,Z11,biogas,2.2,0.056022408963585436,1011,60
gen_biogas_296,Z5,biogas,5.0,0.056022408963585436,1011,60
gen_biogas_297,Z13,biogas,1.0,0.056022408963585436,1011,60
gen_biogas_298,Z8,biogas,6.0,0.056022408963585436,1011,60
gen_biogas_299,Z8,biogas,3.0,0.056022408963585436,1011,60
gen_biogas_300,Z10,biogas,1.4,0.056022408963585436,1011,60
gen_biogas_301,Z17,biogas,3.0,0.056022408963585436,1011,60
gen_biogas_302,Z14,biogas,2.4,0.056022408963585436,1011,60
gen_biogas_303,Z13,biogas,2.2,0.056022408963585436,1011,60
gen_biogas_304,Z9,biogas,5.0,0.056022408963585436,1011,60
gen_biogas_305,Z8,biogas,3.0,0.056022408963585436,1011,60
gen_biogas_306,Z14,biogas,2.4,0.056022408963585436,1011,60
gen_biogas_307,Z14,biogas,3.0,0.056022408963585436,1011,60
gen_biogas_308,Z16,biogas,4.5,0.056022408963585436,1011,60
gen_biogas_309,Z12,biogas,2.0,0.056022408963585436,1011,60
gen_biogas_310,Z17,biogas,1.6,0.056022408963585436,1011,60
gen_biogas_311,Z9,biogas,1.0,0.056022408963585436,1011,60
gen_biogas_312,Z11,biogas,4.0,0.056022408963585436,1011,60
gen_biogas_313,Z15,biogas,1.2,0.056022408963585436,1011,60
gen_biogas_314,Z16,biogas,2.2,0.056022408963585436,1011,60
gen_biogas_315,Z14,biogas,1.4,0.056022408963585436,1011,60
gen_biogas_316,Z8,biogas,1.5,0.056022408963585436,1011,60
gen_biogas_317,Z10,biogas,6.5,0.056022408963585436,1011,60
gen_biogas_318,Z5,biogas,1.5,0.056022408963585436,1011,60
gen_biogas_319,Z17,biogas,1.3,0.056022408963585436,1011,60
gen_biogas_320,Z16,biogas,3.7,0.056022408963585436,1011,60
gen_biogas_321,Z8,biogas,4.0,0.056022408963585436,1011,60
gen_biogas_322,Z9,biogas,2.4,0.056022408963585436,1011,60
gen_biogas_323,Z14,biogas,1.5,0.056022408963585436,1011,60
gen_biogas_324,Z5,biogas,1.0,0.056022408963585436,1011,60
gen_biogas_325,Z17,biogas,1.3,0.056022408963585436,1011,60
gen_biogas_326,Z7,biogas,5.1,0.056022408963585436,1011,60
gen_biogas_327,Z7,biogas,1.0,0.056022408963585436,1011,60
gen_biogas_328,Z8,biogas,4.0,0.056022408963585436,1011,60
gen_biogas_329,Z12,biogas,1.8,0.056022408963585436,1011,60
gen_biogas_330,Z10,biogas,3.0,0.056022408963585436,1011,60
gen_biogas_331,Z13,biogas,1.6,0.056022408963585436,1011,60
gen_biogas_332,Z10,biogas,3.0,0.056022408963585436,1011,60
gen_biogas_333,Z6,biogas,1.2,0.056022408963585436,1011,60
gen_biogas_334,Z14,biogas,1.7,0.056022408963585436,1011,60
gen_biogas_335,Z17,biogas,1.1,0.056022408963585436,1011,60
gen_biogas_336,Z10,biogas,1.8,0.056022408963585436,1011,60
gen_biogas_337,Z8,biogas,1.1,0.056022408963585436,1011,60
gen_biogas_338,Z14,biogas,3.0,0.056022408963585436,1011,60
gen_biogas_339,Z5,biogas,1.5,0.056022408963585436,1011,60
gen_biogas_340,Z17,biogas,1.0,0.056022408963585436,1011,60
gen_biogas_341,Z8,biogas,1.0,0.056022408963585436,1011,60
gen_biogas_342,Z8,biogas,2.4,0.056022408963585436,1011,60
gen_biogas_343,Z7,biogas,1.5,0.056022408963585436,1011,60
gen_biogas_344,Z7,biogas,4.8,0.056022408963585436,1011,60
gen_biogas_345,Z14,biogas,2.3,0.056022408963585436,1011,60
gen_biogas_346,Z9,biogas,2.0,0.056022408963585436,1011,60
gen_biogas_347,Z13,biogas,3.0,0.056022408963585436,1011,60
gen_biogas_348,Z8,biogas,1.5,0.056022408963585436,1011,60
gen_biogas_349,Z12,biogas,5.0,0.056022408963585436,1011,60
gen_biogas_350,Z14,biogas,5.0,0.056022408963585436,1011,60
gen_biogas_351,Z8,biogas,1.0,0.056022408963585436,1011,60
gen_biogas_352,Z12,biogas,1.8,0.056022408963585436,1011,60
gen_biogas_353,Z13,biogas,2.0,0.056022408963585436,1011,60
gen_biogas_354,Z13,biogas,1.0,0.056022408963585436,1011,60
gen_biogas_355,Z11,biogas,1.2,0.056022408963585436,1011,60
gen_biogas_356,Z6,biogas,5.0,0.056022408963585436,1011,60
gen_biogas_357,Z15,biogas,2.0,0.056022408963585436,1011,60
gen_biogas_358,Z6,biogas,1.0,0.056022408963585436,1011,60
gen_biogas_359,Z13,biogas,1.5,0.056022408963585436,1011,60
gen_biogas_360,Z11,biogas,1.5,0.056022408963585436,1011,60
gen_biogas_361,Z2,biogas,2.0,0.056022408963585436,1011,60
gen_biogas_362,Z8,biogas,3.5,0.056022408963585436,1011,60
gen_biogas_363,Z13,biogas,1.0,0.056022408963585436,1011,60
gen_biogas_364,Z17,biogas,2.0,0.056022408963585436,1011,60
gen_biogas_365,Z13,biogas,1.1,0.056022408963585436,1011,60
gen_biogas_366,Z12,biogas,2.0,0.056022408963585436,1011,60
gen_biogas_367,Z9,biogas,5.0,0.056022408963585436,1011,60
gen_biogas_368,Z5,biogas,2.0,0.056022408963585436,1011,60
gen_biogas_369,Z3,biogas,1.5,0.056022408963585436,1011,60
gen_biogas_370,Z7,biogas,5.1,0.056022408963585436,1011,60
gen_biogas_371,Z16,biogas,1.2,0.056022408963585436,1011,60
gen_biogas_372,Z8,biogas,4.0,0.056022408963585436,1011,60
gen_biogas_373,Z14,biogas,1.2,0.056022408963585436,1011,60
gen_biogas_374,Z17,biogas,1.0,0.056022408963585436,1011,60
gen_biogas_375,Z17,biogas,2.0,0.056022408963585436,1011,60
gen_biogas_376,Z13,biogas,1.4,0.056022408963585436,1011,60
gen_biogas_377,Z13,biogas,1.2,0.056022408963585436,1011,60
gen_biogas_378,Z14,biogas,2.3,0.056022408963585436,1011,60
gen_biogas_379,Z14,biogas,3.0,0.056022408963585436,1011,60
gen_biogas_380,Z12,biogas,1.0,0.056022408963585436,1011,60
gen_biogas_381,Z12,biogas,14.4,0.056022408963585436,1011,60
gen_biogas_382,Z16,biogas,2.2,0.056022408963585436,1011,60
gen_biogas_383,Z16,biogas,1.0,0.056022408963585436,1011,60
gen_biogas_384,Z12,biogas,4.0,0.056022408963585436,1011,60
gen_biogas_385,Z7,biogas,0.5,0.056022408963585436,1011,60
gen_biogas_386,Z2,biogas,1.5,0.056022408963585436,1011,60
gen_biogas_387,Z12,biogas,1.0,0.056022408963585436,1011,60
gen_biogas_388,Z13,biogas,1.5,0.056022408963585436,1011,60
gen_biogas_389,Z12,biogas,1.0,0.056022408963585436,1011,60
gen_biogas_390,Z2,biogas,3.5,0.056022408963585436,1011,60
gen_landfill_gas_391,Z12,landfill_gas,2.7,0.06198347107438017,908,60
gen_landfill_gas_392,Z14,landfill_gas,2.3,0.06198347107438017,908,60
gen_landfill_gas_393,Z14,landfill_gas,3.9,0.06198347107438017,908,60
gen_landfill_gas_394,Z12,landfill_gas,1.2,0.06198347107438017,908,60
gen_landfill_gas_395,Z12,landfill_gas,1.3,0.06198347107438017,908,60
gen_landfill_gas_396,Z14,landfill_gas,2.1,0.06198347107438017,908,60
gen_landfill_gas_397,Z12,landfill_gas,1.8,0.06198347107438017,908,60
gen_landfill_gas_398,Z14,landfill_gas,1.8,0.06198347107438017,908,60
gen_landfill_gas_399,Z14,landfill_gas,2.6,0.06198347107438017,908,60
gen_landfill_gas_400,Z14,landfill_gas,1.2,0.06198347107438017,908,60
gen_landfill_gas_401,Z14,landfill_gas,11.0,0.06198347107438017,908,60
gen_landfill_gas_402,Z14,landfill_gas,11.0,0.06198347107438017,908,60
gen_landfill_gas_403,Z14,landfill_gas,8.5,0.06198347107438017,908,60
gen_landfill_gas_404,Z12,landfill_gas,2.0,0.06198347107438017,908,60
gen_landfill_gas_405,Z14,landfill_gas,17.0,0.06198347107438017,908,60
gen_landfill_gas_406,Z12,landfill_gas,5.5,0.06198347107438017,908,60
gen_landfill_gas_407,Z14,landfill_gas,4.5,0.06198347107438017,908,60
gen_landfill_gas_408,Z14,landfill_gas,10.7,0.06198347107438017,908,60
gen_landfill_gas_409,Z12,landfill_gas,1.9,0.06198347107438017,908,60
gen_landfill_gas_410,Z12,landfill_gas,1.2,0.06198347107438017,908,60
gen_landfill_gas_411,Z11,landfill_gas,2.3,0.06198347107438017,908,60
gen_landfill_gas_412,Z11,landfill_gas,1.8,0.06198347107438017,908,60
gen_landfill_gas_413,Z10,landfill_gas,1.2,0.06198347107438017,908,60
gen_landfill_gas_414,Z10,landfill_gas,2.6,0.06198347107438017,908,60
gen_landfill_gas_415,Z11,landfill_gas,2.5,0.06198347107438017,908,60
gen_landfill_gas_416,Z10,landfill_gas,1.8,0.06198347107438017,908,60
gen_landfill_gas_417,Z11,landfill_gas,2.7,0.06198347107438017,908,60
gen_landfill_gas_418,Z11,landfill_gas,1.9,0.06198347107438017,908,60
gen_landfill_gas_419,Z11,landfill_gas,1.0,0.06198347107438017,908,60
gen_landfill_gas_420,Z14,landfill_gas,2.2,0.06198347107438017,908,60
gen_landfill_gas_421,Z14,landfill_gas,11.2,0.06198347107438017,908,60
gen_landfill_gas_422,Z11,landfill_gas,4.0,0.06198347107438017,908,60
gen_landfill_gas_423,Z11,landfill_gas,4.9,0.06198347107438017,908,60
gen_landfill_gas_424,Z11,landfill_gas,2.4,0.06198347107438017,908,60
gen_landfill_gas_425,Z10,landfill_gas,2.0,0.06198347107438017,908,60
gen_landfill_gas_426,Z11,landfill_gas,1.2,0.06198347107438017,908,60
gen_landfill_gas_427,Z9,landfill_gas,2.3,0.06198347107438017,908,60
gen_landfill_gas_428,Z9,landfill_gas,2.1,0.06198347107438017,908,60
gen_landfill_gas_429,Z9,landfill_gas,1.6,0.06198347107438017,908,60
gen_landfill_gas_430,Z9,landfill_gas,1.6,0.06198347107438017,908,60
gen_landfill_gas_431,Z9,landfill_gas,7.9,0.06198347107438017,908,60
gen_landfill_gas_432,Z9,landfill_gas,2.9,0.06198347107438017,908,60
gen_landfill_gas_433,Z9,landfill_gas,7.9,0.06198347107438017,908,60
gen_landfill_gas_434,Z9,landfill_gas,3.0,0.06198347107438017,908,60
gen_landfill_gas_435,Z9,landfill_gas,2.3,0.06198347107438017,908,60
gen_landfill_gas_436,Z9,landfill_gas,2.9,0.06198347107438017,908,60
gen_landfill_gas_437,Z9,landfill_gas,1.4,0.06198347107438017,908,60
gen_landfill_gas_438,Z11,landfill_gas,4.4,0.06198347107438017,908,60
gen_landfill_gas_439,Z11,landfill_gas,3.4,0.06198347107438017,908,60
gen_landfill_gas_440,Z11,landfill_gas,1.8,0.06198347107438017,908,60
gen_landfill_gas_441,Z11,landfill_gas,2.9,0.06198347107438017,908,60
gen_landfill_gas_442,Z11,landfill_gas,8.5,0.06198347107438017,908,60
gen_landfill_gas_443,Z11,landfill_gas,2.0,0.06198347107438017,908,60
gen_landfill_gas_444,Z11,landfill_gas,1.3,0.06198347107438017,908,60
gen_landfill_gas_445,Z11,landfill_gas,1.4,0.06198347107438017,908,60
gen_landfill_gas_446,Z7,landfill_gas,3.8,0.06198347107438017,908,60
gen_landfill_gas_447,Z7,landfill_gas,1.0,0.06198347107438017,908,60
gen_landfill_gas_448,Z7,landfill_gas,2.3,0.06198347107438017,908,60
gen_landfill_gas_449,Z7,landfill_gas,2.0,0.06198347107438017,908,60
gen_landfill_gas_450,Z7,landfill_gas,4.1,0.06198347107438017,908,60
gen_landfill_gas_451,Z6,landfill_gas,1.8,0.06198347107438017,908,60
gen_landfill_gas_452,Z6,landfill_gas,1.9,0.06198347107438017,908,60
gen_landfill_gas_453,Z9,landfill_gas,1.6,0.06198347107438017,908,60
gen_landfill_gas_454,Z9,landfill_gas,4.1,0.06198347107438017,908,60
gen_landfill_gas_455,Z9,landfill_gas,5.9,0.06198347107438017,908,60
gen_landfill_gas_456,Z9,landfill_gas,1.0,0.06198347107438017,908,60
gen_landfill_gas_457,Z9,landfill_gas,1.8,0.06198347107438017,908,60
gen_landfill_gas_458,Z9,landfill_gas,2.0,0.06198347107438017,908,60
gen_landfill_gas_459,Z9,landfill_gas,3.0,0.06198347107438017,908,60
gen_landfill_gas_460,Z15,landfill_gas,1.9,0.06198347107438017,908,60
gen_landfill_gas_461,Z16,landfill_gas,7.5,0.06198347107438017,908,60
gen_landfill_gas_462,Z15,landfill_gas,4.5,0.06198347107438017,908,60
gen_landfill_gas_463,Z15,landfill_gas,1.2,0.06198347107438017,908,60
gen_landfill_gas_464,Z15,landfill_gas,8.0,0.06198347107438017,908,60
gen_landfill_gas_465,Z16,landfill_gas,5.1,0.06198347107438017,908,60
gen_landfill_gas_466,Z16,landfill_gas,2.0,0.06198347107438017,908,60
gen_landfill_gas_467,Z16,landfill_gas,6.0,0.06198347107438017,908,60
gen_landfill_gas_468,Z11,landfill_gas,1.8,0.06198347107438017,908,60
gen_landfill_gas_469,Z13,landfill_gas,2.0,0.06198347107438017,908,60
gen_landfill_gas_470,Z16,landfill_gas,5.6,0.06198347107438017,908,60
gen_landfill_gas_471,Z13,landfill_gas,3.0,0.06198347107438017,908,60
gen_landfill_gas_472,Z17,landfill_gas,2.3,0.06198347107438017,908,60
gen_landfill_gas_473,Z17,landfill_gas,1.9,0.06198347107438017,908,60
gen_landfill_gas_474,Z16,landfill_gas,2.4,0.06198347107438017,908,60
gen_landfill_gas_475,Z16,landfill_gas,6.0,0.06198347107438017,908,60
gen_landfill_gas_476,Z16,landfill_gas,1.4,0.06198347107438017,908,60
gen_landfill_gas_477,Z14,landfill_gas,2.7,0.06198347107438017,908,60
gen_landfill_gas_478,Z13,landfill_gas,1.1,0.06198347107438017,908,60
gen_landfill_gas_479,Z16,landfill_gas,2.4,0.06198347107438017,908,60
gen_landfill_gas_480,Z14,landfill_gas,1.0,0.06198347107438017,908,60
gen_landfill_gas_481,Z13,landfill_gas,2.7,0.06198347107438017,908,60
gen_landfill_gas_482,Z13,landfill_gas,2.0,0.06198347107438017,908,60
gen_landfill_gas_483,Z13,landfill_gas,2.4,0.06198347107438017,908,60
gen_landfill_gas_484,Z13,landfill_gas,1.2,0.06198347107438017,908,60
gen_landfill_gas_485,Z13,landfill_gas,2.2,0.06198347107438017,908,60
gen_landfill_gas_486,Z13,landfill_gas,4.0,0.06198347107438017,908,60
gen_landfill_gas_487,Z13,landfill_gas,1.4,0.06198347107438017,908,60
gen_landfill_gas_488,Z17,landfill_gas,2.0,0.06198347107438017,908,60
gen_landfill_gas_489,Z17,landfill_gas,1.8,0.06198347107438017,908,60
gen_landfill_gas_490,Z17,landfill_gas,3.0,0.06198347107438017,908,60
gen_landfill_gas_491,Z17,landfill_gas,2.4,0.06198347107438017,908,60
gen_landfill_gas_492,Z17,landfill_gas,1.6,0.06198347107438017,908,60
gen_landfill_gas_493,Z8,landfill_gas,1.2,0.06198347107438017,908,60
gen_landfill_gas_494,Z8,landfill_gas,1.2,0.06198347107438017,908,60
gen_landfill_gas_495,Z10,landfill_gas,1.0,0.06198347107438017,908,60
gen_landfill_gas_496,Z10,landfill_gas,2.0,0.06198347107438017,908,60
gen_landfill_gas_497,Z8,landfill_gas,2.1,0.06198347107438017,908,60
gen_landfill_gas_498,Z8,landfill_gas,1.0,0.06198347107438017,908,60
gen_landfill_gas_499,Z8,landfill_gas,8.5,0.06198347107438017,908,60
gen_landfill_gas_500,Z8,landfill_gas,3.8,0.06198347107438017,908,60
gen_landfill_gas_501,Z15,landfill_gas,14.0,0.06198347107438017,908,60
gen_landfill_gas_502,Z9,landfill_gas,1.9,0.06198347107438017,908,60
gen_landfill_gas_503,Z11,landfill_gas,1.0,0.06198347107438017,908,60
gen_landfill_gas_504,Z2,landfill_gas,2.2,0.06198347107438017,908,60
gen_landfill_gas_505,Z8,landfill_gas,1.4,0.06198347107438017,908,60
gen_landfill_gas_506,Z14,landfill_gas,2.6,0.06198347107438017,908,60
gen_landfill_gas_507,Z17,landfill_gas,2.0,0.06198347107438017,908,60
gen_landfill_gas_508,Z17,landfill_gas,1.0,0.06198347107438017,908,60
gen_landfill_gas_509,Z9,landfill_gas,1.9,0.06198347107438017,908,60
gen_landfill_gas_510,Z9,landfill_gas,2.3,0.06198347107438017,908,60
gen_landfill_gas_511,Z9,landfill_gas,2.0,0.06198347107438017,908,60
gen_landfill_gas_512,Z9,landfill_gas,1.6,0.06198347107438017,908,60
gen_landfill_gas_513,Z12,landfill_gas,1.4,0.06198347107438017,908,60
gen_landfill_gas_514,Z5,landfill_gas,4.0,0.06198347107438017,908,60
gen_landfill_gas_515,Z14,landfill_gas,1.4,0.06198347107438017,908,60
gen_landfill_gas_516,Z9,landfill_gas,2.0,0.06198347107438017,908,60
gen_landfill_gas_517,Z13,landfill_gas,3.5,0.06198347107438017,908,60
gen_landfill_gas_518,Z16,landfill_gas,1.0,0.06198347107438017,908,60
gen_landfill_gas_519,Z11,landfill_gas,2.0,0.06198347107438017,908,60
gen_landfill_gas_520,Z9,landfill_gas,1.0,0.06198347107438017,908,60
gen_landfill_gas_521,Z7,landfill_gas,1.0,0.06198347107438017,908,60
gen_landfill_gas_522,Z7,landfill_gas,1.0,0.06198347107438017,908,60
gen_landfill_gas_523,Z15,landfill_gas,1.0,0.06198347107438017,908,60
gen_landfill_gas_524,Z9,landfill_gas,1.0,0.06198347107438017,908,60
gen_landfill_gas_525,Z8,landfill_gas,2.0,0.06198347107438017,908,60
gen_landfill_gas_526,Z12,landfill_gas,1.1,0.06198347107438017,908,60
gen_landfill_gas_527,Z11,landfill_gas,1.6,0.06198347107438017,908,60
gen_landfill_gas_528,Z16,landfill_gas,1.1,0.06198347107438017,908,60
gen_landfill_gas_529,Z16,landfill_gas,2.0,0.06198347107438017,908,60
gen_landfill_gas_530,Z9,landfill_gas,3.7,0.06198347107438017,908,60
gen_landfill_gas_531,Z9,landfill_gas,2.0,0.06198347107438017,908,60
gen_landfill_gas_532,Z9,landfill_gas,6.0,0.06198347107438017,908,60
gen_landfill_gas_533,Z7,landfill_gas,2.0,0.06198347107438017,908,60
gen_landfill_gas_534,Z10,landfill_gas,3.0,0.06198347107438017,908,60
gen_landfill_gas_535,Z7,landfill_gas,1.0,0.06198347107438017,908,60
gen_landfill_gas_536,Z14,landfill_gas,1.1,0.06198347107438017,908,60
gen_landfill_gas_537,Z13,landfill_gas,2.7,0.06198347107438017,908,60
gen_landfill_gas_538,Z16,landfill_gas,3.5,0.06198347107438017,908,60
gen_landfill_gas_539,Z17,landfill_gas,2.0,0.06198347107438017,908,60
gen_landfill_gas_540,Z14,landfill_gas,1.0,0.06198347107438017,908,60
gen_landfill_gas_541,Z7,landfill_gas,1.1,0.06198347107438017,908,60
gen_landfill_gas_542,Z5,landfill_gas,3.0,0.06198347107438017,908,60
gen_landfill_gas_543,Z12,landfill_gas,2.0,0.06198347107438017,908,60
gen_landfill_gas_544,Z9,landfill_gas,2.1,0.06198347107438017,908,60
gen_landfill_gas_545,Z7,landfill_gas,1.0,0.06198347107438017,908,60
gen_landfill_gas_546,Z5,landfill_gas,2.0,0.06198347107438017,908,60
gen_landfill_gas_547,Z11,landfill_gas,2.0,0.06198347107438017,908,60
gen_landfill_gas_548,Z12,landfill_gas,2.5,0.06198347107438017,908,60
gen_landfill_gas_549,Z8,landfill_gas,5.2,0.06198347107438017,908,60
gen_landfill_gas_550,Z7,landfill_gas,3.0,0.06198347107438017,908,60
gen_landfill_gas_551,Z5,landfill_gas,1.2,0.06198347107438017,908,60
gen_landfill_gas_552,Z5,landfill_gas,2.0,0.06198347107438017,908,60
gen_landfill_gas_553,Z5,landfill_gas,2.4,0.06198347107438017,908,60
gen_landfill_gas_554,Z5,landfill_gas,2.2,0.06198347107438017,908,60
gen_landfill_gas_555,Z5,landfill_gas,2.1,0.06198347107438017,908,60
gen_landfill_gas_556,Z5,landfill_gas,3.9,0.06198347107438017,908,60
gen_landfill_gas_557,Z5,landfill_gas,1.3,0.06198347107438017,908,60
gen_landfill_gas_558,Z2,landfill_gas,2.2,0.06198347107438017,908,60
gen_landfill_gas_559,Z5,landfill_gas,2.0,0.06198347107438017,908,60
gen_landfill_gas_560,Z5,landfill_gas,2.0,0.06198347107438017,908,60
gen_landfill_gas_561,Z5,landfill_gas,1.9,0.06198347107438017,908,60
gen_landfill_gas_562,Z5,landfill_gas,1.9,0.06198347107438017,908,60
gen_landfill_gas_563,Z9,landfill_gas,4.5,0.06198347107438017,908,60
gen_landfill_gas_564,Z3,landfill_gas,1.0,0.06198347107438017,908,60
gen_landfill_gas_565,Z9,landfill_gas,2.2,0.06198347107438017,908,60
gen_landfill_gas_566,Z16,landfill_gas,2.8,0.06198347107438017,908,60
gen_landfill_gas_567,Z11,landfill_gas,1.3,0.06198347107438017,908,60
gen_landfill_gas_568,Z7,landfill_gas,1.5,0.06198347107438017,908,60
gen_landfill_gas_569,Z7,landfill_gas,1.9,0.06198347107438017,908,60
gen_landfill_gas_570,Z7,landfill_gas,3.8,0.06198347107438017,908,60
gen_landfill_gas_571,Z9,landfill_gas,3.3,0.06198347107438017,908,60
gen_landfill_gas_572,Z9,landfill_gas,1.3,0.06198347107438017,908,60
gen_landfill_gas_573,Z9,landfill_gas,4.3,0.06198347107438017,908,60
gen_landfill_gas_574,Z9,landfill_gas,2.9,0.06198347107438017,908,60
gen_landfill_gas_575,Z16,landfill_gas,1.2,0.06198347107438017,908,60
gen_landfill_gas_576,Z11,landfill_gas,2.7,0.06198347107438017,908,60
gen_landfill_gas_577,Z11,landfill_gas,1.1,0.06198347107438017,908,60
gen_landfill_gas_578,Z11,landfill_gas,2.4,0.06198347107438017,908,60
gen_landfill_gas_579,Z12,landfill_gas,3.0,0.06198347107438017,908,60
gen_landfill_gas_580,Z3,landfill_gas,1.9,0.06198347107438017,908,60
gen_landfill_gas_581,Z5,landfill_gas,2.3,0.06198347107438017,908,60
gen_landfill_gas_582,Z11,landfill_gas,1.0,0.06198347107438017,908,60
gen_landfill_gas_583,Z11,landfill_gas,1.0,0.06198347107438017,908,60
gen_landfill_gas_584,Z15,landfill_gas,3.0,0.06198347107438017,908,60
gen_landfill_gas_585,Z14,landfill_gas,3.0,0.06198347107438017,908,60
gen_landfill_gas_586,Z15,landfill_gas,1.0,0.06198347107438017,908,60
gen_landfill_gas_587,Z13,landfill_gas,2.6,0.06198347107438017,908,60
gen_landfill_gas_588,Z16,landfill_gas,3.0,0.06198347107438017,908,60
gen_landfill_gas_589,Z14,landfill_gas,1.8,0.06198347107438017,908,60
gen_landfill_gas_590,Z14,landfill_gas,3.9,0.06198347107438017,908,60
gen_landfill_gas_591,Z5,landfill_gas,7.4,0.06198347107438017,908,60
gen_landfill_gas_592,Z17,landfill_gas,5.2,0.06198347107438017,908,60
gen_landfill_gas_593,Z12,landfill_gas,1.5,0.06198347107438017,908,60
gen_landfill_gas_594,Z12,landfill_gas,1.5,0.06198347107438017,908,60
gen_landfill_gas_595,Z9,landfill_gas,1.2,0.06198347107438017,908,60
gen_landfill_gas_596,Z9,landfill_gas,1.8,0.06198347107438017,908,60
gen_landfill_gas_597,Z17,landfill_gas,1.4,0.06198347107438017,908,60
gen_landfill_gas_598,Z12,landfill_gas,2.0,0.06198347107438017,908,60
gen_landfill_gas_599,Z5,landfill_gas,2.8,0.06198347107438017,908,60
gen_landfill_gas_600,Z15,landfill_gas,2.4,0.06198347107438017,908,60
gen_landfill_gas_601,Z12,landfill_gas,3.9,0.06198347107438017,908,60
gen_landfill_gas_602,Z15,landfill_gas,3.9,0.06198347107438017,908,60
gen_landfill_gas_603,Z11,landfill_gas,1.3,0.06198347107438017,908,60
gen_landfill_gas_604,Z15,landfill_gas,3.8,0.06198347107438017,908,60
gen_landfill_gas_605,Z17,landfill_gas,2.2,0.06198347107438017,908,60
gen_landfill_gas_606,Z10,landfill_gas,2.0,0.06198347107438017,908,60
gen_landfill_gas_607,Z11,landfill_gas,1.6,0.06198347107438017,908,60
gen_landfill_gas_608,Z8,landfill_gas,2.7,0.06198347107438017,908,60
gen_landfill_gas_609,Z8,landfill_gas,3.9,0.06198347107438017,908,60
gen_landfill_gas_610,Z9,landfill_gas,1.0,0.06198347107438017,908,60
gen_landfill_gas_611,Z5,landfill_gas,2.4,0.06198347107438017,908,60
gen_landfill_gas_612,Z5,landfill_gas,2.2,0.06198347107438017,908,60
gen_landfill_gas_613,Z9,landfill_gas,4.0,0.06198347107438017,908,60
gen_landfill_gas_614,Z11,landfill_gas,1.6,0.06198347107438017,908,60
gen_landfill_gas_615,Z16,landfill_gas,1.5,0.06198347107438017,908,60
gen_landfill_gas_616,Z10,landfill_gas,1.3,0.06198347107438017,908,60
gen_landfill_gas_617,Z14,landfill_gas,2.9,0.06198347107438017,908,60
gen_landfill_gas_618,Z14,landfill_gas,1.9,0.06198347107438017,908,60
gen_landfill_gas_619,Z13,landfill_gas,2.0,0.06198347107438017,908,60
gen_landfill_gas_620,Z11,landfill_gas,1.1,0.06198347107438017,908,60
gen_landfill_gas_621,Z11,landfill_gas,3.0,0.06198347107438017,908,60
gen_landfill_gas_622,Z14,landfill_gas,1.0,0.06198347107438017,908,60
gen_landfill_gas_623,Z5,landfill_gas,2.2,0.06198347107438017,908,60
gen_landfill_gas_624,Z8,landfill_gas,1.3,0.06198347107438017,908,60
gen_landfill_gas_625,Z8,landfill_gas,2.4,0.06198347107438017,908,60
gen_landfill_gas_626,Z2,landfill_gas,2.0,0.06198347107438017,908,60
gen_landfill_gas_627,Z10,landfill_gas,2.1,0.06198347107438017,908,60
gen_landfill_gas_628,Z16,landfill_gas,1.5,0.06198347107438017,908,60
gen_landfill_gas_629,Z13,landfill_gas,7.0,0.06198347107438017,908,60
gen_landfill_gas_630,Z8,landfill_gas,2.9,0.06198347107438017,908,60
gen_landfill_gas_631,Z8,landfill_gas,1.1,0.06198347107438017,908,60
gen_landfill_gas_632,Z14,landfill_gas,2.3,0.06198347107438017,908,60
gen_landfill_gas_633,Z14,landfill_gas,7.5,0.06198347107438017,908,60
gen_landfill_gas_634,Z16,landfill_gas,1.5,0.06198347107438017,908,60
gen_landfill_gas_635,Z9,landfill_gas,2.0,0.06198347107438017,908,60
gen_landfill_gas_636,Z14,landfill_gas,1.5,0.06198347107438017,908,60
gen_landfill_gas_637,Z15,landfill_gas,1.0,0.06198347107438017,908,60
gen_landfill_gas_638,Z9,landfill_gas,3.1,0.06198347107438017,908,60
gen_landfill_gas_639,Z16,landfill_gas,1.0,0.06198347107438017,908,60
gen_landfill_gas_640,Z12,landfill_gas,1.0,0.06198347107438017,908,60
gen_landfill_gas_641,Z5,landfill_gas,2.0,0.06198347107438017,908,60
gen_landfill_gas_642,Z9,landfill_gas,3.0,0.06198347107438017,908,60
gen_landfill_gas_643,Z2,landfill_gas,4.3,0.06198347107438017,908,60
gen_landfill_gas_644,Z14,landfill_gas,4.0,0.06198347107438017,908,60
gen_landfill_gas_645,Z14,landfill_gas,1.3,0.06198347107438017,908,60
gen_landfill_gas_646,Z9,landfill_gas,2.1,0.06198347107438017,908,60
gen_landfill_gas_647,Z5,landfill_gas,14.0,0.06198347107438017,908,60
gen_landfill_gas_648,Z5,landfill_gas,2.2,0.06198347107438017,908,60
gen_landfill_gas_649,Z9,landfill_gas,5.3,0.06198347107438017,908,60
gen_landfill_gas_650,Z14,landfill_gas,1.9,0.06198347107438017,908,60
gen_landfill_gas_651,Z10,landfill_gas,2.8,0.06198347107438017,908,60
gen_landfill_gas_652,Z5,landfill_gas,2.0,0.06198347107438017,908,60
gen_landfill_gas_653,Z16,landfill_gas,1.2,0.06198347107438017,908,60
gen_landfill_gas_654,Z15,landfill_gas,11.6,0.06198347107438017,908,60
gen_landfill_gas_655,Z13,landfill_gas,3.2,0.06198347107438017,908,60
gen_landfill_gas_656,Z8,landfill_gas,1.0,0.06198347107438017,908,60
gen_landfill_gas_657,Z7,landfill_gas,1.0,0.06198347107438017,908,60
gen_landfill_gas_658,Z13,landfill_gas,6.0,0.06198347107438017,908,60
gen_sewage_gas_659,Z12,sewage_gas,1.2,0.056022408963585436,1011,60
gen_sewage_gas_660,Z13,sewage_gas,5.5,0.056022408963585436,1011,60
gen_sewage_gas_661,Z14,sewage_gas,1.1,0.056022408963585436,1011,60
gen_sewage_gas_662,Z14,sewage_gas,4.0,0.056022408963585436,1011,60
gen_sewage_gas_663,Z7,sewage_gas,6.0,0.056022408963585436,1011,60
gen_sewage_gas_664,Z8,sewage_gas,3.0,0.056022408963585436,1011,60
gen_sewage_gas_665,Z13,sewage_gas,1.2,0.056022408963585436,1011,60
gen_sewage_gas_666,Z14,sewage_gas,5.7,0.056022408963585436,1011,60
gen_sewage_gas_667,Z14,sewage_gas,5.8,0.056022408963585436,1011,60
gen_sewage_gas_668,Z11,sewage_gas,9.7,0.056022408963585436,1011,60
gen_sewage_gas_669,Z14,sewage_gas,1.2,0.056022408963585436,1011,60
gen_sewage_gas_670,Z14,sewage_gas,5.8,0.056022408963585436,1011,60
gen_advanced_biofuel_671,Z10,advanced_biofuel,10.5,0.06696428571428571,836,60
gen_advanced_biofuel_672,Z13,advanced_biofuel,20.0,0.06696428571428571,836,60
gen_advanced_biofuel_673,Z9,advanced_biofuel,21.5,0.06696428571428571,836,60
gen_advanced_biofuel_674,Z6,advanced_biofuel,10.0,0.06696428571428571,836,60
gen_advanced_biofuel_675,Z14,advanced_biofuel,9.6,0.06696428571428571,836,60
gen_advanced_biofuel_676,Z13,advanced_biofuel,6.5,0.06696428571428571,836,60
gen_advanced_biofuel_677,Z8,advanced_biofuel,25.0,0.06696428571428571,836,60
gen_advanced_biofuel_678,Z5,advanced_biofuel,10.0,0.06696428571428571,836,60
gen_advanced_biofuel_679,Z11,advanced_biofuel,40.0,0.06696428571428571,836,60
gen_advanced_biofuel_680,Z16,advanced_biofuel,10.0,0.06696428571428571,836,60
gen_advanced_biofuel_681,Z14,advanced_biofuel,7.0,0.06696428571428571,836,60
gen_advanced_biofuel_682,Z11,advanced_biofuel,7.5,0.06696428571428571,836,60
gen_advanced_biofuel_683,Z14,advanced_biofuel,3.6,0.06696428571428571,836,60
gen_advanced_biofuel_684,Z9,advanced_biofuel,28.0,0.06696428571428571,836,60
gen_advanced_biofuel_685,Z5,advanced_biofuel,25.0,0.06696428571428571,836,60
gen_advanced_biofuel_686,Z11,advanced_biofuel,10.3,0.06696428571428571,836,60
gen_advanced_biofuel_687,Z13,advanced_biofuel,6.5,0.06696428571428571,836,60
gen_advanced_biofuel_688,Z11,advanced_biofuel,1.1,0.06696428571428571,836,60
gen_advanced_biofuel_689,Z13,advanced_biofuel,10.0,0.06696428571428571,836,60
gen_advanced_biofuel_690,Z5,advanced_biofuel,12.5,0.06696428571428571,836,60
gen_advanced_biofuel_691,Z10,advanced_biofuel,5.8,0.06696428571428571,836,60
gen_advanced_biofuel_692,Z11,advanced_biofuel,15.0,0.06696428571428571,836,60
gen_advanced_biofuel_693,Z16,advanced_biofuel,3.3,0.06696428571428571,836,60
gen_advanced_biofuel_694,Z11,advanced_biofuel,29.5,0.06696428571428571,836,60
gen_advanced_biofuel_695,Z5,advanced_biofuel,2.0,0.06696428571428571,836,60
gen_advanced_biofuel_696,Z5,advanced_biofuel,17.0,0.06696428571428571,836,60
gen_advanced_biofuel_697,Z13,advanced_biofuel,6.0,0.06696428571428571,836,60
gen_advanced_biofuel_698,Z17,advanced_biofuel,3.9,0.06696428571428571,836,60
load_shedding_Z10,Z10,load_shedding,10.0,9.99999000001e-7,1000000,1
load_shedding_Z11,Z11,load_shedding,4757.483361921098,9.99999000001e-7,1000000,1
load_shedding_Z12,Z12,load_shedding,8821.16706689537,9.99999000001e-7,1000000,1
load_shedding_Z13,Z13,load_shedding,1784.056260720412,9.99999000001e-7,1000000,1
load_shedding_Z14,Z14,load_shedding,7433.567753001715,9.99999000001e-7,1000000,1
load_shedding_Z15,Z15,load_shedding,4955.711835334477,9.99999000001e-7,1000000,1
load_shedding_Z16,Z16,load_shedding,4757.483361921098,9.99999000001e-7,1000000,1
load_shedding_Z17,Z17,load_shedding,1486.713550600343,9.99999000001e-7,1000000,1
load_shedding_Z1_1,Z1_1,load_shedding,10.0,9.99999000001e-7,1000000,1
load_shedding_Z1_2,Z1_2,load_shedding,10.0,9.99999000001e-7,1000000,1
load_shedding_Z1_3,Z1_3,load_shedding,10.0,9.99999000001e-7,1000000,1
load_shedding_Z1_4,Z1_4,load_shedding,594.6854202401372,9.99999000001e-7,1000000,1
load_shedding_Z2,Z2,load_shedding,892.028130360206,9.99999000001e-7,1000000,1
load_shedding_Z3,Z3,load_shedding,495.57118353344765,9.99999000001e-7,1000000,1
load_shedding_Z4,Z4,load_shedding,10.0,9.99999000001e-7,1000000,1
load_shedding_Z5,Z5,load_shedding,3171.6555746140652,9.99999000001e-7,1000000,1
load_shedding_Z6,Z6,load_shedding,495.57118353344765,9.99999000001e-7,1000000,1
load_shedding_Z7,Z7,load_shedding,1090.256603773585,9.99999000001e-7,1000000,1
load_shedding_Z8,Z8,load_shedding,4955.711835334477,9.99999000001e-7,1000000,1
load_shedding_Z9,Z9,load_shedding,12091.936878216124,9.99999000001e-7,1000000,1
EU_supply_Britned,HVDC_External_Netherlands_Maasvlakte,EU_import,1000.0,0.011857707509881422,4000,48
EU_supply_IFA,HVDC_External_France_Calais,EU_import,1988.0,0.011857707509881422,4000,48
EU_supply_IFA2,HVDC_External_France_Calais,EU_import,1000.0,0.011857707509881422,4000,48
EU_supply_Nemo Link,HVDC_External_Belgium_Zeebrugge,EU_import,1020.0,0.011857707509881422,4000,48
EU_supply_ElecLink,HVDC_External_France_Calais,EU_import,1000.0,0.011857707509881422,4000,48
EU_supply_East West Interconnector,HVDC_External_Ireland_Rush_North_Beach,EU_import,505.0,0.011857707509881422,4000,48
