name,bus,control,type,p_nom,p_nom_mod,p_nom_extendable,p_nom_min,p_nom_max,p_nom_set,p_min_pu,p_max_pu,p_set,q_set,p_dispatch_set,p_store_set,sign,carrier,spill_cost,marginal_cost,marginal_cost_quadratic,marginal_cost_storage,capital_cost,overnight_cost,discount_rate,fom_cost,active,build_year,lifetime,state_of_charge_initial,state_of_charge_initial_per_period,state_of_charge_set,cyclic_state_of_charge,cyclic_state_of_charge_per_period,max_hours,efficiency_store,efficiency_dispatch,standing_loss,inflow,p_nom_opt,lon,lat
FES_Battery_Bredbury_2035_0,Z9,PQ,,118.2,0.0,False,0.0,inf,,-1.0,1.0,,0.0,,,1.0,Battery,0.0,0.0,0.0,0.0,0.0,,,0.0,True,0,inf,118.2,False,,False,False,2.0,0.92,0.92,0.001,0.0,0.0,-3.01,53.386
FES_Battery_Harker_2035_1,Z6,PQ,,9.5,0.0,False,0.0,inf,,-1.0,1.0,,0.0,,,1.0,Battery,0.0,0.0,0.0,0.0,0.0,,,0.0,True,0,inf,9.5,False,,False,False,2.0,0.92,0.92,0.001,0.0,0.0,-3.483,55.264
FES_Battery_Heysham_NGET_2035_2,Z9,PQ,,75.0,0.0,False,0.0,inf,,-1.0,1.0,,0.0,,,1.0,Battery,0.0,0.0,0.0,0.0,0.0,,,0.0,True,0,inf,75.0,False,,False,False,2.0,0.92,0.92,0.001,0.0,0.0,-3.01,53.386
FES_Battery_Hutton_2035_3,Z7,PQ,,10.0,0.0,False,0.0,inf,,-1.0,1.0,,0.0,,,1.0,Battery,0.0,0.0,0.0,0.0,0.0,,,0.0,True,0,inf,10.0,False,,False,False,2.0,0.92,0.92,0.001,0.0,0.0,-2.186,54.884
FES_Battery_Kearsley_132kV_2035_4,Z9,PQ,,49.0,0.0,False,0.0,inf,,-1.0,1.0,,0.0,,,1.0,Battery,0.0,0.0,0.0,0.0,0.0,,,0.0,True,0,inf,49.0,False,,False,False,2.0,0.92,0.92,0.001,0.0,0.0,-3.01,53.386
FES_Battery_Kearsley_33kV_2035_5,Z9,PQ,,7.0,0.0,False,0.0,inf,,-1.0,1.0,,0.0,,,1.0,Battery,0.0,0.0,0.0,0.0,0.0,,,0.0,True,0,inf,7.0,False,,False,False,2.0,0.92,0.92,0.001,0.0,0.0,-3.01,53.386
FES_Battery_Macclesfield_2035_6,Z9,PQ,,20.0,0.0,False,0.0,inf,,-1.0,1.0,,0.0,,,1.0,Battery,0.0,0.0,0.0,0.0,0.0,,,0.0,True,0,inf,20.0,False,,False,False,2.0,0.92,0.92,0.001,0.0,0.0,-3.01,53.386
FES_Battery_Padiham_2035_7,Z9,PQ,,8.0,0.0,False,0.0,inf,,-1.0,1.0,,0.0,,,1.0,Battery,0.0,0.0,0.0,0.0,0.0,,,0.0,True,0,inf,8.0,False,,False,False,2.0,0.92,0.92,0.001,0.0,0.0,-3.01,53.386
FES_Battery_Penwortham_East_2035_8,Z9,PQ,,77.18,0.0,False,0.0,inf,,-1.0,1.0,,0.0,,,1.0,Battery,0.0,0.0,0.0,0.0,0.0,,,0.0,True,0,inf,77.18,False,,False,False,2.0,0.92,0.92,0.001,0.0,0.0,-3.01,53.386
FES_Battery_Penwortham_West_2035_9,Z9,PQ,,13.095,0.0,False,0.0,inf,,-1.0,1.0,,0.0,,,1.0,Battery,0.0,0.0,0.0,0.0,0.0,,,0.0,True,0,inf,13.095,False,,False,False,2.0,0.92,0.92,0.001,0.0,0.0,-3.01,53.386
FES_Battery_Rochdale_2035_10,Z9,PQ,,88.0,0.0,False,0.0,inf,,-1.0,1.0,,0.0,,,1.0,Battery,0.0,0.0,0.0,0.0,0.0,,,0.0,True,0,inf,88.0,False,,False,False,2.0,0.92,0.92,0.001,0.0,0.0,-3.01,53.386
FES_Battery_South_Manchester_2035_11,Z9,PQ,,100.0,0.0,False,0.0,inf,,-1.0,1.0,,0.0,,,1.0,Battery,0.0,0.0,0.0,0.0,0.0,,,0.0,True,0,inf,100.0,False,,False,False,2.0,0.92,0.92,0.001,0.0,0.0,-3.01,53.386
FES_Battery_Stalybridge_2035_12,Z9,PQ,,72.0,0.0,False,0.0,inf,,-1.0,1.0,,0.0,,,1.0,Battery,0.0,0.0,0.0,0.0,0.0,,,0.0,True,0,inf,72.0,False,,False,False,2.0,0.92,0.92,0.001,0.0,0.0,-3.01,53.386
FES_Battery_Washway_Farm_2035_13,Z9,PQ,,69.9,0.0,False,0.0,inf,,-1.0,1.0,,0.0,,,1.0,Battery,0.0,0.0,0.0,0.0,0.0,,,0.0,True,0,inf,69.9,False,,False,False,2.0,0.92,0.92,0.001,0.0,0.0,-3.01,53.386
FES_Battery_Whitegate_2035_14,Z9,PQ,,50.0,0.0,False,0.0,inf,,-1.0,1.0,,0.0,,,1.0,Battery,0.0,0.0,0.0,0.0,0.0,,,0.0,True,0,inf,50.0,False,,False,False,2.0,0.92,0.92,0.001,0.0,0.0,-3.01,53.386
FES_Battery_Tynemouth_132kV_2035_15,Z7,PQ,,25.0,0.0,False,0.0,inf,,-1.0,1.0,,0.0,,,1.0,Battery,0.0,0.0,0.0,0.0,0.0,,,0.0,True,0,inf,25.0,False,,False,False,2.0,0.92,0.92,0.001,0.0,0.0,-2.186,54.884
FES_Battery_Berkswell_2035_16,Z11,PQ,,139.0,0.0,False,0.0,inf,,-1.0,1.0,,0.0,,,1.0,Battery,0.0,0.0,0.0,0.0,0.0,,,0.0,True,0,inf,139.0,False,,False,False,2.0,0.92,0.92,0.001,0.0,0.0,-1.647,52.569
FES_Battery_Bicker_Fen_2035_17,Z10,PQ,,6.65,0.0,False,0.0,inf,,-1.0,1.0,,0.0,,,1.0,Battery,0.0,0.0,0.0,0.0,0.0,,,0.0,True,0,inf,6.65,False,,False,False,2.0,0.92,0.92,0.001,0.0,0.0,-0.383,53.136
FES_Battery_Chesterfield_2035_18,Z10,PQ,,198.202,0.0,False,0.0,inf,,-1.0,1.0,,0.0,,,1.0,Battery,0.0,0.0,0.0,0.0,0.0,,,0.0,True,0,inf,198.202,False,,False,False,2.0,0.92,0.92,0.001,0.0,0.0,-0.383,53.136
FES_Battery_Coventry_2035_19,Z11,PQ,,11.925,0.0,False,0.0,inf,,-1.0,1.0,,0.0,,,1.0,Battery,0.0,0.0,0.0,0.0,0.0,,,0.0,True,0,inf,11.925,False,,False,False,2.0,0.92,0.92,0.001,0.0,0.0,-1.647,52.569
FES_Battery_Drakelow_2035_20,Z11,PQ,,116.5,0.0,False,0.0,inf,,-1.0,1.0,,0.0,,,1.0,Battery,0.0,0.0,0.0,0.0,0.0,,,0.0,True,0,inf,116.5,False,,False,False,2.0,0.92,0.92,0.001,0.0,0.0,-1.647,52.569
FES_Battery_East_Claydon_2035_21,Z14,PQ,,84.9,0.0,False,0.0,inf,,-1.0,1.0,,0.0,,,1.0,Battery,0.0,0.0,0.0,0.0,0.0,,,0.0,True,0,inf,84.9,False,,False,False,2.0,0.92,0.92,0.001,0.0,0.0,-0.157,51.536
FES_Battery_Enderby_2035_22,Z11,PQ,,57.405,0.0,False,0.0,inf,,-1.0,1.0,,0.0,,,1.0,Battery,0.0,0.0,0.0,0.0,0.0,,,0.0,True,0,inf,57.405,False,,False,False,2.0,0.92,0.92,0.001,0.0,0.0,-1.647,52.569
FES_Battery_Grendon_2035_23,Z11,PQ,,121.73,0.0,False,0.0,inf,,-1.0,1.0,,0.0,,,1.0,Battery,0.0,0.0,0.0,0.0,0.0,,,0.0,True,0,inf,121.73,False,,False,False,2.0,0.92,0.92,0.001,0.0,0.0,-1.647,52.569
FES_Battery_Ratcliffe_2035_24,Z11,PQ,,41.0,0.0,False,0.0,inf,,-1.0,1.0,,0.0,,,1.0,Battery,0.0,0.0,0.0,0.0,0.0,,,0.0,True,0,inf,41.0,False,,False,False,2.0,0.92,0.92,0.001,0.0,0.0,-1.647,52.569
FES_Battery_Staythorpe_2035_25,Z10,PQ,,79.9,0.0,False,0.0,inf,,-1.0,1.0,,0.0,,,1.0,Battery,0.0,0.0,0.0,0.0,0.0,,,0.0,True,0,inf,79.9,False,,False,False,2.0,0.92,0.92,0.001,0.0,0.0,-0.383,53.136
FES_Battery_West_Burton_2035_26,Z10,PQ,,36.6,0.0,False,0.0,inf,,-1.0,1.0,,0.0,,,1.0,Battery,0.0,0.0,0.0,0.0,0.0,,,0.0,True,0,inf,36.6,False,,False,False,2.0,0.92,0.92,0.001,0.0,0.0,-0.383,53.136
FES_Battery_Willington_2035_27,Z11,PQ,,40.0,0.0,False,0.0,inf,,-1.0,1.0,,0.0,,,1.0,Battery,0.0,0.0,0.0,0.0,0.0,,,0.0,True,0,inf,40.0,False,,False,False,2.0,0.92,0.92,0.001,0.0,0.0,-1.647,52.569
FES_Battery_Aberthaw_2035_28,Z13,PQ,,20.0,0.0,False,0.0,inf,,-1.0,1.0,,0.0,,,1.0,Battery,0.0,0.0,0.0,0.0,0.0,,,0.0,True,0,inf,20.0,False,,False,False,2.0,0.92,0.92,0.001,0.0,0.0,-2.946,51.817
FES_Battery_Swansea_North_2035_29,Z13,PQ,,65.004,0.0,False,0.0,inf,,-1.0,1.0,,0.0,,,1.0,Battery,0.0,0.0,0.0,0.0,0.0,,,0.0,True,0,inf,65.004,False,,False,False,2.0,0.92,0.92,0.001,0.0,0.0,-2.946,51.817
FES_Battery_Uskmouth_2035_30,Z13,PQ,,20.6,0.0,False,0.0,inf,,-1.0,1.0,,0.0,,,1.0,Battery,0.0,0.0,0.0,0.0,0.0,,,0.0,True,0,inf,20.6,False,,False,False,2.0,0.92,0.92,0.001,0.0,0.0,-2.946,51.817
FES_Battery_Abham_2035_31,Z17,PQ,,43.3,0.0,False,0.0,inf,,-1.0,1.0,,0.0,,,1.0,Battery,0.0,0.0,0.0,0.0,0.0,,,0.0,True,0,inf,43.3,False,,False,False,2.0,0.92,0.92,0.001,0.0,0.0,-3.601,50.757
FES_Battery_Alverdiscott_2035_32,Z17,PQ,,83.65,0.0,False,0.0,inf,,-1.0,1.0,,0.0,,,1.0,Battery,0.0,0.0,0.0,0.0,0.0,,,0.0,True,0,inf,83.65,False,,False,False,2.0,0.92,0.92,0.001,0.0,0.0,-3.601,50.757
FES_Battery_Axminster_2035_33,Z17,PQ,,30.0,0.0,False,0.0,inf,,-1.0,1.0,,0.0,,,1.0,Battery,0.0,0.0,0.0,0.0,0.0,,,0.0,True,0,inf,30.0,False,,False,False,2.0,0.92,0.92,0.001,0.0,0.0,-3.601,50.757
FES_Battery_Bridgewater_2035_34,Z17,PQ,,49.9,0.0,False,0.0,inf,,-1.0,1.0,,0.0,,,1.0,Battery,0.0,0.0,0.0,0.0,0.0,,,0.0,True,0,inf,49.9,False,,False,False,2.0,0.92,0.92,0.001,0.0,0.0,-3.601,50.757
FES_Battery_Exeter_2035_35,Z17,PQ,,35.0,0.0,False,0.0,inf,,-1.0,1.0,,0.0,,,1.0,Battery,0.0,0.0,0.0,0.0,0.0,,,0.0,True,0,inf,35.0,False,,False,False,2.0,0.92,0.92,0.001,0.0,0.0,-3.601,50.757
FES_Battery_Indian_Queens_2035_36,Z17,PQ,,102.0,0.0,False,0.0,inf,,-1.0,1.0,,0.0,,,1.0,Battery,0.0,0.0,0.0,0.0,0.0,,,0.0,True,0,inf,102.0,False,,False,False,2.0,0.92,0.92,0.001,0.0,0.0,-3.601,50.757
FES_Battery_Landulph_2035_37,Z17,PQ,,112.799,0.0,False,0.0,inf,,-1.0,1.0,,0.0,,,1.0,Battery,0.0,0.0,0.0,0.0,0.0,,,0.0,True,0,inf,112.799,False,,False,False,2.0,0.92,0.92,0.001,0.0,0.0,-3.601,50.757
FES_Battery_Seabank_2035_38,Z13,PQ,,6.0,0.0,False,0.0,inf,,-1.0,1.0,,0.0,,,1.0,Battery,0.0,0.0,0.0,0.0,0.0,,,0.0,True,0,inf,6.0,False,,False,False,2.0,0.92,0.92,0.001,0.0,0.0,-2.946,51.817
FES_Battery_Taunton_2035_39,Z17,PQ,,65.399,0.0,False,0.0,inf,,-1.0,1.0,,0.0,,,1.0,Battery,0.0,0.0,0.0,0.0,0.0,,,0.0,True,0,inf,65.399,False,,False,False,2.0,0.92,0.92,0.001,0.0,0.0,-3.601,50.757
FES_Battery_Bishops_Wood_2035_40,Z11,PQ,,109.793,0.0,False,0.0,inf,,-1.0,1.0,,0.0,,,1.0,Battery,0.0,0.0,0.0,0.0,0.0,,,0.0,True,0,inf,109.793,False,,False,False,2.0,0.92,0.92,0.001,0.0,0.0,-1.647,52.569
FES_Battery_Bushbury_2035_41,Z11,PQ,,119.9,0.0,False,0.0,inf,,-1.0,1.0,,0.0,,,1.0,Battery,0.0,0.0,0.0,0.0,0.0,,,0.0,True,0,inf,119.9,False,,False,False,2.0,0.92,0.92,0.001,0.0,0.0,-1.647,52.569
FES_Battery_Bustleholme_2035_42,Z11,PQ,,41.0,0.0,False,0.0,inf,,-1.0,1.0,,0.0,,,1.0,Battery,0.0,0.0,0.0,0.0,0.0,,,0.0,True,0,inf,41.0,False,,False,False,2.0,0.92,0.92,0.001,0.0,0.0,-1.647,52.569
FES_Battery_Cellarhead_2035_43,Z11,PQ,,185.08,0.0,False,0.0,inf,,-1.0,1.0,,0.0,,,1.0,Battery,0.0,0.0,0.0,0.0,0.0,,,0.0,True,0,inf,185.08,False,,False,False,2.0,0.92,0.92,0.001,0.0,0.0,-1.647,52.569
FES_Battery_Feckenham_2035_44,Z11,PQ,,5.99,0.0,False,0.0,inf,,-1.0,1.0,,0.0,,,1.0,Battery,0.0,0.0,0.0,0.0,0.0,,,0.0,True,0,inf,5.99,False,,False,False,2.0,0.92,0.92,0.001,0.0,0.0,-1.647,52.569
FES_Battery_Iron_Acton_2035_45,Z13,PQ,,326.137,0.0,False,0.0,inf,,-1.0,1.0,,0.0,,,1.0,Battery,0.0,0.0,0.0,0.0,0.0,,,0.0,True,0,inf,326.137,False,,False,False,2.0,0.92,0.92,0.001,0.0,0.0,-2.946,51.817
FES_Battery_Ironbridge_2035_46,Z11,PQ,,3.661,0.0,False,0.0,inf,,-1.0,1.0,,0.0,,,1.0,Battery,0.0,0.0,0.0,0.0,0.0,,,0.0,True,0,inf,3.661,False,,False,False,2.0,0.92,0.92,0.001,0.0,0.0,-1.647,52.569
FES_Battery_Kitwell_2035_47,Z11,PQ,,20.0,0.0,False,0.0,inf,,-1.0,1.0,,0.0,,,1.0,Battery,0.0,0.0,0.0,0.0,0.0,,,0.0,True,0,inf,20.0,False,,False,False,2.0,0.92,0.92,0.001,0.0,0.0,-1.647,52.569
FES_Battery_Ocker_Hill_2035_48,Z11,PQ,,118.818,0.0,False,0.0,inf,,-1.0,1.0,,0.0,,,1.0,Battery,0.0,0.0,0.0,0.0,0.0,,,0.0,True,0,inf,118.818,False,,False,False,2.0,0.92,0.92,0.001,0.0,0.0,-1.647,52.569
FES_Battery_Oldbury_2035_49,Z11,PQ,,99.0,0.0,False,0.0,inf,,-1.0,1.0,,0.0,,,1.0,Battery,0.0,0.0,0.0,0.0,0.0,,,0.0,True,0,inf,99.0,False,,False,False,2.0,0.92,0.92,0.001,0.0,0.0,-1.647,52.569
FES_Battery_Penn_2035_50,Z11,PQ,,134.166,0.0,False,0.0,inf,,-1.0,1.0,,0.0,,,1.0,Battery,0.0,0.0,0.0,0.0,0.0,,,0.0,True,0,inf,134.166,False,,False,False,2.0,0.92,0.92,0.001,0.0,0.0,-1.647,52.569
FES_Battery_Walham_2035_51,Z13,PQ,,109.035,0.0,False,0.0,inf,,-1.0,1.0,,0.0,,,1.0,Battery,0.0,0.0,0.0,0.0,0.0,,,0.0,True,0,inf,109.035,False,,False,False,2.0,0.92,0.92,0.001,0.0,0.0,-2.946,51.817
FES_Battery_Willenhall_2035_52,Z11,PQ,,56.895,0.0,False,0.0,inf,,-1.0,1.0,,0.0,,,1.0,Battery,0.0,0.0,0.0,0.0,0.0,,,0.0,True,0,inf,56.895,False,,False,False,2.0,0.92,0.92,0.001,0.0,0.0,-1.647,52.569
FES_Battery_Fourstones_2035_53,Z7,PQ,,20.0,0.0,False,0.0,inf,,-1.0,1.0,,0.0,,,1.0,Battery,0.0,0.0,0.0,0.0,0.0,,,0.0,True,0,inf,20.0,False,,False,False,2.0,0.92,0.92,0.001,0.0,0.0,-2.186,54.884
FES_Battery_Hartmoor_2035_54,Z7,PQ,,50.0,0.0,False,0.0,inf,,-1.0,1.0,,0.0,,,1.0,Battery,0.0,0.0,0.0,0.0,0.0,,,0.0,True,0,inf,50.0,False,,False,False,2.0,0.92,0.92,0.001,0.0,0.0,-2.186,54.884
FES_Battery_Hawthorn_Pit_2035_55,Z7,PQ,,49.9,0.0,False,0.0,inf,,-1.0,1.0,,0.0,,,1.0,Battery,0.0,0.0,0.0,0.0,0.0,,,0.0,True,0,inf,49.9,False,,False,False,2.0,0.92,0.92,0.001,0.0,0.0,-2.186,54.884
FES_Battery_Knaresborough_2035_56,Z8,PQ,,33.0,0.0,False,0.0,inf,,-1.0,1.0,,0.0,,,1.0,Battery,0.0,0.0,0.0,0.0,0.0,,,0.0,True,0,inf,33.0,False,,False,False,2.0,0.92,0.92,0.001,0.0,0.0,-1.164,53.914
FES_Battery_Lackenby_2035_57,Z8,PQ,,6.0,0.0,False,0.0,inf,,-1.0,1.0,,0.0,,,1.0,Battery,0.0,0.0,0.0,0.0,0.0,,,0.0,True,0,inf,6.0,False,,False,False,2.0,0.92,0.92,0.001,0.0,0.0,-1.164,53.914
FES_Battery_Norton_2035_58,Z7,PQ,,43.245,0.0,False,0.0,inf,,-1.0,1.0,,0.0,,,1.0,Battery,0.0,0.0,0.0,0.0,0.0,,,0.0,True,0,inf,43.245,False,,False,False,2.0,0.92,0.92,0.001,0.0,0.0,-2.186,54.884
FES_Battery_Osbaldwick_2035_59,Z8,PQ,,89.9,0.0,False,0.0,inf,,-1.0,1.0,,0.0,,,1.0,Battery,0.0,0.0,0.0,0.0,0.0,,,0.0,True,0,inf,89.9,False,,False,False,2.0,0.92,0.92,0.001,0.0,0.0,-1.164,53.914
FES_Battery_South_Shields_2035_60,Z7,PQ,,35.0,0.0,False,0.0,inf,,-1.0,1.0,,0.0,,,1.0,Battery,0.0,0.0,0.0,0.0,0.0,,,0.0,True,0,inf,35.0,False,,False,False,2.0,0.92,0.92,0.001,0.0,0.0,-2.186,54.884
FES_Battery_Spennymoor_2035_61,Z7,PQ,,49.9,0.0,False,0.0,inf,,-1.0,1.0,,0.0,,,1.0,Battery,0.0,0.0,0.0,0.0,0.0,,,0.0,True,0,inf,49.9,False,,False,False,2.0,0.92,0.92,0.001,0.0,0.0,-2.186,54.884
FES_Battery_Stella_South_2035_62,Z7,PQ,,99.8,0.0,False,0.0,inf,,-1.0,1.0,,0.0,,,1.0,Battery,0.0,0.0,0.0,0.0,0.0,,,0.0,True,0,inf,99.8,False,,False,False,2.0,0.92,0.92,0.001,0.0,0.0,-2.186,54.884
FES_Battery_Tynemouth_132kV_2035_63,Z7,PQ,,67.5,0.0,False,0.0,inf,,-1.0,1.0,,0.0,,,1.0,Battery,0.0,0.0,0.0,0.0,0.0,,,0.0,True,0,inf,67.5,False,,False,False,2.0,0.92,0.92,0.001,0.0,0.0,-2.186,54.884
FES_Battery_West_Boldon_2035_64,Z7,PQ,,6.555,0.0,False,0.0,inf,,-1.0,1.0,,0.0,,,1.0,Battery,0.0,0.0,0.0,0.0,0.0,,,0.0,True,0,inf,6.555,False,,False,False,2.0,0.92,0.92,0.001,0.0,0.0,-2.186,54.884
FES_Battery_Bradford_West_2035_65,Z8,PQ,,84.9,0.0,False,0.0,inf,,-1.0,1.0,,0.0,,,1.0,Battery,0.0,0.0,0.0,0.0,0.0,,,0.0,True,0,inf,84.9,False,,False,False,2.0,0.92,0.92,0.001,0.0,0.0,-1.164,53.914
FES_Battery_Camblesforth_66kV_Drax_2035_66,Z8,PQ,,35.0,0.0,False,0.0,inf,,-1.0,1.0,,0.0,,,1.0,Battery,0.0,0.0,0.0,0.0,0.0,,,0.0,True,0,inf,35.0,False,,False,False,2.0,0.92,0.92,0.001,0.0,0.0,-1.164,53.914
FES_Battery_Creyke_Beck_2035_67,Z8,PQ,,85.9,0.0,False,0.0,inf,,-1.0,1.0,,0.0,,,1.0,Battery,0.0,0.0,0.0,0.0,0.0,,,0.0,True,0,inf,85.9,False,,False,False,2.0,0.92,0.92,0.001,0.0,0.0,-1.164,53.914
FES_Battery_Camblesforth_66kV_Drax_2035_68,Z8,PQ,,80.0,0.0,False,0.0,inf,,-1.0,1.0,,0.0,,,1.0,Battery,0.0,0.0,0.0,0.0,0.0,,,0.0,True,0,inf,80.0,False,,False,False,2.0,0.92,0.92,0.001,0.0,0.0,-1.164,53.914
FES_Battery_Elland_2035_69,Z8,PQ,,169.0,0.0,False,0.0,inf,,-1.0,1.0,,0.0,,,1.0,Battery,0.0,0.0,0.0,0.0,0.0,,,0.0,True,0,inf,169.0,False,,False,False,2.0,0.92,0.92,0.001,0.0,0.0,-1.164,53.914
FES_Battery_Ferrybridge_B_2035_70,Z8,PQ,,52.4,0.0,False,0.0,inf,,-1.0,1.0,,0.0,,,1.0,Battery,0.0,0.0,0.0,0.0,0.0,,,0.0,True,0,inf,52.4,False,,False,False,2.0,0.92,0.92,0.001,0.0,0.0,-1.164,53.914
FES_Battery_Grimsby_West_2035_71,Z10,PQ,,80.0,0.0,False,0.0,inf,,-1.0,1.0,,0.0,,,1.0,Battery,0.0,0.0,0.0,0.0,0.0,,,0.0,True,0,inf,80.0,False,,False,False,2.0,0.92,0.92,0.001,0.0,0.0,-0.383,53.136
FES_Battery_Keadby_2035_72,Z8,PQ,,229.0,0.0,False,0.0,inf,,-1.0,1.0,,0.0,,,1.0,Battery,0.0,0.0,0.0,0.0,0.0,,,0.0,True,0,inf,229.0,False,,False,False,2.0,0.92,0.92,0.001,0.0,0.0,-1.164,53.914
FES_Battery_Pitsmoor_2035_73,Z8,PQ,,89.5,0.0,False,0.0,inf,,-1.0,1.0,,0.0,,,1.0,Battery,0.0,0.0,0.0,0.0,0.0,,,0.0,True,0,inf,89.5,False,,False,False,2.0,0.92,0.92,0.001,0.0,0.0,-1.164,53.914
FES_Battery_Saltend_North_2035_74,Z8,PQ,,7.2,0.0,False,0.0,inf,,-1.0,1.0,,0.0,,,1.0,Battery,0.0,0.0,0.0,0.0,0.0,,,0.0,True,0,inf,7.2,False,,False,False,2.0,0.92,0.92,0.001,0.0,0.0,-1.164,53.914
FES_Battery_Skelton_Grange_2035_75,Z8,PQ,,99.9,0.0,False,0.0,inf,,-1.0,1.0,,0.0,,,1.0,Battery,0.0,0.0,0.0,0.0,0.0,,,0.0,True,0,inf,99.9,False,,False,False,2.0,0.92,0.92,0.001,0.0,0.0,-1.164,53.914
FES_Battery_Thurcroft_2035_76,Z8,PQ,,50.0,0.0,False,0.0,inf,,-1.0,1.0,,0.0,,,1.0,Battery,0.0,0.0,0.0,0.0,0.0,,,0.0,True,0,inf,50.0,False,,False,False,2.0,0.92,0.92,0.001,0.0,0.0,-1.164,53.914
FES_Battery_West_Melton_2035_77,Z8,PQ,,161.1,0.0,False,0.0,inf,,-1.0,1.0,,0.0,,,1.0,Battery,0.0,0.0,0.0,0.0,0.0,,,0.0,True,0,inf,161.1,False,,False,False,2.0,0.92,0.92,0.001,0.0,0.0,-1.164,53.914
FES_Battery_Ayr_2035_78,Z5,PQ,,49.9,0.0,False,0.0,inf,,-1.0,1.0,,0.0,,,1.0,Battery,0.0,0.0,0.0,0.0,0.0,,,0.0,True,0,inf,49.9,False,,False,False,2.0,0.92,0.92,0.001,0.0,0.0,-3.83,55.777
FES_Battery_Cupar_2035_79,Z3,PQ,,49.9,0.0,False,0.0,inf,,-1.0,1.0,,0.0,,,1.0,Battery,0.0,0.0,0.0,0.0,0.0,,,0.0,True,0,inf,49.9,False,,False,False,2.0,0.92,0.92,0.001,0.0,0.0,-4.05,56.442
FES_Battery_Drumcross_2035_80,Z5,PQ,,60.8,0.0,False,0.0,inf,,-1.0,1.0,,0.0,,,1.0,Battery,0.0,0.0,0.0,0.0,0.0,,,0.0,True,0,inf,60.8,False,,False,False,2.0,0.92,0.92,0.001,0.0,0.0,-3.83,55.777
FES_Battery_Dunfermline_2035_81,Z5,PQ,,29.9,0.0,False,0.0,inf,,-1.0,1.0,,0.0,,,1.0,Battery,0.0,0.0,0.0,0.0,0.0,,,0.0,True,0,inf,29.9,False,,False,False,2.0,0.92,0.92,0.001,0.0,0.0,-3.83,55.777
FES_Battery_East_Kilbride_2035_82,Z5,PQ,,49.9,0.0,False,0.0,inf,,-1.0,1.0,,0.0,,,1.0,Battery,0.0,0.0,0.0,0.0,0.0,,,0.0,True,0,inf,49.9,False,,False,False,2.0,0.92,0.92,0.001,0.0,0.0,-3.83,55.777
FES_Battery_Erskine_2035_83,Z5,PQ,,69.9,0.0,False,0.0,inf,,-1.0,1.0,,0.0,,,1.0,Battery,0.0,0.0,0.0,0.0,0.0,,,0.0,True,0,inf,69.9,False,,False,False,2.0,0.92,0.92,0.001,0.0,0.0,-3.83,55.777
FES_Battery_Glenniston_2035_84,Z5,PQ,,99.95,0.0,False,0.0,inf,,-1.0,1.0,,0.0,,,1.0,Battery,0.0,0.0,0.0,0.0,0.0,,,0.0,True,0,inf,99.95,False,,False,False,2.0,0.92,0.92,0.001,0.0,0.0,-3.83,55.777
FES_Battery_Glenrothes_2035_85,Z3,PQ,,99.89,0.0,False,0.0,inf,,-1.0,1.0,,0.0,,,1.0,Battery,0.0,0.0,0.0,0.0,0.0,,,0.0,True,0,inf,99.89,False,,False,False,2.0,0.92,0.92,0.001,0.0,0.0,-4.05,56.442
FES_Battery_Helensburgh_2035_86,Z5,PQ,,39.9,0.0,False,0.0,inf,,-1.0,1.0,,0.0,,,1.0,Battery,0.0,0.0,0.0,0.0,0.0,,,0.0,True,0,inf,39.9,False,,False,False,2.0,0.92,0.92,0.001,0.0,0.0,-3.83,55.777
FES_Battery_Inverkeithing_2035_87,Z5,PQ,,42.0,0.0,False,0.0,inf,,-1.0,1.0,,0.0,,,1.0,Battery,0.0,0.0,0.0,0.0,0.0,,,0.0,True,0,inf,42.0,False,,False,False,2.0,0.92,0.92,0.001,0.0,0.0,-3.83,55.777
FES_Battery_Kilwinning_2035_88,Z5,PQ,,27.0,0.0,False,0.0,inf,,-1.0,1.0,,0.0,,,1.0,Battery,0.0,0.0,0.0,0.0,0.0,,,0.0,True,0,inf,27.0,False,,False,False,2.0,0.92,0.92,0.001,0.0,0.0,-3.83,55.777
FES_Battery_Paisley_2035_89,Z5,PQ,,1.814,0.0,False,0.0,inf,,-1.0,1.0,,0.0,,,1.0,Battery,0.0,0.0,0.0,0.0,0.0,,,0.0,True,0,inf,1.814,False,,False,False,2.0,0.92,0.92,0.001,0.0,0.0,-3.83,55.777
FES_Battery_Redhouse_2035_90,Z5,PQ,,16.0,0.0,False,0.0,inf,,-1.0,1.0,,0.0,,,1.0,Battery,0.0,0.0,0.0,0.0,0.0,,,0.0,True,0,inf,16.0,False,,False,False,2.0,0.92,0.92,0.001,0.0,0.0,-3.83,55.777
FES_Battery_Capenhurst_2035_91,Z9,PQ,,35.0,0.0,False,0.0,inf,,-1.0,1.0,,0.0,,,1.0,Battery,0.0,0.0,0.0,0.0,0.0,,,0.0,True,0,inf,35.0,False,,False,False,2.0,0.92,0.92,0.001,0.0,0.0,-3.01,53.386
FES_Battery_Carrington_2035_92,Z9,PQ,,28.0,0.0,False,0.0,inf,,-1.0,1.0,,0.0,,,1.0,Battery,0.0,0.0,0.0,0.0,0.0,,,0.0,True,0,inf,28.0,False,,False,False,2.0,0.92,0.92,0.001,0.0,0.0,-3.01,53.386
FES_Battery_Frodsham_2035_93,Z9,PQ,,31.0,0.0,False,0.0,inf,,-1.0,1.0,,0.0,,,1.0,Battery,0.0,0.0,0.0,0.0,0.0,,,0.0,True,0,inf,31.0,False,,False,False,2.0,0.92,0.92,0.001,0.0,0.0,-3.01,53.386
FES_Battery_Lister_Drive_2035_94,Z9,PQ,,20.0,0.0,False,0.0,inf,,-1.0,1.0,,0.0,,,1.0,Battery,0.0,0.0,0.0,0.0,0.0,,,0.0,True,0,inf,20.0,False,,False,False,2.0,0.92,0.92,0.001,0.0,0.0,-3.01,53.386
FES_Battery_Wylfa_2035_95,Z9,PQ,,210.0,0.0,False,0.0,inf,,-1.0,1.0,,0.0,,,1.0,Battery,0.0,0.0,0.0,0.0,0.0,,,0.0,True,0,inf,210.0,False,,False,False,2.0,0.92,0.92,0.001,0.0,0.0,-3.01,53.386
FES_Battery_Abernethy_2035_96,Z3,PQ,,49.0,0.0,False,0.0,inf,,-1.0,1.0,,0.0,,,1.0,Battery,0.0,0.0,0.0,0.0,0.0,,,0.0,True,0,inf,49.0,False,,False,False,2.0,0.92,0.92,0.001,0.0,0.0,-4.05,56.442
FES_Battery_Alness_2035_97,Z1_3,PQ,,49.9,0.0,False,0.0,inf,,-1.0,1.0,,0.0,,,1.0,Battery,0.0,0.0,0.0,0.0,0.0,,,0.0,True,0,inf,49.9,False,,False,False,2.0,0.92,0.92,0.001,0.0,0.0,-4.436,58.107
FES_Battery_Arbroath_2035_98,Z2,PQ,,35.0,0.0,False,0.0,inf,,-1.0,1.0,,0.0,,,1.0,Battery,0.0,0.0,0.0,0.0,0.0,,,0.0,True,0,inf,35.0,False,,False,False,2.0,0.92,0.92,0.001,0.0,0.0,-3.173,57.182
FES_Battery_Boat_of_Garten_2035_99,Z2,PQ,,49.9,0.0,False,0.0,inf,,-1.0,1.0,,0.0,,,1.0,Battery,0.0,0.0,0.0,0.0,0.0,,,0.0,True,0,inf,49.9,False,,False,False,2.0,0.92,0.92,0.001,0.0,0.0,-3.173,57.182
FES_Battery_Braco_West_2035_100,Z3,PQ,,49.9,0.0,False,0.0,inf,,-1.0,1.0,,0.0,,,1.0,Battery,0.0,0.0,0.0,0.0,0.0,,,0.0,True,0,inf,49.9,False,,False,False,2.0,0.92,0.92,0.001,0.0,0.0,-4.05,56.442
FES_Battery_Burghmuir_2035_101,Z3,PQ,,1.366,0.0,False,0.0,inf,,-1.0,1.0,,0.0,,,1.0,Battery,0.0,0.0,0.0,0.0,0.0,,,0.0,True,0,inf,1.366,False,,False,False,2.0,0.92,0.92,0.001,0.0,0.0,-4.05,56.442
FES_Battery_Charleston_2035_102,Z3,PQ,,49.9,0.0,False,0.0,inf,,-1.0,1.0,,0.0,,,1.0,Battery,0.0,0.0,0.0,0.0,0.0,,,0.0,True,0,inf,49.9,False,,False,False,2.0,0.92,0.92,0.001,0.0,0.0,-4.05,56.442
FES_Battery_Coupar_Angus_2035_103,Z3,PQ,,40.0,0.0,False,0.0,inf,,-1.0,1.0,,0.0,,,1.0,Battery,0.0,0.0,0.0,0.0,0.0,,,0.0,True,0,inf,40.0,False,,False,False,2.0,0.92,0.92,0.001,0.0,0.0,-4.05,56.442
FES_Battery_Dunoon_2035_104,Z4,PQ,,45.0,0.0,False,0.0,inf,,-1.0,1.0,,0.0,,,1.0,Battery,0.0,0.0,0.0,0.0,0.0,,,0.0,True,0,inf,45.0,False,,False,False,2.0,0.92,0.92,0.001,0.0,0.0,-5.675,55.779
FES_Battery_Dyce_2035_105,Z2,PQ,,50.622,0.0,False,0.0,inf,,-1.0,1.0,,0.0,,,1.0,Battery,0.0,0.0,0.0,0.0,0.0,,,0.0,True,0,inf,50.622,False,,False,False,2.0,0.92,0.92,0.001,0.0,0.0,-3.173,57.182
FES_Battery_Fort_Augustus_2035_106,Z1_4,PQ,,49.9,0.0,False,0.0,inf,,-1.0,1.0,,0.0,,,1.0,Battery,0.0,0.0,0.0,0.0,0.0,,,0.0,True,0,inf,49.9,False,,False,False,2.0,0.92,0.92,0.001,0.0,0.0,-5.2,57.119
FES_Battery_Fraserburgh_2035_107,Z2,PQ,,86.0,0.0,False,0.0,inf,,-1.0,1.0,,0.0,,,1.0,Battery,0.0,0.0,0.0,0.0,0.0,,,0.0,True,0,inf,86.0,False,,False,False,2.0,0.92,0.92,0.001,0.0,0.0,-3.173,57.182
FES_Battery_Keith_2035_108,Z2,PQ,,49.9,0.0,False,0.0,inf,,-1.0,1.0,,0.0,,,1.0,Battery,0.0,0.0,0.0,0.0,0.0,,,0.0,True,0,inf,49.9,False,,False,False,2.0,0.92,0.92,0.001,0.0,0.0,-3.173,57.182
FES_Battery_Kintore_2035_109,Z2,PQ,,49.9,0.0,False,0.0,inf,,-1.0,1.0,,0.0,,,1.0,Battery,0.0,0.0,0.0,0.0,0.0,,,0.0,True,0,inf,49.9,False,,False,False,2.0,0.92,0.92,0.001,0.0,0.0,-3.173,57.182
FES_Battery_Lunanhead_2035_110,Z2,PQ,,59.89,0.0,False,0.0,inf,,-1.0,1.0,,0.0,,,1.0,Battery,0.0,0.0,0.0,0.0,0.0,,,0.0,True,0,inf,59.89,False,,False,False,2.0,0.92,0.92,0.001,0.0,0.0,-3.173,57.182
FES_Battery_Lyndhurst_2035_111,Z3,PQ,,49.9,0.0,False,0.0,inf,,-1.0,1.0,,0.0,,,1.0,Battery,0.0,0.0,0.0,0.0,0.0,,,0.0,True,0,inf,49.9,False,,False,False,2.0,0.92,0.92,0.001,0.0,0.0,-4.05,56.442
FES_Battery_Nairn_2035_112,Z2,PQ,,49.9,0.0,False,0.0,inf,,-1.0,1.0,,0.0,,,1.0,Battery,0.0,0.0,0.0,0.0,0.0,,,0.0,True,0,inf,49.9,False,,False,False,2.0,0.92,0.92,0.001,0.0,0.0,-3.173,57.182
FES_Battery_Peterhead_Shell_2035_113,Z2,PQ,,1.0,0.0,False,0.0,inf,,-1.0,1.0,,0.0,,,1.0,Battery,0.0,0.0,0.0,0.0,0.0,,,0.0,True,0,inf,1.0,False,,False,False,2.0,0.92,0.92,0.001,0.0,0.0,-3.173,57.182
FES_Battery_Rothienorman_2035_114,Z2,PQ,,49.9,0.0,False,0.0,inf,,-1.0,1.0,,0.0,,,1.0,Battery,0.0,0.0,0.0,0.0,0.0,,,0.0,True,0,inf,49.9,False,,False,False,2.0,0.92,0.92,0.001,0.0,0.0,-3.173,57.182
FES_Battery_Strichen_2035_115,Z2,PQ,,67.1,0.0,False,0.0,inf,,-1.0,1.0,,0.0,,,1.0,Battery,0.0,0.0,0.0,0.0,0.0,,,0.0,True,0,inf,67.1,False,,False,False,2.0,0.92,0.92,0.001,0.0,0.0,-3.173,57.182
FES_Battery_Thurso_2035_116,Z1_3,PQ,,3.0,0.0,False,0.0,inf,,-1.0,1.0,,0.0,,,1.0,Battery,0.0,0.0,0.0,0.0,0.0,,,0.0,True,0,inf,3.0,False,,False,False,2.0,0.92,0.92,0.001,0.0,0.0,-4.436,58.107
FES_Battery_Botley_Wood_2035_117,Z16,PQ,,49.9,0.0,False,0.0,inf,,-1.0,1.0,,0.0,,,1.0,Battery,0.0,0.0,0.0,0.0,0.0,,,0.0,True,0,inf,49.9,False,,False,False,2.0,0.92,0.92,0.001,0.0,0.0,-0.725,51.039
FES_Battery_Bramley_2035_118,Z16,PQ,,260.9,0.0,False,0.0,inf,,-1.0,1.0,,0.0,,,1.0,Battery,0.0,0.0,0.0,0.0,0.0,,,0.0,True,0,inf,260.9,False,,False,False,2.0,0.92,0.92,0.001,0.0,0.0,-0.725,51.039
FES_Battery_Fawley_2035_119,Z16,PQ,,109.696,0.0,False,0.0,inf,,-1.0,1.0,,0.0,,,1.0,Battery,0.0,0.0,0.0,0.0,0.0,,,0.0,True,0,inf,109.696,False,,False,False,2.0,0.92,0.92,0.001,0.0,0.0,-0.725,51.039
FES_Battery_Fleet_2035_120,Z16,PQ,,4.75,0.0,False,0.0,inf,,-1.0,1.0,,0.0,,,1.0,Battery,0.0,0.0,0.0,0.0,0.0,,,0.0,True,0,inf,4.75,False,,False,False,2.0,0.92,0.92,0.001,0.0,0.0,-0.725,51.039
FES_Battery_Iver_132kV_2035_121,Z14,PQ,,20.0,0.0,False,0.0,inf,,-1.0,1.0,,0.0,,,1.0,Battery,0.0,0.0,0.0,0.0,0.0,,,0.0,True,0,inf,20.0,False,,False,False,2.0,0.92,0.92,0.001,0.0,0.0,-0.157,51.536
FES_Battery_Lovedean_2035_122,Z16,PQ,,6.1,0.0,False,0.0,inf,,-1.0,1.0,,0.0,,,1.0,Battery,0.0,0.0,0.0,0.0,0.0,,,0.0,True,0,inf,6.1,False,,False,False,2.0,0.92,0.92,0.001,0.0,0.0,-0.725,51.039
FES_Battery_Mannington_2035_123,Z16,PQ,,95.0,0.0,False,0.0,inf,,-1.0,1.0,,0.0,,,1.0,Battery,0.0,0.0,0.0,0.0,0.0,,,0.0,True,0,inf,95.0,False,,False,False,2.0,0.92,0.92,0.001,0.0,0.0,-0.725,51.039
FES_Battery_Melksham_2035_124,Z13,PQ,,392.693,0.0,False,0.0,inf,,-1.0,1.0,,0.0,,,1.0,Battery,0.0,0.0,0.0,0.0,0.0,,,0.0,True,0,inf,392.693,False,,False,False,2.0,0.92,0.92,0.001,0.0,0.0,-2.946,51.817
FES_Battery_Minety_2035_125,Z13,PQ,,237.0,0.0,False,0.0,inf,,-1.0,1.0,,0.0,,,1.0,Battery,0.0,0.0,0.0,0.0,0.0,,,0.0,True,0,inf,237.0,False,,False,False,2.0,0.92,0.92,0.001,0.0,0.0,-2.946,51.817
FES_Battery_Nursling_2035_126,Z16,PQ,,29.526,0.0,False,0.0,inf,,-1.0,1.0,,0.0,,,1.0,Battery,0.0,0.0,0.0,0.0,0.0,,,0.0,True,0,inf,29.526,False,,False,False,2.0,0.92,0.92,0.001,0.0,0.0,-0.725,51.039
FES_Battery_Amersham_Main_2035_127,Z14,PQ,,205.2,0.0,False,0.0,inf,,-1.0,1.0,,0.0,,,1.0,Battery,0.0,0.0,0.0,0.0,0.0,,,0.0,True,0,inf,205.2,False,,False,False,2.0,0.92,0.92,0.001,0.0,0.0,-0.157,51.536
FES_Battery_Braintree_2035_128,Z12,PQ,,11.7,0.0,False,0.0,inf,,-1.0,1.0,,0.0,,,1.0,Battery,0.0,0.0,0.0,0.0,0.0,,,0.0,True,0,inf,11.7,False,,False,False,2.0,0.92,0.92,0.001,0.0,0.0,0.4507,52.254
FES_Battery_Bramford_2035_129,Z12,PQ,,173.9,0.0,False,0.0,inf,,-1.0,1.0,,0.0,,,1.0,Battery,0.0,0.0,0.0,0.0,0.0,,,0.0,True,0,inf,173.9,False,,False,False,2.0,0.92,0.92,0.001,0.0,0.0,0.4507,52.254
FES_Battery_Burwell_Main_2035_130,Z12,PQ,,5.0,0.0,False,0.0,inf,,-1.0,1.0,,0.0,,,1.0,Battery,0.0,0.0,0.0,0.0,0.0,,,0.0,True,0,inf,5.0,False,,False,False,2.0,0.92,0.92,0.001,0.0,0.0,0.4507,52.254
FES_Battery_Elstree_2035_131,Z14,PQ,,27.058,0.0,False,0.0,inf,,-1.0,1.0,,0.0,,,1.0,Battery,0.0,0.0,0.0,0.0,0.0,,,0.0,True,0,inf,27.058,False,,False,False,2.0,0.92,0.92,0.001,0.0,0.0,-0.157,51.536
FES_Battery_Norwich_Main_2035_132,Z12,PQ,,159.09,0.0,False,0.0,inf,,-1.0,1.0,,0.0,,,1.0,Battery,0.0,0.0,0.0,0.0,0.0,,,0.0,True,0,inf,159.09,False,,False,False,2.0,0.92,0.92,0.001,0.0,0.0,0.4507,52.254
FES_Battery_Pelham_2035_133,Z12,PQ,,105.0,0.0,False,0.0,inf,,-1.0,1.0,,0.0,,,1.0,Battery,0.0,0.0,0.0,0.0,0.0,,,0.0,True,0,inf,105.0,False,,False,False,2.0,0.92,0.92,0.001,0.0,0.0,0.4507,52.254
FES_Battery_Rayleigh_2035_134,Z15,PQ,,432.9,0.0,False,0.0,inf,,-1.0,1.0,,0.0,,,1.0,Battery,0.0,0.0,0.0,0.0,0.0,,,0.0,True,0,inf,432.9,False,,False,False,2.0,0.92,0.92,0.001,0.0,0.0,0.826,51.312
FES_Battery_Rye_House_2035_135,Z14,PQ,,5.058,0.0,False,0.0,inf,,-1.0,1.0,,0.0,,,1.0,Battery,0.0,0.0,0.0,0.0,0.0,,,0.0,True,0,inf,5.058,False,,False,False,2.0,0.92,0.92,0.001,0.0,0.0,-0.157,51.536
FES_Battery_Sundon_2035_136,Z14,PQ,,68.05,0.0,False,0.0,inf,,-1.0,1.0,,0.0,,,1.0,Battery,0.0,0.0,0.0,0.0,0.0,,,0.0,True,0,inf,68.05,False,,False,False,2.0,0.92,0.92,0.001,0.0,0.0,-0.157,51.536
FES_Battery_Tilbury_2035_137,Z15,PQ,,76.0,0.0,False,0.0,inf,,-1.0,1.0,,0.0,,,1.0,Battery,0.0,0.0,0.0,0.0,0.0,,,0.0,True,0,inf,76.0,False,,False,False,2.0,0.92,0.92,0.001,0.0,0.0,0.826,51.312
FES_Battery_Tottenham_2035_138,Z14,PQ,,5.2,0.0,False,0.0,inf,,-1.0,1.0,,0.0,,,1.0,Battery,0.0,0.0,0.0,0.0,0.0,,,0.0,True,0,inf,5.2,False,,False,False,2.0,0.92,0.92,0.001,0.0,0.0,-0.157,51.536
FES_Battery_Walpole__A_2035_139,Z12,PQ,,59.49,0.0,False,0.0,inf,,-1.0,1.0,,0.0,,,1.0,Battery,0.0,0.0,0.0,0.0,0.0,,,0.0,True,0,inf,59.49,False,,False,False,2.0,0.92,0.92,0.001,0.0,0.0,0.4507,52.254
FES_Battery_Warley_2035_140,Z14,PQ,,50.0,0.0,False,0.0,inf,,-1.0,1.0,,0.0,,,1.0,Battery,0.0,0.0,0.0,0.0,0.0,,,0.0,True,0,inf,50.0,False,,False,False,2.0,0.92,0.92,0.001,0.0,0.0,-0.157,51.536
FES_Battery_Wymondley_2035_141,Z14,PQ,,55.085,0.0,False,0.0,inf,,-1.0,1.0,,0.0,,,1.0,Battery,0.0,0.0,0.0,0.0,0.0,,,0.0,True,0,inf,55.085,False,,False,False,2.0,0.92,0.92,0.001,0.0,0.0,-0.157,51.536
FES_Battery_Islington_2035_142,Z14,PQ,,2.85,0.0,False,0.0,inf,,-1.0,1.0,,0.0,,,1.0,Battery,0.0,0.0,0.0,0.0,0.0,,,0.0,True,0,inf,2.85,False,,False,False,2.0,0.92,0.92,0.001,0.0,0.0,-0.157,51.536
FES_Battery_Littlebrook_LPN_2035_143,Z14,PQ,,13.0,0.0,False,0.0,inf,,-1.0,1.0,,0.0,,,1.0,Battery,0.0,0.0,0.0,0.0,0.0,,,0.0,True,0,inf,13.0,False,,False,False,2.0,0.92,0.92,0.001,0.0,0.0,-0.157,51.536
FES_Battery_New_Cross_66kV_2035_144,Z14,PQ,,1.0,0.0,False,0.0,inf,,-1.0,1.0,,0.0,,,1.0,Battery,0.0,0.0,0.0,0.0,0.0,,,0.0,True,0,inf,1.0,False,,False,False,2.0,0.92,0.92,0.001,0.0,0.0,-0.157,51.536
FES_Battery_Bolney_2035_145,Z16,PQ,,55.8,0.0,False,0.0,inf,,-1.0,1.0,,0.0,,,1.0,Battery,0.0,0.0,0.0,0.0,0.0,,,0.0,True,0,inf,55.8,False,,False,False,2.0,0.92,0.92,0.001,0.0,0.0,-0.725,51.039
FES_Battery_Canterbury_2035_146,Z15,PQ,,52.4,0.0,False,0.0,inf,,-1.0,1.0,,0.0,,,1.0,Battery,0.0,0.0,0.0,0.0,0.0,,,0.0,True,0,inf,52.4,False,,False,False,2.0,0.92,0.92,0.001,0.0,0.0,0.826,51.312
FES_Battery_Kemsley_2035_147,Z15,PQ,,98.9,0.0,False,0.0,inf,,-1.0,1.0,,0.0,,,1.0,Battery,0.0,0.0,0.0,0.0,0.0,,,0.0,True,0,inf,98.9,False,,False,False,2.0,0.92,0.92,0.001,0.0,0.0,0.826,51.312
FES_Battery_Kingsnorth_2035_148,Z15,PQ,,49.5,0.0,False,0.0,inf,,-1.0,1.0,,0.0,,,1.0,Battery,0.0,0.0,0.0,0.0,0.0,,,0.0,True,0,inf,49.5,False,,False,False,2.0,0.92,0.92,0.001,0.0,0.0,0.826,51.312
FES_Battery_Ninfield_2035_149,Z15,PQ,,102.5,0.0,False,0.0,inf,,-1.0,1.0,,0.0,,,1.0,Battery,0.0,0.0,0.0,0.0,0.0,,,0.0,True,0,inf,102.5,False,,False,False,2.0,0.92,0.92,0.001,0.0,0.0,0.826,51.312
FES_Battery_Northfleet_East_2035_150,Z14,PQ,,91.84,0.0,False,0.0,inf,,-1.0,1.0,,0.0,,,1.0,Battery,0.0,0.0,0.0,0.0,0.0,,,0.0,True,0,inf,91.84,False,,False,False,2.0,0.92,0.92,0.001,0.0,0.0,-0.157,51.536
FES_Battery_West_Weybridge_2035_151,Z14,PQ,,6.0,0.0,False,0.0,inf,,-1.0,1.0,,0.0,,,1.0,Battery,0.0,0.0,0.0,0.0,0.0,,,0.0,True,0,inf,6.0,False,,False,False,2.0,0.92,0.92,0.001,0.0,0.0,-0.157,51.536
FES_Direct_Battery_EPSRC_Willenhall_2035_152,Z11,PQ,,9.550779863100793,0.0,False,0.0,inf,,-1.0,1.0,,0.0,,,1.0,Battery,0.0,0.0,0.0,0.0,0.0,,,0.0,True,0,inf,9.550779863100793,False,,False,False,2.0,0.92,0.92,0.001,0.0,0.0,-1.647,52.569
FES_Direct_Battery_Rise_Carr_Darlington___CLNR_EES3_1_2035_153,Z7,PQ,,11.938474828875991,0.0,False,0.0,inf,,-1.0,1.0,,0.0,,,1.0,Battery,0.0,0.0,0.0,0.0,0.0,,,0.0,True,0,inf,11.938474828875991,False,,False,False,2.0,0.92,0.92,0.001,0.0,0.0,-2.186,54.884
FES_Direct_Battery_Falcon_Project_2035_154,Z14,PQ,,1.432616979465119,0.0,False,0.0,inf,,-1.0,1.0,,0.0,,,1.0,Battery,0.0,0.0,0.0,0.0,0.0,,,0.0,True,0,inf,1.432616979465119,False,,False,False,2.0,0.92,0.92,0.001,0.0,0.0,-0.157,51.536
FES_Direct_Battery_Slepe_Farm_2035_155,Z16,PQ,,1.432616979465119,0.0,False,0.0,inf,,-1.0,1.0,,0.0,,,1.0,Battery,0.0,0.0,0.0,0.0,0.0,,,0.0,True,0,inf,1.432616979465119,False,,False,False,2.0,0.92,0.92,0.001,0.0,0.0,-0.725,51.039
FES_Direct_Battery_Willersey_solar_farm__2035_156,Z11,PQ,,4.7753899315503965,0.0,False,0.0,inf,,-1.0,1.0,,0.0,,,1.0,Battery,0.0,0.0,0.0,0.0,0.0,,,0.0,True,0,inf,4.7753899315503965,False,,False,False,2.0,0.92,0.92,0.001,0.0,0.0,-1.647,52.569
FES_Direct_Battery_Limberlost_Solar_Farm__2035_157,Z16,PQ,,1.432616979465119,0.0,False,0.0,inf,,-1.0,1.0,,0.0,,,1.0,Battery,0.0,0.0,0.0,0.0,0.0,,,0.0,True,0,inf,1.432616979465119,False,,False,False,2.0,0.92,0.92,0.001,0.0,0.0,-0.725,51.039
FES_Direct_Battery_Higher_Hill_Farm_Energy_Storage_2035_158,Z17,PQ,,1.432616979465119,0.0,False,0.0,inf,,-1.0,1.0,,0.0,,,1.0,Battery,0.0,0.0,0.0,0.0,0.0,,,0.0,True,0,inf,1.432616979465119,False,,False,False,2.0,0.92,0.92,0.001,0.0,0.0,-3.601,50.757
FES_Direct_Battery_The_Everest_System_2035_159,Z12,PQ,,0.47753899315503967,0.0,False,0.0,inf,,-1.0,1.0,,0.0,,,1.0,Battery,0.0,0.0,0.0,0.0,0.0,,,0.0,True,0,inf,0.47753899315503967,False,,False,False,2.0,0.92,0.92,0.001,0.0,0.0,0.4507,52.254
FES_Direct_Battery_Oxcroft_Solar_Farm_2035_160,Z10,PQ,,4.7753899315503965,0.0,False,0.0,inf,,-1.0,1.0,,0.0,,,1.0,Battery,0.0,0.0,0.0,0.0,0.0,,,0.0,True,0,inf,4.7753899315503965,False,,False,False,2.0,0.92,0.92,0.001,0.0,0.0,-0.383,53.136
FES_Direct_Battery_Western_International_Market_WIM_Site_2035_161,Z14,PQ,,0.9550779863100793,0.0,False,0.0,inf,,-1.0,1.0,,0.0,,,1.0,Battery,0.0,0.0,0.0,0.0,0.0,,,0.0,True,0,inf,0.9550779863100793,False,,False,False,2.0,0.92,0.92,0.001,0.0,0.0,-0.157,51.536
FES_Direct_Battery_Salcey_Solar_Farm_2035_162,Z11,PQ,,4.7753899315503965,0.0,False,0.0,inf,,-1.0,1.0,,0.0,,,1.0,Battery,0.0,0.0,0.0,0.0,0.0,,,0.0,True,0,inf,4.7753899315503965,False,,False,False,2.0,0.92,0.92,0.001,0.0,0.0,-1.647,52.569
FES_Direct_Battery_Cleveland_Potash_2035_163,Z8,PQ,,28.65233958930238,0.0,False,0.0,inf,,-1.0,1.0,,0.0,,,1.0,Battery,0.0,0.0,0.0,0.0,0.0,,,0.0,True,0,inf,28.65233958930238,False,,False,False,2.0,0.92,0.92,0.001,0.0,0.0,-1.164,53.914
FES_Direct_Battery_JB_Wheaton_2035_164,Z17,PQ,,42.02343139764349,0.0,False,0.0,inf,,-1.0,1.0,,0.0,,,1.0,Battery,0.0,0.0,0.0,0.0,0.0,,,0.0,True,0,inf,42.02343139764349,False,,False,False,2.0,0.92,0.92,0.001,0.0,0.0,-3.601,50.757
FES_Direct_Battery_Pelham_2035_165,Z12,PQ,,233.99410664596942,0.0,False,0.0,inf,,-1.0,1.0,,0.0,,,1.0,Battery,0.0,0.0,0.0,0.0,0.0,,,0.0,True,0,inf,233.99410664596942,False,,False,False,2.0,0.92,0.92,0.001,0.0,0.0,0.4507,52.254
FES_Direct_Battery_Berry_Court_Solar_Farm___energy_storage_2035_166,Z16,PQ,,4.7753899315503965,0.0,False,0.0,inf,,-1.0,1.0,,0.0,,,1.0,Battery,0.0,0.0,0.0,0.0,0.0,,,0.0,True,0,inf,4.7753899315503965,False,,False,False,2.0,0.92,0.92,0.001,0.0,0.0,-0.725,51.039
FES_Direct_Battery_Blackburn_Meadows__2035_167,Z8,PQ,,47.753899315503965,0.0,False,0.0,inf,,-1.0,1.0,,0.0,,,1.0,Battery,0.0,0.0,0.0,0.0,0.0,,,0.0,True,0,inf,47.753899315503965,False,,False,False,2.0,0.92,0.92,0.001,0.0,0.0,-1.164,53.914
FES_Direct_Battery_Dorking_Battery_Energy_Storage_System_2035_168,Z16,PQ,,28.65233958930238,0.0,False,0.0,inf,,-1.0,1.0,,0.0,,,1.0,Battery,0.0,0.0,0.0,0.0,0.0,,,0.0,True,0,inf,28.65233958930238,False,,False,False,2.0,0.92,0.92,0.001,0.0,0.0,-0.725,51.039
FES_Direct_Battery_Land_to_the_west_of_Clay_Hill_Pit___Larport_Farm_2035_169,Z13,PQ,,95.50779863100793,0.0,False,0.0,inf,,-1.0,1.0,,0.0,,,1.0,Battery,0.0,0.0,0.0,0.0,0.0,,,0.0,True,0,inf,95.50779863100793,False,,False,False,2.0,0.92,0.92,0.001,0.0,0.0,-2.946,51.817
FES_Direct_Battery_Roosecote_2035_170,Z9,PQ,,233.99410664596942,0.0,False,0.0,inf,,-1.0,1.0,,0.0,,,1.0,Battery,0.0,0.0,0.0,0.0,0.0,,,0.0,True,0,inf,233.99410664596942,False,,False,False,2.0,0.92,0.92,0.001,0.0,0.0,-3.01,53.386
FES_Direct_Battery_Bumpers_Lane_Solar_Farm__2035_171,Z14,PQ,,63.512686089620274,0.0,False,0.0,inf,,-1.0,1.0,,0.0,,,1.0,Battery,0.0,0.0,0.0,0.0,0.0,,,0.0,True,0,inf,63.512686089620274,False,,False,False,2.0,0.92,0.92,0.001,0.0,0.0,-0.157,51.536
FES_Direct_Battery_Hill_Farm___Energy_Barn_2035_172,Z11,PQ,,47.753899315503965,0.0,False,0.0,inf,,-1.0,1.0,,0.0,,,1.0,Battery,0.0,0.0,0.0,0.0,0.0,,,0.0,True,0,inf,47.753899315503965,False,,False,False,2.0,0.92,0.92,0.001,0.0,0.0,-1.647,52.569
FES_Direct_Battery_Kings_Barn_Farm___Energy_Barn_2035_173,Z16,PQ,,47.753899315503965,0.0,False,0.0,inf,,-1.0,1.0,,0.0,,,1.0,Battery,0.0,0.0,0.0,0.0,0.0,,,0.0,True,0,inf,47.753899315503965,False,,False,False,2.0,0.92,0.92,0.001,0.0,0.0,-0.725,51.039
FES_Direct_Battery_Leverton_Farm___Energy_Barn_2035_174,Z10,PQ,,47.753899315503965,0.0,False,0.0,inf,,-1.0,1.0,,0.0,,,1.0,Battery,0.0,0.0,0.0,0.0,0.0,,,0.0,True,0,inf,47.753899315503965,False,,False,False,2.0,0.92,0.92,0.001,0.0,0.0,-0.383,53.136
FES_Direct_Battery_Noriker_Power_Staunch_2035_175,Z9,PQ,,95.50779863100793,0.0,False,0.0,inf,,-1.0,1.0,,0.0,,,1.0,Battery,0.0,0.0,0.0,0.0,0.0,,,0.0,True,0,inf,95.50779863100793,False,,False,False,2.0,0.92,0.92,0.001,0.0,0.0,-3.01,53.386
FES_Direct_Battery_West_Burton_2035_176,Z10,PQ,,233.99410664596942,0.0,False,0.0,inf,,-1.0,1.0,,0.0,,,1.0,Battery,0.0,0.0,0.0,0.0,0.0,,,0.0,True,0,inf,233.99410664596942,False,,False,False,2.0,0.92,0.92,0.001,0.0,0.0,-0.383,53.136
FES_Direct_Battery_Tynemouth_Energy_Storage_System_TESS_2035_177,Z7,PQ,,119.38474828875991,0.0,False,0.0,inf,,-1.0,1.0,,0.0,,,1.0,Battery,0.0,0.0,0.0,0.0,0.0,,,0.0,True,0,inf,119.38474828875991,False,,False,False,2.0,0.92,0.92,0.001,0.0,0.0,-2.186,54.884
FES_Direct_Battery_Nevendon_2035_178,Z15,PQ,,47.753899315503965,0.0,False,0.0,inf,,-1.0,1.0,,0.0,,,1.0,Battery,0.0,0.0,0.0,0.0,0.0,,,0.0,True,0,inf,47.753899315503965,False,,False,False,2.0,0.92,0.92,0.001,0.0,0.0,0.826,51.312
FES_Direct_Battery_Pen_y_Cymoedd_Energy_Storage_2035_179,Z13,PQ,,105.05857849410873,0.0,False,0.0,inf,,-1.0,1.0,,0.0,,,1.0,Battery,0.0,0.0,0.0,0.0,0.0,,,0.0,True,0,inf,105.05857849410873,False,,False,False,2.0,0.92,0.92,0.001,0.0,0.0,-2.946,51.817
FES_Direct_Battery_Asfordby_Business_Park_1_2035_180,Z10,PQ,,111.74412439827927,0.0,False,0.0,inf,,-1.0,1.0,,0.0,,,1.0,Battery,0.0,0.0,0.0,0.0,0.0,,,0.0,True,0,inf,111.74412439827927,False,,False,False,2.0,0.92,0.92,0.001,0.0,0.0,-0.383,53.136
FES_Direct_Battery_Ray_Battery_Storage_Facility_2035_181,Z7,PQ,,95.50779863100793,0.0,False,0.0,inf,,-1.0,1.0,,0.0,,,1.0,Battery,0.0,0.0,0.0,0.0,0.0,,,0.0,True,0,inf,95.50779863100793,False,,False,False,2.0,0.92,0.92,0.001,0.0,0.0,-2.186,54.884
FES_Direct_Battery_Claredown_Farm_2035_182,Z12,PQ,,95.50779863100793,0.0,False,0.0,inf,,-1.0,1.0,,0.0,,,1.0,Battery,0.0,0.0,0.0,0.0,0.0,,,0.0,True,0,inf,95.50779863100793,False,,False,False,2.0,0.92,0.92,0.001,0.0,0.0,0.4507,52.254
FES_Direct_Battery_Melksham_Substation_East_Storage_2035_183,Z13,PQ,,238.76949657751982,0.0,False,0.0,inf,,-1.0,1.0,,0.0,,,1.0,Battery,0.0,0.0,0.0,0.0,0.0,,,0.0,True,0,inf,238.76949657751982,False,,False,False,2.0,0.92,0.92,0.001,0.0,0.0,-2.946,51.817
FES_Direct_Battery_Lockleaze_Energy_Storage_2035_184,Z13,PQ,,71.63084897325595,0.0,False,0.0,inf,,-1.0,1.0,,0.0,,,1.0,Battery,0.0,0.0,0.0,0.0,0.0,,,0.0,True,0,inf,71.63084897325595,False,,False,False,2.0,0.92,0.92,0.001,0.0,0.0,-2.946,51.817
FES_Direct_Battery_Thrybergh_Hydroelectric_Scheme_2035_185,Z8,PQ,,1.432616979465119,0.0,False,0.0,inf,,-1.0,1.0,,0.0,,,1.0,Battery,0.0,0.0,0.0,0.0,0.0,,,0.0,True,0,inf,1.432616979465119,False,,False,False,2.0,0.92,0.92,0.001,0.0,0.0,-1.164,53.914
FES_Direct_Battery_Port_of_Tyne_2035_186,Z7,PQ,,167.13864760426387,0.0,False,0.0,inf,,-1.0,1.0,,0.0,,,1.0,Battery,0.0,0.0,0.0,0.0,0.0,,,0.0,True,0,inf,167.13864760426387,False,,False,False,2.0,0.92,0.92,0.001,0.0,0.0,-2.186,54.884
FES_Direct_Battery_Burbo_Bank_Energy_Storage_2035_187,Z9,PQ,,9.550779863100793,0.0,False,0.0,inf,,-1.0,1.0,,0.0,,,1.0,Battery,0.0,0.0,0.0,0.0,0.0,,,0.0,True,0,inf,9.550779863100793,False,,False,False,2.0,0.92,0.92,0.001,0.0,0.0,-3.01,53.386
FES_Direct_Battery_Trent_Basin_Community_Battery_2035_188,Z10,PQ,,2.3876949657751982,0.0,False,0.0,inf,,-1.0,1.0,,0.0,,,1.0,Battery,0.0,0.0,0.0,0.0,0.0,,,0.0,True,0,inf,2.3876949657751982,False,,False,False,2.0,0.92,0.92,0.001,0.0,0.0,-0.383,53.136
FES_Direct_Battery_Land_at_and_adjacent_to_Leicester_Forest_Services_2035_189,Z11,PQ,,7.163084897325595,0.0,False,0.0,inf,,-1.0,1.0,,0.0,,,1.0,Battery,0.0,0.0,0.0,0.0,0.0,,,0.0,True,0,inf,7.163084897325595,False,,False,False,2.0,0.92,0.92,0.001,0.0,0.0,-1.647,52.569
FES_Direct_Battery_Stony_Energy_Storage_Facility_2035_190,Z14,PQ,,381.5536555308767,0.0,False,0.0,inf,,-1.0,1.0,,0.0,,,1.0,Battery,0.0,0.0,0.0,0.0,0.0,,,0.0,True,0,inf,381.5536555308767,False,,False,False,2.0,0.92,0.92,0.001,0.0,0.0,-0.157,51.536
FES_Direct_Battery_Pillswood_Phase_1__2035_191,Z8,PQ,,236.38180161174463,0.0,False,0.0,inf,,-1.0,1.0,,0.0,,,1.0,Battery,0.0,0.0,0.0,0.0,0.0,,,0.0,True,0,inf,236.38180161174463,False,,False,False,2.0,0.92,0.92,0.001,0.0,0.0,-1.164,53.914
FES_Direct_Battery_Nether_Moor_Field_2035_192,Z8,PQ,,238.29195758436478,0.0,False,0.0,inf,,-1.0,1.0,,0.0,,,1.0,Battery,0.0,0.0,0.0,0.0,0.0,,,0.0,True,0,inf,238.29195758436478,False,,False,False,2.0,0.92,0.92,0.001,0.0,0.0,-1.164,53.914
FES_Direct_Battery_Mannington_Battery_Storage_Plant_2035_193,Z13,PQ,,238.29195758436478,0.0,False,0.0,inf,,-1.0,1.0,,0.0,,,1.0,Battery,0.0,0.0,0.0,0.0,0.0,,,0.0,True,0,inf,238.29195758436478,False,,False,False,2.0,0.92,0.92,0.001,0.0,0.0,-2.946,51.817
FES_Direct_Battery_London_Distribution_Park_2035_194,Z14,PQ,,18.146481739891506,0.0,False,0.0,inf,,-1.0,1.0,,0.0,,,1.0,Battery,0.0,0.0,0.0,0.0,0.0,,,0.0,True,0,inf,18.146481739891506,False,,False,False,2.0,0.92,0.92,0.001,0.0,0.0,-0.157,51.536
FES_Direct_Battery_Lathom_Pilkington_Technical_Centre_Battery_Storage_2035_195,Z9,PQ,,9.550779863100793,0.0,False,0.0,inf,,-1.0,1.0,,0.0,,,1.0,Battery,0.0,0.0,0.0,0.0,0.0,,,0.0,True,0,inf,9.550779863100793,False,,False,False,2.0,0.92,0.92,0.001,0.0,0.0,-3.01,53.386
FES_Direct_Battery_Severn_Road_2035_196,Z13,PQ,,152.8124778096127,0.0,False,0.0,inf,,-1.0,1.0,,0.0,,,1.0,Battery,0.0,0.0,0.0,0.0,0.0,,,0.0,True,0,inf,152.8124778096127,False,,False,False,2.0,0.92,0.92,0.001,0.0,0.0,-2.946,51.817
FES_Direct_Battery_Dollymans_Storage_2035_197,Z15,PQ,,477.44348535640864,0.0,False,0.0,inf,,-1.0,1.0,,0.0,,,1.0,Battery,0.0,0.0,0.0,0.0,0.0,,,0.0,True,0,inf,477.44348535640864,False,,False,False,2.0,0.92,0.92,0.001,0.0,0.0,0.826,51.312
FES_Direct_Battery_Philip_Dennis_Food_Service_2035_198,Z17,PQ,,18.146481739891506,0.0,False,0.0,inf,,-1.0,1.0,,0.0,,,1.0,Battery,0.0,0.0,0.0,0.0,0.0,,,0.0,True,0,inf,18.146481739891506,False,,False,False,2.0,0.92,0.92,0.001,0.0,0.0,-3.601,50.757
FES_Direct_Battery_Creyke_Beck_2035_199,Z8,PQ,,238.29195758436478,0.0,False,0.0,inf,,-1.0,1.0,,0.0,,,1.0,Battery,0.0,0.0,0.0,0.0,0.0,,,0.0,True,0,inf,238.29195758436478,False,,False,False,2.0,0.92,0.92,0.001,0.0,0.0,-1.164,53.914
FES_Direct_Battery_Huggins_Hall_2035_200,Z15,PQ,,191.01559726201586,0.0,False,0.0,inf,,-1.0,1.0,,0.0,,,1.0,Battery,0.0,0.0,0.0,0.0,0.0,,,0.0,True,0,inf,191.01559726201586,False,,False,False,2.0,0.92,0.92,0.001,0.0,0.0,0.826,51.312
FES_Direct_Battery_Calow_Green_Farm_2035_201,Z10,PQ,,95.50779863100793,0.0,False,0.0,inf,,-1.0,1.0,,0.0,,,1.0,Battery,0.0,0.0,0.0,0.0,0.0,,,0.0,True,0,inf,95.50779863100793,False,,False,False,2.0,0.92,0.92,0.001,0.0,0.0,-0.383,53.136
FES_Direct_Battery_Kirkhaw_Lane_2035_202,Z8,PQ,,95.50779863100793,0.0,False,0.0,inf,,-1.0,1.0,,0.0,,,1.0,Battery,0.0,0.0,0.0,0.0,0.0,,,0.0,True,0,inf,95.50779863100793,False,,False,False,2.0,0.92,0.92,0.001,0.0,0.0,-1.164,53.914
FES_Direct_Battery_Fideoak_Mills_2035_203,Z17,PQ,,143.2616979465119,0.0,False,0.0,inf,,-1.0,1.0,,0.0,,,1.0,Battery,0.0,0.0,0.0,0.0,0.0,,,0.0,True,0,inf,143.2616979465119,False,,False,False,2.0,0.92,0.92,0.001,0.0,0.0,-3.601,50.757
FES_Direct_Battery_Land_at_Carnegie_Road_2035_204,Z9,PQ,,95.50779863100793,0.0,False,0.0,inf,,-1.0,1.0,,0.0,,,1.0,Battery,0.0,0.0,0.0,0.0,0.0,,,0.0,True,0,inf,95.50779863100793,False,,False,False,2.0,0.92,0.92,0.001,0.0,0.0,-3.01,53.386
FES_Direct_Battery_Anchor_Lane_Energy_Centre_2035_205,Z11,PQ,,19.101559726201586,0.0,False,0.0,inf,,-1.0,1.0,,0.0,,,1.0,Battery,0.0,0.0,0.0,0.0,0.0,,,0.0,True,0,inf,19.101559726201586,False,,False,False,2.0,0.92,0.92,0.001,0.0,0.0,-1.647,52.569
FES_Direct_Battery_Osbaldwick_Substation_2035_206,Z8,PQ,,238.29195758436478,0.0,False,0.0,inf,,-1.0,1.0,,0.0,,,1.0,Battery,0.0,0.0,0.0,0.0,0.0,,,0.0,True,0,inf,238.29195758436478,False,,False,False,2.0,0.92,0.92,0.001,0.0,0.0,-1.164,53.914
FES_Direct_Battery_Cleator_2035_207,Z6,PQ,,47.753899315503965,0.0,False,0.0,inf,,-1.0,1.0,,0.0,,,1.0,Battery,0.0,0.0,0.0,0.0,0.0,,,0.0,True,0,inf,47.753899315503965,False,,False,False,2.0,0.92,0.92,0.001,0.0,0.0,-3.483,55.264
FES_Direct_Battery_Minety_South___Battery_Storage_2035_208,Z13,PQ,,238.72174267820432,0.0,False,0.0,inf,,-1.0,1.0,,0.0,,,1.0,Battery,0.0,0.0,0.0,0.0,0.0,,,0.0,True,0,inf,238.72174267820432,False,,False,False,2.0,0.92,0.92,0.001,0.0,0.0,-2.946,51.817
FES_Direct_Battery_West_Didsbury_Battery_Storage_2035_209,Z9,PQ,,238.72174267820432,0.0,False,0.0,inf,,-1.0,1.0,,0.0,,,1.0,Battery,0.0,0.0,0.0,0.0,0.0,,,0.0,True,0,inf,238.72174267820432,False,,False,False,2.0,0.92,0.92,0.001,0.0,0.0,-3.01,53.386
FES_Direct_Battery_Meteor_Business_Park_2035_210,Z13,PQ,,7.163084897325595,0.0,False,0.0,inf,,-1.0,1.0,,0.0,,,1.0,Battery,0.0,0.0,0.0,0.0,0.0,,,0.0,True,0,inf,7.163084897325595,False,,False,False,2.0,0.92,0.92,0.001,0.0,0.0,-2.946,51.817
FES_Direct_Battery_Boscar_Grange_Farm_2035_211,Z8,PQ,,128.9355281518607,0.0,False,0.0,inf,,-1.0,1.0,,0.0,,,1.0,Battery,0.0,0.0,0.0,0.0,0.0,,,0.0,True,0,inf,128.9355281518607,False,,False,False,2.0,0.92,0.92,0.001,0.0,0.0,-1.164,53.914
FES_Direct_Battery_Clayhill_2035_212,Z14,PQ,,28.65233958930238,0.0,False,0.0,inf,,-1.0,1.0,,0.0,,,1.0,Battery,0.0,0.0,0.0,0.0,0.0,,,0.0,True,0,inf,28.65233958930238,False,,False,False,2.0,0.92,0.92,0.001,0.0,0.0,-0.157,51.536
FES_Direct_Battery_Pillswood_Phase_2_2035_213,Z8,PQ,,236.38180161174463,0.0,False,0.0,inf,,-1.0,1.0,,0.0,,,1.0,Battery,0.0,0.0,0.0,0.0,0.0,,,0.0,True,0,inf,236.38180161174463,False,,False,False,2.0,0.92,0.92,0.001,0.0,0.0,-1.164,53.914
FES_Direct_Battery_Lascar_Works__2035_214,Z9,PQ,,95.50779863100793,0.0,False,0.0,inf,,-1.0,1.0,,0.0,,,1.0,Battery,0.0,0.0,0.0,0.0,0.0,,,0.0,True,0,inf,95.50779863100793,False,,False,False,2.0,0.92,0.92,0.001,0.0,0.0,-3.01,53.386
FES_Direct_Battery_Clayhill_Farm____Battery_Energy_Storage_2035_215,Z14,PQ,,100.28318856255832,0.0,False,0.0,inf,,-1.0,1.0,,0.0,,,1.0,Battery,0.0,0.0,0.0,0.0,0.0,,,0.0,True,0,inf,100.28318856255832,False,,False,False,2.0,0.92,0.92,0.001,0.0,0.0,-0.157,51.536
FES_Direct_Battery_Feeder_Road_2035_216,Z13,PQ,,95.50779863100793,0.0,False,0.0,inf,,-1.0,1.0,,0.0,,,1.0,Battery,0.0,0.0,0.0,0.0,0.0,,,0.0,True,0,inf,95.50779863100793,False,,False,False,2.0,0.92,0.92,0.001,0.0,0.0,-2.946,51.817
FES_Direct_Battery_Energy_Centre_Royal_Mint_2035_217,Z13,PQ,,95.50779863100793,0.0,False,0.0,inf,,-1.0,1.0,,0.0,,,1.0,Battery,0.0,0.0,0.0,0.0,0.0,,,0.0,True,0,inf,95.50779863100793,False,,False,False,2.0,0.92,0.92,0.001,0.0,0.0,-2.946,51.817
FES_Direct_Battery_Lister_Drive_2035_218,Z9,PQ,,238.29195758436478,0.0,False,0.0,inf,,-1.0,1.0,,0.0,,,1.0,Battery,0.0,0.0,0.0,0.0,0.0,,,0.0,True,0,inf,238.29195758436478,False,,False,False,2.0,0.92,0.92,0.001,0.0,0.0,-3.01,53.386
FES_Direct_Battery_Liverpool_Energy_Management_Facility_2035_219,Z9,PQ,,238.29195758436478,0.0,False,0.0,inf,,-1.0,1.0,,0.0,,,1.0,Battery,0.0,0.0,0.0,0.0,0.0,,,0.0,True,0,inf,238.29195758436478,False,,False,False,2.0,0.92,0.92,0.001,0.0,0.0,-3.01,53.386
FES_Direct_Battery_Stonehill_Energy_Storage_2035_220,Z13,PQ,,238.76949657751982,0.0,False,0.0,inf,,-1.0,1.0,,0.0,,,1.0,Battery,0.0,0.0,0.0,0.0,0.0,,,0.0,True,0,inf,238.76949657751982,False,,False,False,2.0,0.92,0.92,0.001,0.0,0.0,-2.946,51.817
FES_Direct_Battery_Cleve_Hill_Solar_Project_2035_221,Z15,PQ,,716.3084897325595,0.0,False,0.0,inf,,-1.0,1.0,,0.0,,,1.0,Battery,0.0,0.0,0.0,0.0,0.0,,,0.0,True,0,inf,716.3084897325595,False,,False,False,2.0,0.92,0.92,0.001,0.0,0.0,0.826,51.312
FES_Direct_Battery_Bustleholme_Substation_2035_222,Z11,PQ,,238.29195758436478,0.0,False,0.0,inf,,-1.0,1.0,,0.0,,,1.0,Battery,0.0,0.0,0.0,0.0,0.0,,,0.0,True,0,inf,238.29195758436478,False,,False,False,2.0,0.92,0.92,0.001,0.0,0.0,-1.647,52.569
FES_Direct_Battery_Clifton_Marsh_Waste_Water_Treatment_Works_2035_223,Z9,PQ,,9.550779863100793,0.0,False,0.0,inf,,-1.0,1.0,,0.0,,,1.0,Battery,0.0,0.0,0.0,0.0,0.0,,,0.0,True,0,inf,9.550779863100793,False,,False,False,2.0,0.92,0.92,0.001,0.0,0.0,-3.01,53.386
FES_Direct_Battery_Larks_Green_Solar_Farm_2035_224,Z13,PQ,,236.38180161174463,0.0,False,0.0,inf,,-1.0,1.0,,0.0,,,1.0,Battery,0.0,0.0,0.0,0.0,0.0,,,0.0,True,0,inf,236.38180161174463,False,,False,False,2.0,0.92,0.92,0.001,0.0,0.0,-2.946,51.817
FES_Direct_Battery_Bloxwich_Battery_2035_225,Z11,PQ,,195.79098719356625,0.0,False,0.0,inf,,-1.0,1.0,,0.0,,,1.0,Battery,0.0,0.0,0.0,0.0,0.0,,,0.0,True,0,inf,195.79098719356625,False,,False,False,2.0,0.92,0.92,0.001,0.0,0.0,-1.647,52.569
FES_Direct_Battery_Richborough_Energy_Park_2035_226,Z15,PQ,,238.29195758436478,0.0,False,0.0,inf,,-1.0,1.0,,0.0,,,1.0,Battery,0.0,0.0,0.0,0.0,0.0,,,0.0,True,0,inf,238.29195758436478,False,,False,False,2.0,0.92,0.92,0.001,0.0,0.0,0.826,51.312
FES_Direct_Battery_Newlands_Farm_Battery_Storage_Facility_Phase_2_2035_227,Z16,PQ,,191.01559726201586,0.0,False,0.0,inf,,-1.0,1.0,,0.0,,,1.0,Battery,0.0,0.0,0.0,0.0,0.0,,,0.0,True,0,inf,191.01559726201586,False,,False,False,2.0,0.92,0.92,0.001,0.0,0.0,-0.725,51.039
FES_Direct_Battery_Native_River_2035_228,Z9,PQ,,272.1972260983726,0.0,False,0.0,inf,,-1.0,1.0,,0.0,,,1.0,Battery,0.0,0.0,0.0,0.0,0.0,,,0.0,True,0,inf,272.1972260983726,False,,False,False,2.0,0.92,0.92,0.001,0.0,0.0,-3.01,53.386
FES_Direct_Battery_Crouch_Solar_Farm_2035_229,Z14,PQ,,238.29195758436478,0.0,False,0.0,inf,,-1.0,1.0,,0.0,,,1.0,Battery,0.0,0.0,0.0,0.0,0.0,,,0.0,True,0,inf,238.29195758436478,False,,False,False,2.0,0.92,0.92,0.001,0.0,0.0,-0.157,51.536
FES_Direct_Battery_Hirwaun_Stor_Generation___Battery_Storage_2035_230,Z13,PQ,,103.91248491053663,0.0,False,0.0,inf,,-1.0,1.0,,0.0,,,1.0,Battery,0.0,0.0,0.0,0.0,0.0,,,0.0,True,0,inf,103.91248491053663,False,,False,False,2.0,0.92,0.92,0.001,0.0,0.0,-2.946,51.817
FES_Direct_Battery_Rusholme_Grange__2035_231,Z8,PQ,,191.01559726201586,0.0,False,0.0,inf,,-1.0,1.0,,0.0,,,1.0,Battery,0.0,0.0,0.0,0.0,0.0,,,0.0,True,0,inf,191.01559726201586,False,,False,False,2.0,0.92,0.92,0.001,0.0,0.0,-1.164,53.914
FES_Direct_Battery_South_Farm_Solar_Park_2035_232,Z16,PQ,,47.753899315503965,0.0,False,0.0,inf,,-1.0,1.0,,0.0,,,1.0,Battery,0.0,0.0,0.0,0.0,0.0,,,0.0,True,0,inf,47.753899315503965,False,,False,False,2.0,0.92,0.92,0.001,0.0,0.0,-0.725,51.039
FES_Direct_Battery_Richborough_Energy_Park___Phase_2_2035_233,Z15,PQ,,239.24703557067488,0.0,False,0.0,inf,,-1.0,1.0,,0.0,,,1.0,Battery,0.0,0.0,0.0,0.0,0.0,,,0.0,True,0,inf,239.24703557067488,False,,False,False,2.0,0.92,0.92,0.001,0.0,0.0,0.826,51.312
FES_Direct_Battery_North_Norfolk_Business_Centre_Solar_Park___Battery_Energy_Storage_Scheme_2035_234,Z12,PQ,,28.65233958930238,0.0,False,0.0,inf,,-1.0,1.0,,0.0,,,1.0,Battery,0.0,0.0,0.0,0.0,0.0,,,0.0,True,0,inf,28.65233958930238,False,,False,False,2.0,0.92,0.92,0.001,0.0,0.0,0.4507,52.254
FES_Direct_Battery_Clay_Tye_Farm_Phase_1___Storage_Facility_2035_235,Z14,PQ,,236.38180161174463,0.0,False,0.0,inf,,-1.0,1.0,,0.0,,,1.0,Battery,0.0,0.0,0.0,0.0,0.0,,,0.0,True,0,inf,236.38180161174463,False,,False,False,2.0,0.92,0.92,0.001,0.0,0.0,-0.157,51.536
FES_Direct_Battery_Clay_Tye_Farm_Phase_2___Storage_Facility_2035_236,Z14,PQ,,236.38180161174463,0.0,False,0.0,inf,,-1.0,1.0,,0.0,,,1.0,Battery,0.0,0.0,0.0,0.0,0.0,,,0.0,True,0,inf,236.38180161174463,False,,False,False,2.0,0.92,0.92,0.001,0.0,0.0,-0.157,51.536
FES_Direct_Battery_Hawkers_Hill_Energy_Park_2035_237,Z17,PQ,,95.50779863100793,0.0,False,0.0,inf,,-1.0,1.0,,0.0,,,1.0,Battery,0.0,0.0,0.0,0.0,0.0,,,0.0,True,0,inf,95.50779863100793,False,,False,False,2.0,0.92,0.92,0.001,0.0,0.0,-3.601,50.757
FES_Direct_Battery_National_Grid_Electricity_Substation_Capenhurst_Lane___Battery_Storage_2035_238,Z9,PQ,,477.53899315503963,0.0,False,0.0,inf,,-1.0,1.0,,0.0,,,1.0,Battery,0.0,0.0,0.0,0.0,0.0,,,0.0,True,0,inf,477.53899315503963,False,,False,False,2.0,0.92,0.92,0.001,0.0,0.0,-3.01,53.386
FES_Direct_Battery_Cirencester_Solar_Farm_2035_239,Z13,PQ,,47.753899315503965,0.0,False,0.0,inf,,-1.0,1.0,,0.0,,,1.0,Battery,0.0,0.0,0.0,0.0,0.0,,,0.0,True,0,inf,47.753899315503965,False,,False,False,2.0,0.92,0.92,0.001,0.0,0.0,-2.946,51.817
FES_Direct_Battery_County_Hall_Loansdean___Battery_Storage_2035_240,Z7,PQ,,1.9101559726201587,0.0,False,0.0,inf,,-1.0,1.0,,0.0,,,1.0,Battery,0.0,0.0,0.0,0.0,0.0,,,0.0,True,0,inf,1.9101559726201587,False,,False,False,2.0,0.92,0.92,0.001,0.0,0.0,-2.186,54.884
FES_Direct_Battery_Eastcroft_Municipal_Depot_2035_241,Z11,PQ,,2.865233958930238,0.0,False,0.0,inf,,-1.0,1.0,,0.0,,,1.0,Battery,0.0,0.0,0.0,0.0,0.0,,,0.0,True,0,inf,2.865233958930238,False,,False,False,2.0,0.92,0.92,0.001,0.0,0.0,-1.647,52.569
FES_Direct_Battery_Burwell___Battery_Storage_2035_242,Z12,PQ,,238.76949657751982,0.0,False,0.0,inf,,-1.0,1.0,,0.0,,,1.0,Battery,0.0,0.0,0.0,0.0,0.0,,,0.0,True,0,inf,238.76949657751982,False,,False,False,2.0,0.92,0.92,0.001,0.0,0.0,0.4507,52.254
FES_Direct_Battery_Northern_Isles_New_Energy_Solution_NINES_1_2035_243,Z1_1,PQ,,94.65555555555555,0.0,False,0.0,inf,,-1.0,1.0,,0.0,,,1.0,Battery,0.0,0.0,0.0,0.0,0.0,,,0.0,True,0,inf,94.65555555555555,False,,False,False,2.0,0.92,0.92,0.001,0.0,0.0,-1.24,60.377
FES_Direct_Battery_Orkney_Storage_Park_Project__2035_244,Z1_3,PQ,,189.3111111111111,0.0,False,0.0,inf,,-1.0,1.0,,0.0,,,1.0,Battery,0.0,0.0,0.0,0.0,0.0,,,0.0,True,0,inf,189.3111111111111,False,,False,False,2.0,0.92,0.92,0.001,0.0,0.0,-4.436,58.107
FES_Direct_Battery_Hywind_2_2035_245,Z2,PQ,,94.65555555555555,0.0,False,0.0,inf,,-1.0,1.0,,0.0,,,1.0,Battery,0.0,0.0,0.0,0.0,0.0,,,0.0,True,0,inf,94.65555555555555,False,,False,False,2.0,0.92,0.92,0.001,0.0,0.0,-3.173,57.182
FES_Direct_Battery_Limekiln_Wind_Farm_Extension___Battery_2035_246,Z1_3,PQ,,473.27777777777777,0.0,False,0.0,inf,,-1.0,1.0,,0.0,,,1.0,Battery,0.0,0.0,0.0,0.0,0.0,,,0.0,True,0,inf,473.27777777777777,False,,False,False,2.0,0.92,0.92,0.001,0.0,0.0,-4.436,58.107
FES_Direct_Battery_Isle_of_Eigg_Electrification_Project__2035_247,Z1_4,PQ,,0.894302330763403,0.0,False,0.0,inf,,-1.0,1.0,,0.0,,,1.0,Battery,0.0,0.0,0.0,0.0,0.0,,,0.0,True,0,inf,0.894302330763403,False,,False,False,2.0,0.92,0.92,0.001,0.0,0.0,-5.2,57.119
FES_Direct_Battery_Broxburn__2035_248,Z5,PQ,,178.8604661526806,0.0,False,0.0,inf,,-1.0,1.0,,0.0,,,1.0,Battery,0.0,0.0,0.0,0.0,0.0,,,0.0,True,0,inf,178.8604661526806,False,,False,False,2.0,0.92,0.92,0.001,0.0,0.0,-3.83,55.777
FES_Direct_Battery_Aikengall_II_Community_Wind_Farm_Battery_2035_249,Z5,PQ,,715.4418646107224,0.0,False,0.0,inf,,-1.0,1.0,,0.0,,,1.0,Battery,0.0,0.0,0.0,0.0,0.0,,,0.0,True,0,inf,715.4418646107224,False,,False,False,2.0,0.92,0.92,0.001,0.0,0.0,-3.83,55.777
FES_Direct_Battery_Whitelee_Wind_Farm_Battery_Storage_Extension_2035_250,Z5,PQ,,447.1511653817015,0.0,False,0.0,inf,,-1.0,1.0,,0.0,,,1.0,Battery,0.0,0.0,0.0,0.0,0.0,,,0.0,True,0,inf,447.1511653817015,False,,False,False,2.0,0.92,0.92,0.001,0.0,0.0,-3.83,55.777
FES_Direct_Battery_Dunsinane_Industrial_Estate_2035_251,Z3,PQ,,446.2568630509381,0.0,False,0.0,inf,,-1.0,1.0,,0.0,,,1.0,Battery,0.0,0.0,0.0,0.0,0.0,,,0.0,True,0,inf,446.2568630509381,False,,False,False,2.0,0.92,0.92,0.001,0.0,0.0,-4.05,56.442
FES_Direct_Battery_Dundee_Technology_Park_2035_252,Z3,PQ,,446.2568630509381,0.0,False,0.0,inf,,-1.0,1.0,,0.0,,,1.0,Battery,0.0,0.0,0.0,0.0,0.0,,,0.0,True,0,inf,446.2568630509381,False,,False,False,2.0,0.92,0.92,0.001,0.0,0.0,-4.05,56.442
FES_Direct_Battery_Wishaw_Battery_Storage_Facility_2035_253,Z5,PQ,,447.0617351486252,0.0,False,0.0,inf,,-1.0,1.0,,0.0,,,1.0,Battery,0.0,0.0,0.0,0.0,0.0,,,0.0,True,0,inf,447.0617351486252,False,,False,False,2.0,0.92,0.92,0.001,0.0,0.0,-3.83,55.777
FES_Direct_Battery_Pleasance_Road___Battery_Energy_Facility_2035_254,Z3,PQ,,446.2568630509381,0.0,False,0.0,inf,,-1.0,1.0,,0.0,,,1.0,Battery,0.0,0.0,0.0,0.0,0.0,,,0.0,True,0,inf,446.2568630509381,False,,False,False,2.0,0.92,0.92,0.001,0.0,0.0,-4.05,56.442
FES_Direct_Battery_Jamesfield_Organic_Centre___Battery_Storage_2035_255,Z3,PQ,,438.2081420740675,0.0,False,0.0,inf,,-1.0,1.0,,0.0,,,1.0,Battery,0.0,0.0,0.0,0.0,0.0,,,0.0,True,0,inf,438.2081420740675,False,,False,False,2.0,0.92,0.92,0.001,0.0,0.0,-4.05,56.442
FES_Direct_Battery_Camilla_Battery_Storage_2035_256,Z5,PQ,,447.0617351486252,0.0,False,0.0,inf,,-1.0,1.0,,0.0,,,1.0,Battery,0.0,0.0,0.0,0.0,0.0,,,0.0,True,0,inf,447.0617351486252,False,,False,False,2.0,0.92,0.92,0.001,0.0,0.0,-3.83,55.777
FES_Domestic_Battery_Bredbury_2035_257,Z9,PQ,,7.726,0.0,False,0.0,inf,,-1.0,1.0,,0.0,,,1.0,Domestic Battery,0.0,0.0,0.0,0.0,0.0,,,0.0,True,0,inf,7.726,False,,False,False,2.0,0.92,0.92,0.001,0.0,0.0,-3.01,53.386
FES_Domestic_Battery_Harker_2035_258,Z6,PQ,,13.483,0.0,False,0.0,inf,,-1.0,1.0,,0.0,,,1.0,Domestic Battery,0.0,0.0,0.0,0.0,0.0,,,0.0,True,0,inf,13.483,False,,False,False,2.0,0.92,0.92,0.001,0.0,0.0,-3.483,55.264
FES_Domestic_Battery_Heysham_NGET_2035_259,Z9,PQ,,3.915,0.0,False,0.0,inf,,-1.0,1.0,,0.0,,,1.0,Domestic Battery,0.0,0.0,0.0,0.0,0.0,,,0.0,True,0,inf,3.915,False,,False,False,2.0,0.92,0.92,0.001,0.0,0.0,-3.01,53.386
FES_Domestic_Battery_Hutton_2035_260,Z7,PQ,,7.612,0.0,False,0.0,inf,,-1.0,1.0,,0.0,,,1.0,Domestic Battery,0.0,0.0,0.0,0.0,0.0,,,0.0,True,0,inf,7.612,False,,False,False,2.0,0.92,0.92,0.001,0.0,0.0,-2.186,54.884
FES_Domestic_Battery_Kearsley_132kV_2035_261,Z9,PQ,,16.355,0.0,False,0.0,inf,,-1.0,1.0,,0.0,,,1.0,Domestic Battery,0.0,0.0,0.0,0.0,0.0,,,0.0,True,0,inf,16.355,False,,False,False,2.0,0.92,0.92,0.001,0.0,0.0,-3.01,53.386
FES_Domestic_Battery_Kirkby_SPEN_2035_262,Z9,PQ,,5.033,0.0,False,0.0,inf,,-1.0,1.0,,0.0,,,1.0,Domestic Battery,0.0,0.0,0.0,0.0,0.0,,,0.0,True,0,inf,5.033,False,,False,False,2.0,0.92,0.92,0.001,0.0,0.0,-3.01,53.386
FES_Domestic_Battery_Macclesfield_2035_263,Z9,PQ,,2.391,0.0,False,0.0,inf,,-1.0,1.0,,0.0,,,1.0,Domestic Battery,0.0,0.0,0.0,0.0,0.0,,,0.0,True,0,inf,2.391,False,,False,False,2.0,0.92,0.92,0.001,0.0,0.0,-3.01,53.386
FES_Domestic_Battery_Padiham_2035_264,Z9,PQ,,7.961,0.0,False,0.0,inf,,-1.0,1.0,,0.0,,,1.0,Domestic Battery,0.0,0.0,0.0,0.0,0.0,,,0.0,True,0,inf,7.961,False,,False,False,2.0,0.92,0.92,0.001,0.0,0.0,-3.01,53.386
FES_Domestic_Battery_Penwortham_East_2035_265,Z9,PQ,,10.665,0.0,False,0.0,inf,,-1.0,1.0,,0.0,,,1.0,Domestic Battery,0.0,0.0,0.0,0.0,0.0,,,0.0,True,0,inf,10.665,False,,False,False,2.0,0.92,0.92,0.001,0.0,0.0,-3.01,53.386
FES_Domestic_Battery_Penwortham_West_2035_266,Z9,PQ,,9.428,0.0,False,0.0,inf,,-1.0,1.0,,0.0,,,1.0,Domestic Battery,0.0,0.0,0.0,0.0,0.0,,,0.0,True,0,inf,9.428,False,,False,False,2.0,0.92,0.92,0.001,0.0,0.0,-3.01,53.386
FES_Domestic_Battery_Rochdale_2035_267,Z9,PQ,,8.005,0.0,False,0.0,inf,,-1.0,1.0,,0.0,,,1.0,Domestic Battery,0.0,0.0,0.0,0.0,0.0,,,0.0,True,0,inf,8.005,False,,False,False,2.0,0.92,0.92,0.001,0.0,0.0,-3.01,53.386
FES_Domestic_Battery_South_Manchester_2035_268,Z9,PQ,,7.204,0.0,False,0.0,inf,,-1.0,1.0,,0.0,,,1.0,Domestic Battery,0.0,0.0,0.0,0.0,0.0,,,0.0,True,0,inf,7.204,False,,False,False,2.0,0.92,0.92,0.001,0.0,0.0,-3.01,53.386
FES_Domestic_Battery_Stalybridge_2035_269,Z9,PQ,,10.084,0.0,False,0.0,inf,,-1.0,1.0,,0.0,,,1.0,Domestic Battery,0.0,0.0,0.0,0.0,0.0,,,0.0,True,0,inf,10.084,False,,False,False,2.0,0.92,0.92,0.001,0.0,0.0,-3.01,53.386
FES_Domestic_Battery_Stanah_2035_270,Z9,PQ,,5.206,0.0,False,0.0,inf,,-1.0,1.0,,0.0,,,1.0,Domestic Battery,0.0,0.0,0.0,0.0,0.0,,,0.0,True,0,inf,5.206,False,,False,False,2.0,0.92,0.92,0.001,0.0,0.0,-3.01,53.386
FES_Domestic_Battery_Washway_Farm_2035_271,Z9,PQ,,1.04,0.0,False,0.0,inf,,-1.0,1.0,,0.0,,,1.0,Domestic Battery,0.0,0.0,0.0,0.0,0.0,,,0.0,True,0,inf,1.04,False,,False,False,2.0,0.92,0.92,0.001,0.0,0.0,-3.01,53.386
FES_Domestic_Battery_Whitegate_2035_272,Z9,PQ,,10.239,0.0,False,0.0,inf,,-1.0,1.0,,0.0,,,1.0,Domestic Battery,0.0,0.0,0.0,0.0,0.0,,,0.0,True,0,inf,10.239,False,,False,False,2.0,0.92,0.92,0.001,0.0,0.0,-3.01,53.386
FES_Domestic_Battery_Tynemouth_132kV_2035_273,Z7,PQ,,7.28,0.0,False,0.0,inf,,-1.0,1.0,,0.0,,,1.0,Domestic Battery,0.0,0.0,0.0,0.0,0.0,,,0.0,True,0,inf,7.28,False,,False,False,2.0,0.92,0.92,0.001,0.0,0.0,-2.186,54.884
FES_Domestic_Battery_Berkswell_2035_274,Z11,PQ,,9.123,0.0,False,0.0,inf,,-1.0,1.0,,0.0,,,1.0,Domestic Battery,0.0,0.0,0.0,0.0,0.0,,,0.0,True,0,inf,9.123,False,,False,False,2.0,0.92,0.92,0.001,0.0,0.0,-1.647,52.569
FES_Domestic_Battery_Bicker_Fen_2035_275,Z10,PQ,,8.672,0.0,False,0.0,inf,,-1.0,1.0,,0.0,,,1.0,Domestic Battery,0.0,0.0,0.0,0.0,0.0,,,0.0,True,0,inf,8.672,False,,False,False,2.0,0.92,0.92,0.001,0.0,0.0,-0.383,53.136
FES_Domestic_Battery_Chesterfield_2035_276,Z10,PQ,,25.563,0.0,False,0.0,inf,,-1.0,1.0,,0.0,,,1.0,Domestic Battery,0.0,0.0,0.0,0.0,0.0,,,0.0,True,0,inf,25.563,False,,False,False,2.0,0.92,0.92,0.001,0.0,0.0,-0.383,53.136
FES_Domestic_Battery_Coventry_2035_277,Z11,PQ,,15.931,0.0,False,0.0,inf,,-1.0,1.0,,0.0,,,1.0,Domestic Battery,0.0,0.0,0.0,0.0,0.0,,,0.0,True,0,inf,15.931,False,,False,False,2.0,0.92,0.92,0.001,0.0,0.0,-1.647,52.569
FES_Domestic_Battery_Drakelow_2035_278,Z11,PQ,,9.11,0.0,False,0.0,inf,,-1.0,1.0,,0.0,,,1.0,Domestic Battery,0.0,0.0,0.0,0.0,0.0,,,0.0,True,0,inf,9.11,False,,False,False,2.0,0.92,0.92,0.001,0.0,0.0,-1.647,52.569
FES_Domestic_Battery_East_Claydon_2035_279,Z14,PQ,,13.475,0.0,False,0.0,inf,,-1.0,1.0,,0.0,,,1.0,Domestic Battery,0.0,0.0,0.0,0.0,0.0,,,0.0,True,0,inf,13.475,False,,False,False,2.0,0.92,0.92,0.001,0.0,0.0,-0.157,51.536
FES_Domestic_Battery_Enderby_2035_280,Z11,PQ,,18.821,0.0,False,0.0,inf,,-1.0,1.0,,0.0,,,1.0,Domestic Battery,0.0,0.0,0.0,0.0,0.0,,,0.0,True,0,inf,18.821,False,,False,False,2.0,0.92,0.92,0.001,0.0,0.0,-1.647,52.569
FES_Domestic_Battery_Grendon_2035_281,Z11,PQ,,32.613,0.0,False,0.0,inf,,-1.0,1.0,,0.0,,,1.0,Domestic Battery,0.0,0.0,0.0,0.0,0.0,,,0.0,True,0,inf,32.613,False,,False,False,2.0,0.92,0.92,0.001,0.0,0.0,-1.647,52.569
FES_Domestic_Battery_Ratcliffe_2035_282,Z11,PQ,,17.072,0.0,False,0.0,inf,,-1.0,1.0,,0.0,,,1.0,Domestic Battery,0.0,0.0,0.0,0.0,0.0,,,0.0,True,0,inf,17.072,False,,False,False,2.0,0.92,0.92,0.001,0.0,0.0,-1.647,52.569
FES_Domestic_Battery_Staythorpe_2035_283,Z10,PQ,,13.265,0.0,False,0.0,inf,,-1.0,1.0,,0.0,,,1.0,Domestic Battery,0.0,0.0,0.0,0.0,0.0,,,0.0,True,0,inf,13.265,False,,False,False,2.0,0.92,0.92,0.001,0.0,0.0,-0.383,53.136
FES_Domestic_Battery_Stoke_Bardolph_2035_284,Z10,PQ,,11.15,0.0,False,0.0,inf,,-1.0,1.0,,0.0,,,1.0,Domestic Battery,0.0,0.0,0.0,0.0,0.0,,,0.0,True,0,inf,11.15,False,,False,False,2.0,0.92,0.92,0.001,0.0,0.0,-0.383,53.136
FES_Domestic_Battery_Walpole__B_2035_285,Z12,PQ,,21.215,0.0,False,0.0,inf,,-1.0,1.0,,0.0,,,1.0,Domestic Battery,0.0,0.0,0.0,0.0,0.0,,,0.0,True,0,inf,21.215,False,,False,False,2.0,0.92,0.92,0.001,0.0,0.0,0.4507,52.254
FES_Domestic_Battery_West_Burton_2035_286,Z10,PQ,,17.925,0.0,False,0.0,inf,,-1.0,1.0,,0.0,,,1.0,Domestic Battery,0.0,0.0,0.0,0.0,0.0,,,0.0,True,0,inf,17.925,False,,False,False,2.0,0.92,0.92,0.001,0.0,0.0,-0.383,53.136
FES_Domestic_Battery_Willington_2035_287,Z11,PQ,,22.02,0.0,False,0.0,inf,,-1.0,1.0,,0.0,,,1.0,Domestic Battery,0.0,0.0,0.0,0.0,0.0,,,0.0,True,0,inf,22.02,False,,False,False,2.0,0.92,0.92,0.001,0.0,0.0,-1.647,52.569
FES_Domestic_Battery_Aberthaw_2035_288,Z13,PQ,,5.675,0.0,False,0.0,inf,,-1.0,1.0,,0.0,,,1.0,Domestic Battery,0.0,0.0,0.0,0.0,0.0,,,0.0,True,0,inf,5.675,False,,False,False,2.0,0.92,0.92,0.001,0.0,0.0,-2.946,51.817
FES_Domestic_Battery_Cardiff_East_2035_289,Z13,PQ,,5.53,0.0,False,0.0,inf,,-1.0,1.0,,0.0,,,1.0,Domestic Battery,0.0,0.0,0.0,0.0,0.0,,,0.0,True,0,inf,5.53,False,,False,False,2.0,0.92,0.92,0.001,0.0,0.0,-2.946,51.817
FES_Domestic_Battery_Margam_Grange_66kV_2035_290,Z13,PQ,,0.54,0.0,False,0.0,inf,,-1.0,1.0,,0.0,,,1.0,Domestic Battery,0.0,0.0,0.0,0.0,0.0,,,0.0,True,0,inf,0.54,False,,False,False,2.0,0.92,0.92,0.001,0.0,0.0,-2.946,51.817
FES_Domestic_Battery_Pembroke_2035_291,Z17,PQ,,8.409,0.0,False,0.0,inf,,-1.0,1.0,,0.0,,,1.0,Domestic Battery,0.0,0.0,0.0,0.0,0.0,,,0.0,True,0,inf,8.409,False,,False,False,2.0,0.92,0.92,0.001,0.0,0.0,-3.601,50.757
FES_Domestic_Battery_Pyle_2035_292,Z13,PQ,,4.107,0.0,False,0.0,inf,,-1.0,1.0,,0.0,,,1.0,Domestic Battery,0.0,0.0,0.0,0.0,0.0,,,0.0,True,0,inf,4.107,False,,False,False,2.0,0.92,0.92,0.001,0.0,0.0,-2.946,51.817
FES_Domestic_Battery_Rassau_2035_293,Z13,PQ,,12.557,0.0,False,0.0,inf,,-1.0,1.0,,0.0,,,1.0,Domestic Battery,0.0,0.0,0.0,0.0,0.0,,,0.0,True,0,inf,12.557,False,,False,False,2.0,0.92,0.92,0.001,0.0,0.0,-2.946,51.817
FES_Domestic_Battery_Swansea_North_2035_294,Z13,PQ,,29.218,0.0,False,0.0,inf,,-1.0,1.0,,0.0,,,1.0,Domestic Battery,0.0,0.0,0.0,0.0,0.0,,,0.0,True,0,inf,29.218,False,,False,False,2.0,0.92,0.92,0.001,0.0,0.0,-2.946,51.817
FES_Domestic_Battery_Upper_Boat_132kV_2035_295,Z13,PQ,,9.383,0.0,False,0.0,inf,,-1.0,1.0,,0.0,,,1.0,Domestic Battery,0.0,0.0,0.0,0.0,0.0,,,0.0,True,0,inf,9.383,False,,False,False,2.0,0.92,0.92,0.001,0.0,0.0,-2.946,51.817
FES_Domestic_Battery_Uskmouth_2035_296,Z13,PQ,,11.574,0.0,False,0.0,inf,,-1.0,1.0,,0.0,,,1.0,Domestic Battery,0.0,0.0,0.0,0.0,0.0,,,0.0,True,0,inf,11.574,False,,False,False,2.0,0.92,0.92,0.001,0.0,0.0,-2.946,51.817
FES_Domestic_Battery_Abham_2035_297,Z17,PQ,,28.331,0.0,False,0.0,inf,,-1.0,1.0,,0.0,,,1.0,Domestic Battery,0.0,0.0,0.0,0.0,0.0,,,0.0,True,0,inf,28.331,False,,False,False,2.0,0.92,0.92,0.001,0.0,0.0,-3.601,50.757
FES_Domestic_Battery_Alverdiscott_2035_298,Z17,PQ,,24.423,0.0,False,0.0,inf,,-1.0,1.0,,0.0,,,1.0,Domestic Battery,0.0,0.0,0.0,0.0,0.0,,,0.0,True,0,inf,24.423,False,,False,False,2.0,0.92,0.92,0.001,0.0,0.0,-3.601,50.757
FES_Domestic_Battery_Axminster_2035_299,Z17,PQ,,14.047,0.0,False,0.0,inf,,-1.0,1.0,,0.0,,,1.0,Domestic Battery,0.0,0.0,0.0,0.0,0.0,,,0.0,True,0,inf,14.047,False,,False,False,2.0,0.92,0.92,0.001,0.0,0.0,-3.601,50.757
FES_Domestic_Battery_Bridgewater_2035_300,Z17,PQ,,21.74,0.0,False,0.0,inf,,-1.0,1.0,,0.0,,,1.0,Domestic Battery,0.0,0.0,0.0,0.0,0.0,,,0.0,True,0,inf,21.74,False,,False,False,2.0,0.92,0.92,0.001,0.0,0.0,-3.601,50.757
FES_Domestic_Battery_Exeter_2035_301,Z17,PQ,,25.614,0.0,False,0.0,inf,,-1.0,1.0,,0.0,,,1.0,Domestic Battery,0.0,0.0,0.0,0.0,0.0,,,0.0,True,0,inf,25.614,False,,False,False,2.0,0.92,0.92,0.001,0.0,0.0,-3.601,50.757
FES_Domestic_Battery_Indian_Queens_2035_302,Z17,PQ,,38.322,0.0,False,0.0,inf,,-1.0,1.0,,0.0,,,1.0,Domestic Battery,0.0,0.0,0.0,0.0,0.0,,,0.0,True,0,inf,38.322,False,,False,False,2.0,0.92,0.92,0.001,0.0,0.0,-3.601,50.757
FES_Domestic_Battery_Landulph_2035_303,Z17,PQ,,14.595,0.0,False,0.0,inf,,-1.0,1.0,,0.0,,,1.0,Domestic Battery,0.0,0.0,0.0,0.0,0.0,,,0.0,True,0,inf,14.595,False,,False,False,2.0,0.92,0.92,0.001,0.0,0.0,-3.601,50.757
FES_Domestic_Battery_Seabank_2035_304,Z13,PQ,,15.42,0.0,False,0.0,inf,,-1.0,1.0,,0.0,,,1.0,Domestic Battery,0.0,0.0,0.0,0.0,0.0,,,0.0,True,0,inf,15.42,False,,False,False,2.0,0.92,0.92,0.001,0.0,0.0,-2.946,51.817
FES_Domestic_Battery_Taunton_2035_305,Z17,PQ,,9.197,0.0,False,0.0,inf,,-1.0,1.0,,0.0,,,1.0,Domestic Battery,0.0,0.0,0.0,0.0,0.0,,,0.0,True,0,inf,9.197,False,,False,False,2.0,0.92,0.92,0.001,0.0,0.0,-3.601,50.757
FES_Domestic_Battery_Bishops_Wood_2035_306,Z11,PQ,,40.279,0.0,False,0.0,inf,,-1.0,1.0,,0.0,,,1.0,Domestic Battery,0.0,0.0,0.0,0.0,0.0,,,0.0,True,0,inf,40.279,False,,False,False,2.0,0.92,0.92,0.001,0.0,0.0,-1.647,52.569
FES_Domestic_Battery_Bushbury_2035_307,Z11,PQ,,7.735,0.0,False,0.0,inf,,-1.0,1.0,,0.0,,,1.0,Domestic Battery,0.0,0.0,0.0,0.0,0.0,,,0.0,True,0,inf,7.735,False,,False,False,2.0,0.92,0.92,0.001,0.0,0.0,-1.647,52.569
FES_Domestic_Battery_Bustleholme_2035_308,Z11,PQ,,5.642,0.0,False,0.0,inf,,-1.0,1.0,,0.0,,,1.0,Domestic Battery,0.0,0.0,0.0,0.0,0.0,,,0.0,True,0,inf,5.642,False,,False,False,2.0,0.92,0.92,0.001,0.0,0.0,-1.647,52.569
FES_Domestic_Battery_Cellarhead_2035_309,Z11,PQ,,23.363,0.0,False,0.0,inf,,-1.0,1.0,,0.0,,,1.0,Domestic Battery,0.0,0.0,0.0,0.0,0.0,,,0.0,True,0,inf,23.363,False,,False,False,2.0,0.92,0.92,0.001,0.0,0.0,-1.647,52.569
FES_Domestic_Battery_Feckenham_2035_310,Z11,PQ,,22.662,0.0,False,0.0,inf,,-1.0,1.0,,0.0,,,1.0,Domestic Battery,0.0,0.0,0.0,0.0,0.0,,,0.0,True,0,inf,22.662,False,,False,False,2.0,0.92,0.92,0.001,0.0,0.0,-1.647,52.569
FES_Domestic_Battery_Hams_Hall_Lea_Marston_132kV_2035_311,Z11,PQ,,9.938,0.0,False,0.0,inf,,-1.0,1.0,,0.0,,,1.0,Domestic Battery,0.0,0.0,0.0,0.0,0.0,,,0.0,True,0,inf,9.938,False,,False,False,2.0,0.92,0.92,0.001,0.0,0.0,-1.647,52.569
FES_Domestic_Battery_Iron_Acton_2035_312,Z13,PQ,,25.454,0.0,False,0.0,inf,,-1.0,1.0,,0.0,,,1.0,Domestic Battery,0.0,0.0,0.0,0.0,0.0,,,0.0,True,0,inf,25.454,False,,False,False,2.0,0.92,0.92,0.001,0.0,0.0,-2.946,51.817
FES_Domestic_Battery_Ironbridge_2035_313,Z11,PQ,,6.926,0.0,False,0.0,inf,,-1.0,1.0,,0.0,,,1.0,Domestic Battery,0.0,0.0,0.0,0.0,0.0,,,0.0,True,0,inf,6.926,False,,False,False,2.0,0.92,0.92,0.001,0.0,0.0,-1.647,52.569
FES_Domestic_Battery_Kitwell_2035_314,Z11,PQ,,6.059,0.0,False,0.0,inf,,-1.0,1.0,,0.0,,,1.0,Domestic Battery,0.0,0.0,0.0,0.0,0.0,,,0.0,True,0,inf,6.059,False,,False,False,2.0,0.92,0.92,0.001,0.0,0.0,-1.647,52.569
FES_Domestic_Battery_Nechells_2035_315,Z11,PQ,,10.482,0.0,False,0.0,inf,,-1.0,1.0,,0.0,,,1.0,Domestic Battery,0.0,0.0,0.0,0.0,0.0,,,0.0,True,0,inf,10.482,False,,False,False,2.0,0.92,0.92,0.001,0.0,0.0,-1.647,52.569
FES_Domestic_Battery_Ocker_Hill_2035_316,Z11,PQ,,2.556,0.0,False,0.0,inf,,-1.0,1.0,,0.0,,,1.0,Domestic Battery,0.0,0.0,0.0,0.0,0.0,,,0.0,True,0,inf,2.556,False,,False,False,2.0,0.92,0.92,0.001,0.0,0.0,-1.647,52.569
FES_Domestic_Battery_Oldbury_2035_317,Z11,PQ,,3.59,0.0,False,0.0,inf,,-1.0,1.0,,0.0,,,1.0,Domestic Battery,0.0,0.0,0.0,0.0,0.0,,,0.0,True,0,inf,3.59,False,,False,False,2.0,0.92,0.92,0.001,0.0,0.0,-1.647,52.569
FES_Domestic_Battery_Penn_2035_318,Z11,PQ,,1.759,0.0,False,0.0,inf,,-1.0,1.0,,0.0,,,1.0,Domestic Battery,0.0,0.0,0.0,0.0,0.0,,,0.0,True,0,inf,1.759,False,,False,False,2.0,0.92,0.92,0.001,0.0,0.0,-1.647,52.569
FES_Domestic_Battery_Rugeley_2035_319,Z11,PQ,,5.042,0.0,False,0.0,inf,,-1.0,1.0,,0.0,,,1.0,Domestic Battery,0.0,0.0,0.0,0.0,0.0,,,0.0,True,0,inf,5.042,False,,False,False,2.0,0.92,0.92,0.001,0.0,0.0,-1.647,52.569
FES_Domestic_Battery_Shrewsbury_2035_320,Z11,PQ,,14.839,0.0,False,0.0,inf,,-1.0,1.0,,0.0,,,1.0,Domestic Battery,0.0,0.0,0.0,0.0,0.0,,,0.0,True,0,inf,14.839,False,,False,False,2.0,0.92,0.92,0.001,0.0,0.0,-1.647,52.569
FES_Domestic_Battery_Walham_2035_321,Z13,PQ,,12.775,0.0,False,0.0,inf,,-1.0,1.0,,0.0,,,1.0,Domestic Battery,0.0,0.0,0.0,0.0,0.0,,,0.0,True,0,inf,12.775,False,,False,False,2.0,0.92,0.92,0.001,0.0,0.0,-2.946,51.817
FES_Domestic_Battery_Willenhall_2035_322,Z11,PQ,,6.718,0.0,False,0.0,inf,,-1.0,1.0,,0.0,,,1.0,Domestic Battery,0.0,0.0,0.0,0.0,0.0,,,0.0,True,0,inf,6.718,False,,False,False,2.0,0.92,0.92,0.001,0.0,0.0,-1.647,52.569
FES_Domestic_Battery_Blyth_132kV_2035_323,Z7,PQ,,2.864,0.0,False,0.0,inf,,-1.0,1.0,,0.0,,,1.0,Domestic Battery,0.0,0.0,0.0,0.0,0.0,,,0.0,True,0,inf,2.864,False,,False,False,2.0,0.92,0.92,0.001,0.0,0.0,-2.186,54.884
FES_Domestic_Battery_Blyth_66kV_2035_324,Z7,PQ,,10.011,0.0,False,0.0,inf,,-1.0,1.0,,0.0,,,1.0,Domestic Battery,0.0,0.0,0.0,0.0,0.0,,,0.0,True,0,inf,10.011,False,,False,False,2.0,0.92,0.92,0.001,0.0,0.0,-2.186,54.884
FES_Domestic_Battery_Fourstones_2035_325,Z7,PQ,,0.171,0.0,False,0.0,inf,,-1.0,1.0,,0.0,,,1.0,Domestic Battery,0.0,0.0,0.0,0.0,0.0,,,0.0,True,0,inf,0.171,False,,False,False,2.0,0.92,0.92,0.001,0.0,0.0,-2.186,54.884
FES_Domestic_Battery_Hartmoor_2035_326,Z7,PQ,,3.31,0.0,False,0.0,inf,,-1.0,1.0,,0.0,,,1.0,Domestic Battery,0.0,0.0,0.0,0.0,0.0,,,0.0,True,0,inf,3.31,False,,False,False,2.0,0.92,0.92,0.001,0.0,0.0,-2.186,54.884
FES_Domestic_Battery_Hawthorn_Pit_2035_327,Z7,PQ,,7.791,0.0,False,0.0,inf,,-1.0,1.0,,0.0,,,1.0,Domestic Battery,0.0,0.0,0.0,0.0,0.0,,,0.0,True,0,inf,7.791,False,,False,False,2.0,0.92,0.92,0.001,0.0,0.0,-2.186,54.884
FES_Domestic_Battery_Knaresborough_2035_328,Z8,PQ,,4.572,0.0,False,0.0,inf,,-1.0,1.0,,0.0,,,1.0,Domestic Battery,0.0,0.0,0.0,0.0,0.0,,,0.0,True,0,inf,4.572,False,,False,False,2.0,0.92,0.92,0.001,0.0,0.0,-1.164,53.914
FES_Domestic_Battery_Lackenby_2035_329,Z8,PQ,,5.739,0.0,False,0.0,inf,,-1.0,1.0,,0.0,,,1.0,Domestic Battery,0.0,0.0,0.0,0.0,0.0,,,0.0,True,0,inf,5.739,False,,False,False,2.0,0.92,0.92,0.001,0.0,0.0,-1.164,53.914
FES_Domestic_Battery_Norton_2035_330,Z7,PQ,,24.483,0.0,False,0.0,inf,,-1.0,1.0,,0.0,,,1.0,Domestic Battery,0.0,0.0,0.0,0.0,0.0,,,0.0,True,0,inf,24.483,False,,False,False,2.0,0.92,0.92,0.001,0.0,0.0,-2.186,54.884
FES_Domestic_Battery_Offerton_2035_331,Z7,PQ,,1.475,0.0,False,0.0,inf,,-1.0,1.0,,0.0,,,1.0,Domestic Battery,0.0,0.0,0.0,0.0,0.0,,,0.0,True,0,inf,1.475,False,,False,False,2.0,0.92,0.92,0.001,0.0,0.0,-2.186,54.884
FES_Domestic_Battery_Osbaldwick_2035_332,Z8,PQ,,15.592,0.0,False,0.0,inf,,-1.0,1.0,,0.0,,,1.0,Domestic Battery,0.0,0.0,0.0,0.0,0.0,,,0.0,True,0,inf,15.592,False,,False,False,2.0,0.92,0.92,0.001,0.0,0.0,-1.164,53.914
FES_Domestic_Battery_Poppleton_2035_333,Z8,PQ,,2.765,0.0,False,0.0,inf,,-1.0,1.0,,0.0,,,1.0,Domestic Battery,0.0,0.0,0.0,0.0,0.0,,,0.0,True,0,inf,2.765,False,,False,False,2.0,0.92,0.92,0.001,0.0,0.0,-1.164,53.914
FES_Domestic_Battery_South_Shields_2035_334,Z7,PQ,,3.56,0.0,False,0.0,inf,,-1.0,1.0,,0.0,,,1.0,Domestic Battery,0.0,0.0,0.0,0.0,0.0,,,0.0,True,0,inf,3.56,False,,False,False,2.0,0.92,0.92,0.001,0.0,0.0,-2.186,54.884
FES_Domestic_Battery_Spennymoor_2035_335,Z7,PQ,,8.126,0.0,False,0.0,inf,,-1.0,1.0,,0.0,,,1.0,Domestic Battery,0.0,0.0,0.0,0.0,0.0,,,0.0,True,0,inf,8.126,False,,False,False,2.0,0.92,0.92,0.001,0.0,0.0,-2.186,54.884
FES_Domestic_Battery_Stella_North_2035_336,Z7,PQ,,4.559,0.0,False,0.0,inf,,-1.0,1.0,,0.0,,,1.0,Domestic Battery,0.0,0.0,0.0,0.0,0.0,,,0.0,True,0,inf,4.559,False,,False,False,2.0,0.92,0.92,0.001,0.0,0.0,-2.186,54.884
FES_Domestic_Battery_Stella_South_2035_337,Z7,PQ,,10.903,0.0,False,0.0,inf,,-1.0,1.0,,0.0,,,1.0,Domestic Battery,0.0,0.0,0.0,0.0,0.0,,,0.0,True,0,inf,10.903,False,,False,False,2.0,0.92,0.92,0.001,0.0,0.0,-2.186,54.884
FES_Domestic_Battery_West_Boldon_2035_338,Z7,PQ,,7.159,0.0,False,0.0,inf,,-1.0,1.0,,0.0,,,1.0,Domestic Battery,0.0,0.0,0.0,0.0,0.0,,,0.0,True,0,inf,7.159,False,,False,False,2.0,0.92,0.92,0.001,0.0,0.0,-2.186,54.884
FES_Domestic_Battery_Bradford_West_2035_339,Z8,PQ,,11.719,0.0,False,0.0,inf,,-1.0,1.0,,0.0,,,1.0,Domestic Battery,0.0,0.0,0.0,0.0,0.0,,,0.0,True,0,inf,11.719,False,,False,False,2.0,0.92,0.92,0.001,0.0,0.0,-1.164,53.914
FES_Domestic_Battery_Creyke_Beck_2035_340,Z8,PQ,,23.034,0.0,False,0.0,inf,,-1.0,1.0,,0.0,,,1.0,Domestic Battery,0.0,0.0,0.0,0.0,0.0,,,0.0,True,0,inf,23.034,False,,False,False,2.0,0.92,0.92,0.001,0.0,0.0,-1.164,53.914
FES_Domestic_Battery_Camblesforth_66kV_Drax_2035_341,Z8,PQ,,2.255,0.0,False,0.0,inf,,-1.0,1.0,,0.0,,,1.0,Domestic Battery,0.0,0.0,0.0,0.0,0.0,,,0.0,True,0,inf,2.255,False,,False,False,2.0,0.92,0.92,0.001,0.0,0.0,-1.164,53.914
FES_Domestic_Battery_Elland_2035_342,Z8,PQ,,11.591,0.0,False,0.0,inf,,-1.0,1.0,,0.0,,,1.0,Domestic Battery,0.0,0.0,0.0,0.0,0.0,,,0.0,True,0,inf,11.591,False,,False,False,2.0,0.92,0.92,0.001,0.0,0.0,-1.164,53.914
FES_Domestic_Battery_Ferrybridge_A_2035_343,Z8,PQ,,3.231,0.0,False,0.0,inf,,-1.0,1.0,,0.0,,,1.0,Domestic Battery,0.0,0.0,0.0,0.0,0.0,,,0.0,True,0,inf,3.231,False,,False,False,2.0,0.92,0.92,0.001,0.0,0.0,-1.164,53.914
FES_Domestic_Battery_Ferrybridge_B_2035_344,Z8,PQ,,17.276,0.0,False,0.0,inf,,-1.0,1.0,,0.0,,,1.0,Domestic Battery,0.0,0.0,0.0,0.0,0.0,,,0.0,True,0,inf,17.276,False,,False,False,2.0,0.92,0.92,0.001,0.0,0.0,-1.164,53.914
FES_Domestic_Battery_Grimsby_West_2035_345,Z10,PQ,,8.436,0.0,False,0.0,inf,,-1.0,1.0,,0.0,,,1.0,Domestic Battery,0.0,0.0,0.0,0.0,0.0,,,0.0,True,0,inf,8.436,False,,False,False,2.0,0.92,0.92,0.001,0.0,0.0,-0.383,53.136
FES_Domestic_Battery_Jordanthorpe_2035_346,Z8,PQ,,1.171,0.0,False,0.0,inf,,-1.0,1.0,,0.0,,,1.0,Domestic Battery,0.0,0.0,0.0,0.0,0.0,,,0.0,True,0,inf,1.171,False,,False,False,2.0,0.92,0.92,0.001,0.0,0.0,-1.164,53.914
FES_Domestic_Battery_Keadby_2035_347,Z8,PQ,,21.566,0.0,False,0.0,inf,,-1.0,1.0,,0.0,,,1.0,Domestic Battery,0.0,0.0,0.0,0.0,0.0,,,0.0,True,0,inf,21.566,False,,False,False,2.0,0.92,0.92,0.001,0.0,0.0,-1.164,53.914
FES_Domestic_Battery_Kirkstall_B_2035_348,Z8,PQ,,4.595,0.0,False,0.0,inf,,-1.0,1.0,,0.0,,,1.0,Domestic Battery,0.0,0.0,0.0,0.0,0.0,,,0.0,True,0,inf,4.595,False,,False,False,2.0,0.92,0.92,0.001,0.0,0.0,-1.164,53.914
FES_Domestic_Battery_Neepsend_2035_349,Z8,PQ,,2.146,0.0,False,0.0,inf,,-1.0,1.0,,0.0,,,1.0,Domestic Battery,0.0,0.0,0.0,0.0,0.0,,,0.0,True,0,inf,2.146,False,,False,False,2.0,0.92,0.92,0.001,0.0,0.0,-1.164,53.914
FES_Domestic_Battery_Norton_Lees_2035_350,Z8,PQ,,0.769,0.0,False,0.0,inf,,-1.0,1.0,,0.0,,,1.0,Domestic Battery,0.0,0.0,0.0,0.0,0.0,,,0.0,True,0,inf,0.769,False,,False,False,2.0,0.92,0.92,0.001,0.0,0.0,-1.164,53.914
FES_Domestic_Battery_Pitsmoor_2035_351,Z8,PQ,,1.491,0.0,False,0.0,inf,,-1.0,1.0,,0.0,,,1.0,Domestic Battery,0.0,0.0,0.0,0.0,0.0,,,0.0,True,0,inf,1.491,False,,False,False,2.0,0.92,0.92,0.001,0.0,0.0,-1.164,53.914
FES_Domestic_Battery_Saltend_North_2035_352,Z8,PQ,,3.441,0.0,False,0.0,inf,,-1.0,1.0,,0.0,,,1.0,Domestic Battery,0.0,0.0,0.0,0.0,0.0,,,0.0,True,0,inf,3.441,False,,False,False,2.0,0.92,0.92,0.001,0.0,0.0,-1.164,53.914
FES_Domestic_Battery_Sheffield_City_2035_353,Z8,PQ,,0.234,0.0,False,0.0,inf,,-1.0,1.0,,0.0,,,1.0,Domestic Battery,0.0,0.0,0.0,0.0,0.0,,,0.0,True,0,inf,0.234,False,,False,False,2.0,0.92,0.92,0.001,0.0,0.0,-1.164,53.914
FES_Domestic_Battery_Skelton_Grange_2035_354,Z8,PQ,,17.46,0.0,False,0.0,inf,,-1.0,1.0,,0.0,,,1.0,Domestic Battery,0.0,0.0,0.0,0.0,0.0,,,0.0,True,0,inf,17.46,False,,False,False,2.0,0.92,0.92,0.001,0.0,0.0,-1.164,53.914
FES_Domestic_Battery_Thorpe_Marsh_2035_355,Z8,PQ,,21.721,0.0,False,0.0,inf,,-1.0,1.0,,0.0,,,1.0,Domestic Battery,0.0,0.0,0.0,0.0,0.0,,,0.0,True,0,inf,21.721,False,,False,False,2.0,0.92,0.92,0.001,0.0,0.0,-1.164,53.914
FES_Domestic_Battery_Thurcroft_2035_356,Z8,PQ,,7.386,0.0,False,0.0,inf,,-1.0,1.0,,0.0,,,1.0,Domestic Battery,0.0,0.0,0.0,0.0,0.0,,,0.0,True,0,inf,7.386,False,,False,False,2.0,0.92,0.92,0.001,0.0,0.0,-1.164,53.914
FES_Domestic_Battery_West_Melton_2035_357,Z8,PQ,,11.783,0.0,False,0.0,inf,,-1.0,1.0,,0.0,,,1.0,Domestic Battery,0.0,0.0,0.0,0.0,0.0,,,0.0,True,0,inf,11.783,False,,False,False,2.0,0.92,0.92,0.001,0.0,0.0,-1.164,53.914
FES_Domestic_Battery_Ayr_2035_358,Z5,PQ,,0.602,0.0,False,0.0,inf,,-1.0,1.0,,0.0,,,1.0,Domestic Battery,0.0,0.0,0.0,0.0,0.0,,,0.0,True,0,inf,0.602,False,,False,False,2.0,0.92,0.92,0.001,0.0,0.0,-3.83,55.777
FES_Domestic_Battery_Bainsford_2035_359,Z5,PQ,,0.486,0.0,False,0.0,inf,,-1.0,1.0,,0.0,,,1.0,Domestic Battery,0.0,0.0,0.0,0.0,0.0,,,0.0,True,0,inf,0.486,False,,False,False,2.0,0.92,0.92,0.001,0.0,0.0,-3.83,55.777
FES_Domestic_Battery_Bathgate_2035_360,Z5,PQ,,1.657,0.0,False,0.0,inf,,-1.0,1.0,,0.0,,,1.0,Domestic Battery,0.0,0.0,0.0,0.0,0.0,,,0.0,True,0,inf,1.657,False,,False,False,2.0,0.92,0.92,0.001,0.0,0.0,-3.83,55.777
FES_Domestic_Battery_Berwick_2035_361,Z7,PQ,,2.09,0.0,False,0.0,inf,,-1.0,1.0,,0.0,,,1.0,Domestic Battery,0.0,0.0,0.0,0.0,0.0,,,0.0,True,0,inf,2.09,False,,False,False,2.0,0.92,0.92,0.001,0.0,0.0,-2.186,54.884
FES_Domestic_Battery_Bonnybridge_2035_362,Z5,PQ,,1.514,0.0,False,0.0,inf,,-1.0,1.0,,0.0,,,1.0,Domestic Battery,0.0,0.0,0.0,0.0,0.0,,,0.0,True,0,inf,1.514,False,,False,False,2.0,0.92,0.92,0.001,0.0,0.0,-3.83,55.777
FES_Domestic_Battery_Braehead_Park_2035_363,Z5,PQ,,0.758,0.0,False,0.0,inf,,-1.0,1.0,,0.0,,,1.0,Domestic Battery,0.0,0.0,0.0,0.0,0.0,,,0.0,True,0,inf,0.758,False,,False,False,2.0,0.92,0.92,0.001,0.0,0.0,-3.83,55.777
FES_Domestic_Battery_Carntyne_2035_364,Z5,PQ,,0.094,0.0,False,0.0,inf,,-1.0,1.0,,0.0,,,1.0,Domestic Battery,0.0,0.0,0.0,0.0,0.0,,,0.0,True,0,inf,0.094,False,,False,False,2.0,0.92,0.92,0.001,0.0,0.0,-3.83,55.777
FES_Domestic_Battery_Chapelcross_2035_365,Z6,PQ,,1.925,0.0,False,0.0,inf,,-1.0,1.0,,0.0,,,1.0,Domestic Battery,0.0,0.0,0.0,0.0,0.0,,,0.0,True,0,inf,1.925,False,,False,False,2.0,0.92,0.92,0.001,0.0,0.0,-3.483,55.264
FES_Domestic_Battery_Charlotte_Street_2035_366,Z5,PQ,,0.422,0.0,False,0.0,inf,,-1.0,1.0,,0.0,,,1.0,Domestic Battery,0.0,0.0,0.0,0.0,0.0,,,0.0,True,0,inf,0.422,False,,False,False,2.0,0.92,0.92,0.001,0.0,0.0,-3.83,55.777
FES_Domestic_Battery_Coatbridge_2035_367,Z5,PQ,,1.631,0.0,False,0.0,inf,,-1.0,1.0,,0.0,,,1.0,Domestic Battery,0.0,0.0,0.0,0.0,0.0,,,0.0,True,0,inf,1.631,False,,False,False,2.0,0.92,0.92,0.001,0.0,0.0,-3.83,55.777
FES_Domestic_Battery_Cockenzie_2035_368,Z5,PQ,,1.95,0.0,False,0.0,inf,,-1.0,1.0,,0.0,,,1.0,Domestic Battery,0.0,0.0,0.0,0.0,0.0,,,0.0,True,0,inf,1.95,False,,False,False,2.0,0.92,0.92,0.001,0.0,0.0,-3.83,55.777
FES_Domestic_Battery_Coylton_2035_369,Z5,PQ,,1.665,0.0,False,0.0,inf,,-1.0,1.0,,0.0,,,1.0,Domestic Battery,0.0,0.0,0.0,0.0,0.0,,,0.0,True,0,inf,1.665,False,,False,False,2.0,0.92,0.92,0.001,0.0,0.0,-3.83,55.777
FES_Domestic_Battery_Crookston_A_2035_370,Z5,PQ,,0.366,0.0,False,0.0,inf,,-1.0,1.0,,0.0,,,1.0,Domestic Battery,0.0,0.0,0.0,0.0,0.0,,,0.0,True,0,inf,0.366,False,,False,False,2.0,0.92,0.92,0.001,0.0,0.0,-3.83,55.777
FES_Domestic_Battery_Crookston_B_2035_371,Z5,PQ,,0.366,0.0,False,0.0,inf,,-1.0,1.0,,0.0,,,1.0,Domestic Battery,0.0,0.0,0.0,0.0,0.0,,,0.0,True,0,inf,0.366,False,,False,False,2.0,0.92,0.92,0.001,0.0,0.0,-3.83,55.777
FES_Domestic_Battery_Cumbernauld_2035_372,Z5,PQ,,1.21,0.0,False,0.0,inf,,-1.0,1.0,,0.0,,,1.0,Domestic Battery,0.0,0.0,0.0,0.0,0.0,,,0.0,True,0,inf,1.21,False,,False,False,2.0,0.92,0.92,0.001,0.0,0.0,-3.83,55.777
FES_Domestic_Battery_Cupar_2035_373,Z3,PQ,,3.118,0.0,False,0.0,inf,,-1.0,1.0,,0.0,,,1.0,Domestic Battery,0.0,0.0,0.0,0.0,0.0,,,0.0,True,0,inf,3.118,False,,False,False,2.0,0.92,0.92,0.001,0.0,0.0,-4.05,56.442
FES_Domestic_Battery_Currie_2035_374,Z5,PQ,,0.033,0.0,False,0.0,inf,,-1.0,1.0,,0.0,,,1.0,Domestic Battery,0.0,0.0,0.0,0.0,0.0,,,0.0,True,0,inf,0.033,False,,False,False,2.0,0.92,0.92,0.001,0.0,0.0,-3.83,55.777
FES_Domestic_Battery_Dalmarnock_2035_375,Z5,PQ,,0.981,0.0,False,0.0,inf,,-1.0,1.0,,0.0,,,1.0,Domestic Battery,0.0,0.0,0.0,0.0,0.0,,,0.0,True,0,inf,0.981,False,,False,False,2.0,0.92,0.92,0.001,0.0,0.0,-3.83,55.777
FES_Domestic_Battery_Devol_Moor_2035_376,Z5,PQ,,0.551,0.0,False,0.0,inf,,-1.0,1.0,,0.0,,,1.0,Domestic Battery,0.0,0.0,0.0,0.0,0.0,,,0.0,True,0,inf,0.551,False,,False,False,2.0,0.92,0.92,0.001,0.0,0.0,-3.83,55.777
FES_Domestic_Battery_Devonside_2035_377,Z3,PQ,,1.644,0.0,False,0.0,inf,,-1.0,1.0,,0.0,,,1.0,Domestic Battery,0.0,0.0,0.0,0.0,0.0,,,0.0,True,0,inf,1.644,False,,False,False,2.0,0.92,0.92,0.001,0.0,0.0,-4.05,56.442
FES_Domestic_Battery_Dewar_Place_2035_378,Z5,PQ,,0.161,0.0,False,0.0,inf,,-1.0,1.0,,0.0,,,1.0,Domestic Battery,0.0,0.0,0.0,0.0,0.0,,,0.0,True,0,inf,0.161,False,,False,False,2.0,0.92,0.92,0.001,0.0,0.0,-3.83,55.777
FES_Domestic_Battery_Drumchapel_2035_379,Z5,PQ,,0.598,0.0,False,0.0,inf,,-1.0,1.0,,0.0,,,1.0,Domestic Battery,0.0,0.0,0.0,0.0,0.0,,,0.0,True,0,inf,0.598,False,,False,False,2.0,0.92,0.92,0.001,0.0,0.0,-3.83,55.777
FES_Domestic_Battery_Dumfries_11_2035_380,Z6,PQ,,0.871,0.0,False,0.0,inf,,-1.0,1.0,,0.0,,,1.0,Domestic Battery,0.0,0.0,0.0,0.0,0.0,,,0.0,True,0,inf,0.871,False,,False,False,2.0,0.92,0.92,0.001,0.0,0.0,-3.483,55.264
FES_Domestic_Battery_Dumfries_33_2035_381,Z6,PQ,,0.871,0.0,False,0.0,inf,,-1.0,1.0,,0.0,,,1.0,Domestic Battery,0.0,0.0,0.0,0.0,0.0,,,0.0,True,0,inf,0.871,False,,False,False,2.0,0.92,0.92,0.001,0.0,0.0,-3.483,55.264
FES_Domestic_Battery_Dumfries_ICI_2035_382,Z6,PQ,,0.871,0.0,False,0.0,inf,,-1.0,1.0,,0.0,,,1.0,Domestic Battery,0.0,0.0,0.0,0.0,0.0,,,0.0,True,0,inf,0.871,False,,False,False,2.0,0.92,0.92,0.001,0.0,0.0,-3.483,55.264
FES_Domestic_Battery_Dunbar_2035_383,Z5,PQ,,1.422,0.0,False,0.0,inf,,-1.0,1.0,,0.0,,,1.0,Domestic Battery,0.0,0.0,0.0,0.0,0.0,,,0.0,True,0,inf,1.422,False,,False,False,2.0,0.92,0.92,0.001,0.0,0.0,-3.83,55.777
FES_Domestic_Battery_Dunfermline_2035_384,Z5,PQ,,0.823,0.0,False,0.0,inf,,-1.0,1.0,,0.0,,,1.0,Domestic Battery,0.0,0.0,0.0,0.0,0.0,,,0.0,True,0,inf,0.823,False,,False,False,2.0,0.92,0.92,0.001,0.0,0.0,-3.83,55.777
FES_Domestic_Battery_East_Kilbride_2035_385,Z5,PQ,,2.16,0.0,False,0.0,inf,,-1.0,1.0,,0.0,,,1.0,Domestic Battery,0.0,0.0,0.0,0.0,0.0,,,0.0,True,0,inf,2.16,False,,False,False,2.0,0.92,0.92,0.001,0.0,0.0,-3.83,55.777
FES_Domestic_Battery_Easterhouse_2035_386,Z5,PQ,,1.776,0.0,False,0.0,inf,,-1.0,1.0,,0.0,,,1.0,Domestic Battery,0.0,0.0,0.0,0.0,0.0,,,0.0,True,0,inf,1.776,False,,False,False,2.0,0.92,0.92,0.001,0.0,0.0,-3.83,55.777
FES_Domestic_Battery_Eccles_2035_387,Z6,PQ,,3.166,0.0,False,0.0,inf,,-1.0,1.0,,0.0,,,1.0,Domestic Battery,0.0,0.0,0.0,0.0,0.0,,,0.0,True,0,inf,3.166,False,,False,False,2.0,0.92,0.92,0.001,0.0,0.0,-3.483,55.264
FES_Domestic_Battery_Elderslie_2035_388,Z5,PQ,,1.002,0.0,False,0.0,inf,,-1.0,1.0,,0.0,,,1.0,Domestic Battery,0.0,0.0,0.0,0.0,0.0,,,0.0,True,0,inf,1.002,False,,False,False,2.0,0.92,0.92,0.001,0.0,0.0,-3.83,55.777
FES_Domestic_Battery_Erskine_2035_389,Z5,PQ,,0.381,0.0,False,0.0,inf,,-1.0,1.0,,0.0,,,1.0,Domestic Battery,0.0,0.0,0.0,0.0,0.0,,,0.0,True,0,inf,0.381,False,,False,False,2.0,0.92,0.92,0.001,0.0,0.0,-3.83,55.777
FES_Domestic_Battery_Galashiels_2035_390,Z6,PQ,,2.206,0.0,False,0.0,inf,,-1.0,1.0,,0.0,,,1.0,Domestic Battery,0.0,0.0,0.0,0.0,0.0,,,0.0,True,0,inf,2.206,False,,False,False,2.0,0.92,0.92,0.001,0.0,0.0,-3.483,55.264
FES_Domestic_Battery_Giffnock_2035_391,Z5,PQ,,0.579,0.0,False,0.0,inf,,-1.0,1.0,,0.0,,,1.0,Domestic Battery,0.0,0.0,0.0,0.0,0.0,,,0.0,True,0,inf,0.579,False,,False,False,2.0,0.92,0.92,0.001,0.0,0.0,-3.83,55.777
FES_Domestic_Battery_Glenluce_2035_392,Z6,PQ,,1.279,0.0,False,0.0,inf,,-1.0,1.0,,0.0,,,1.0,Domestic Battery,0.0,0.0,0.0,0.0,0.0,,,0.0,True,0,inf,1.279,False,,False,False,2.0,0.92,0.92,0.001,0.0,0.0,-3.483,55.264
FES_Domestic_Battery_Glenniston_2035_393,Z5,PQ,,0.704,0.0,False,0.0,inf,,-1.0,1.0,,0.0,,,1.0,Domestic Battery,0.0,0.0,0.0,0.0,0.0,,,0.0,True,0,inf,0.704,False,,False,False,2.0,0.92,0.92,0.001,0.0,0.0,-3.83,55.777
FES_Domestic_Battery_Glenrothes_2035_394,Z3,PQ,,0.945,0.0,False,0.0,inf,,-1.0,1.0,,0.0,,,1.0,Domestic Battery,0.0,0.0,0.0,0.0,0.0,,,0.0,True,0,inf,0.945,False,,False,False,2.0,0.92,0.92,0.001,0.0,0.0,-4.05,56.442
FES_Domestic_Battery_Gorgie_2035_395,Z5,PQ,,0.186,0.0,False,0.0,inf,,-1.0,1.0,,0.0,,,1.0,Domestic Battery,0.0,0.0,0.0,0.0,0.0,,,0.0,True,0,inf,0.186,False,,False,False,2.0,0.92,0.92,0.001,0.0,0.0,-3.83,55.777
FES_Domestic_Battery_Govan_2035_396,Z5,PQ,,0.72,0.0,False,0.0,inf,,-1.0,1.0,,0.0,,,1.0,Domestic Battery,0.0,0.0,0.0,0.0,0.0,,,0.0,True,0,inf,0.72,False,,False,False,2.0,0.92,0.92,0.001,0.0,0.0,-3.83,55.777
FES_Domestic_Battery_Grangemouth_A_2035_397,Z5,PQ,,0.79,0.0,False,0.0,inf,,-1.0,1.0,,0.0,,,1.0,Domestic Battery,0.0,0.0,0.0,0.0,0.0,,,0.0,True,0,inf,0.79,False,,False,False,2.0,0.92,0.92,0.001,0.0,0.0,-3.83,55.777
FES_Domestic_Battery_Grangemouth_C_2035_398,Z5,PQ,,0.79,0.0,False,0.0,inf,,-1.0,1.0,,0.0,,,1.0,Domestic Battery,0.0,0.0,0.0,0.0,0.0,,,0.0,True,0,inf,0.79,False,,False,False,2.0,0.92,0.92,0.001,0.0,0.0,-3.83,55.777
FES_Domestic_Battery_Haggs_Road_2035_399,Z5,PQ,,0.395,0.0,False,0.0,inf,,-1.0,1.0,,0.0,,,1.0,Domestic Battery,0.0,0.0,0.0,0.0,0.0,,,0.0,True,0,inf,0.395,False,,False,False,2.0,0.92,0.92,0.001,0.0,0.0,-3.83,55.777
FES_Domestic_Battery_Hawick_2035_400,Z6,PQ,,0.963,0.0,False,0.0,inf,,-1.0,1.0,,0.0,,,1.0,Domestic Battery,0.0,0.0,0.0,0.0,0.0,,,0.0,True,0,inf,0.963,False,,False,False,2.0,0.92,0.92,0.001,0.0,0.0,-3.483,55.264
FES_Domestic_Battery_Helensburgh_2035_401,Z5,PQ,,0.541,0.0,False,0.0,inf,,-1.0,1.0,,0.0,,,1.0,Domestic Battery,0.0,0.0,0.0,0.0,0.0,,,0.0,True,0,inf,0.541,False,,False,False,2.0,0.92,0.92,0.001,0.0,0.0,-3.83,55.777
FES_Domestic_Battery_Inverkeithing_2035_402,Z5,PQ,,1.269,0.0,False,0.0,inf,,-1.0,1.0,,0.0,,,1.0,Domestic Battery,0.0,0.0,0.0,0.0,0.0,,,0.0,True,0,inf,1.269,False,,False,False,2.0,0.92,0.92,0.001,0.0,0.0,-3.83,55.777
FES_Domestic_Battery_Johnstone_2035_403,Z5,PQ,,0.891,0.0,False,0.0,inf,,-1.0,1.0,,0.0,,,1.0,Domestic Battery,0.0,0.0,0.0,0.0,0.0,,,0.0,True,0,inf,0.891,False,,False,False,2.0,0.92,0.92,0.001,0.0,0.0,-3.83,55.777
FES_Domestic_Battery_Kaimes_2035_404,Z5,PQ,,3.741,0.0,False,0.0,inf,,-1.0,1.0,,0.0,,,1.0,Domestic Battery,0.0,0.0,0.0,0.0,0.0,,,0.0,True,0,inf,3.741,False,,False,False,2.0,0.92,0.92,0.001,0.0,0.0,-3.83,55.777
FES_Domestic_Battery_Kilbowie_11_2035_405,Z5,PQ,,0.383,0.0,False,0.0,inf,,-1.0,1.0,,0.0,,,1.0,Domestic Battery,0.0,0.0,0.0,0.0,0.0,,,0.0,True,0,inf,0.383,False,,False,False,2.0,0.92,0.92,0.001,0.0,0.0,-3.83,55.777
FES_Domestic_Battery_Kilbowie_33_2035_406,Z5,PQ,,0.383,0.0,False,0.0,inf,,-1.0,1.0,,0.0,,,1.0,Domestic Battery,0.0,0.0,0.0,0.0,0.0,,,0.0,True,0,inf,0.383,False,,False,False,2.0,0.92,0.92,0.001,0.0,0.0,-3.83,55.777
FES_Domestic_Battery_Killermont_2035_407,Z5,PQ,,0.955,0.0,False,0.0,inf,,-1.0,1.0,,0.0,,,1.0,Domestic Battery,0.0,0.0,0.0,0.0,0.0,,,0.0,True,0,inf,0.955,False,,False,False,2.0,0.92,0.92,0.001,0.0,0.0,-3.83,55.777
FES_Domestic_Battery_Kilwinning_2035_408,Z5,PQ,,1.036,0.0,False,0.0,inf,,-1.0,1.0,,0.0,,,1.0,Domestic Battery,0.0,0.0,0.0,0.0,0.0,,,0.0,True,0,inf,1.036,False,,False,False,2.0,0.92,0.92,0.001,0.0,0.0,-3.83,55.777
FES_Domestic_Battery_Leven_2035_409,Z3,PQ,,1.265,0.0,False,0.0,inf,,-1.0,1.0,,0.0,,,1.0,Domestic Battery,0.0,0.0,0.0,0.0,0.0,,,0.0,True,0,inf,1.265,False,,False,False,2.0,0.92,0.92,0.001,0.0,0.0,-4.05,56.442
FES_Domestic_Battery_Livingston_East_2035_410,Z5,PQ,,1.766,0.0,False,0.0,inf,,-1.0,1.0,,0.0,,,1.0,Domestic Battery,0.0,0.0,0.0,0.0,0.0,,,0.0,True,0,inf,1.766,False,,False,False,2.0,0.92,0.92,0.001,0.0,0.0,-3.83,55.777
FES_Domestic_Battery_Maybole_2035_411,Z5,PQ,,0.69,0.0,False,0.0,inf,,-1.0,1.0,,0.0,,,1.0,Domestic Battery,0.0,0.0,0.0,0.0,0.0,,,0.0,True,0,inf,0.69,False,,False,False,2.0,0.92,0.92,0.001,0.0,0.0,-3.83,55.777
FES_Domestic_Battery_Newarthill_2035_412,Z5,PQ,,0.553,0.0,False,0.0,inf,,-1.0,1.0,,0.0,,,1.0,Domestic Battery,0.0,0.0,0.0,0.0,0.0,,,0.0,True,0,inf,0.553,False,,False,False,2.0,0.92,0.92,0.001,0.0,0.0,-3.83,55.777
FES_Domestic_Battery_Paisley_2035_413,Z5,PQ,,0.146,0.0,False,0.0,inf,,-1.0,1.0,,0.0,,,1.0,Domestic Battery,0.0,0.0,0.0,0.0,0.0,,,0.0,True,0,inf,0.146,False,,False,False,2.0,0.92,0.92,0.001,0.0,0.0,-3.83,55.777
FES_Domestic_Battery_Partick_2035_414,Z5,PQ,,0.094,0.0,False,0.0,inf,,-1.0,1.0,,0.0,,,1.0,Domestic Battery,0.0,0.0,0.0,0.0,0.0,,,0.0,True,0,inf,0.094,False,,False,False,2.0,0.92,0.92,0.001,0.0,0.0,-3.83,55.777
FES_Domestic_Battery_Port_Dundas_2035_415,Z5,PQ,,0.609,0.0,False,0.0,inf,,-1.0,1.0,,0.0,,,1.0,Domestic Battery,0.0,0.0,0.0,0.0,0.0,,,0.0,True,0,inf,0.609,False,,False,False,2.0,0.92,0.92,0.001,0.0,0.0,-3.83,55.777
FES_Domestic_Battery_Portobello_2035_416,Z5,PQ,,1.269,0.0,False,0.0,inf,,-1.0,1.0,,0.0,,,1.0,Domestic Battery,0.0,0.0,0.0,0.0,0.0,,,0.0,True,0,inf,1.269,False,,False,False,2.0,0.92,0.92,0.001,0.0,0.0,-3.83,55.777
FES_Domestic_Battery_Redhouse_2035_417,Z5,PQ,,0.504,0.0,False,0.0,inf,,-1.0,1.0,,0.0,,,1.0,Domestic Battery,0.0,0.0,0.0,0.0,0.0,,,0.0,True,0,inf,0.504,False,,False,False,2.0,0.92,0.92,0.001,0.0,0.0,-3.83,55.777
FES_Domestic_Battery_Saltcoats_A_2035_418,Z4,PQ,,1.09,0.0,False,0.0,inf,,-1.0,1.0,,0.0,,,1.0,Domestic Battery,0.0,0.0,0.0,0.0,0.0,,,0.0,True,0,inf,1.09,False,,False,False,2.0,0.92,0.92,0.001,0.0,0.0,-5.675,55.779
FES_Domestic_Battery_Saltcoats_B_2035_419,Z4,PQ,,1.09,0.0,False,0.0,inf,,-1.0,1.0,,0.0,,,1.0,Domestic Battery,0.0,0.0,0.0,0.0,0.0,,,0.0,True,0,inf,1.09,False,,False,False,2.0,0.92,0.92,0.001,0.0,0.0,-5.675,55.779
FES_Domestic_Battery_Shrubhill_2035_420,Z5,PQ,,0.18,0.0,False,0.0,inf,,-1.0,1.0,,0.0,,,1.0,Domestic Battery,0.0,0.0,0.0,0.0,0.0,,,0.0,True,0,inf,0.18,False,,False,False,2.0,0.92,0.92,0.001,0.0,0.0,-3.83,55.777
FES_Domestic_Battery_Sighthill_2035_421,Z5,PQ,,1.339,0.0,False,0.0,inf,,-1.0,1.0,,0.0,,,1.0,Domestic Battery,0.0,0.0,0.0,0.0,0.0,,,0.0,True,0,inf,1.339,False,,False,False,2.0,0.92,0.92,0.001,0.0,0.0,-3.83,55.777
FES_Domestic_Battery_Spango_Valley_2035_422,Z4,PQ,,0.399,0.0,False,0.0,inf,,-1.0,1.0,,0.0,,,1.0,Domestic Battery,0.0,0.0,0.0,0.0,0.0,,,0.0,True,0,inf,0.399,False,,False,False,2.0,0.92,0.92,0.001,0.0,0.0,-5.675,55.779
FES_Domestic_Battery_Stirling_2035_423,Z3,PQ,,4.884,0.0,False,0.0,inf,,-1.0,1.0,,0.0,,,1.0,Domestic Battery,0.0,0.0,0.0,0.0,0.0,,,0.0,True,0,inf,4.884,False,,False,False,2.0,0.92,0.92,0.001,0.0,0.0,-4.05,56.442
FES_Domestic_Battery_Strathaven_2035_424,Z5,PQ,,0.803,0.0,False,0.0,inf,,-1.0,1.0,,0.0,,,1.0,Domestic Battery,0.0,0.0,0.0,0.0,0.0,,,0.0,True,0,inf,0.803,False,,False,False,2.0,0.92,0.92,0.001,0.0,0.0,-3.83,55.777
FES_Domestic_Battery_Strathleven_2035_425,Z5,PQ,,2.032,0.0,False,0.0,inf,,-1.0,1.0,,0.0,,,1.0,Domestic Battery,0.0,0.0,0.0,0.0,0.0,,,0.0,True,0,inf,2.032,False,,False,False,2.0,0.92,0.92,0.001,0.0,0.0,-3.83,55.777
FES_Domestic_Battery_Telford_Road_2035_426,Z5,PQ,,0.475,0.0,False,0.0,inf,,-1.0,1.0,,0.0,,,1.0,Domestic Battery,0.0,0.0,0.0,0.0,0.0,,,0.0,True,0,inf,0.475,False,,False,False,2.0,0.92,0.92,0.001,0.0,0.0,-3.83,55.777
FES_Domestic_Battery_Tongland_2035_427,Z6,PQ,,1.381,0.0,False,0.0,inf,,-1.0,1.0,,0.0,,,1.0,Domestic Battery,0.0,0.0,0.0,0.0,0.0,,,0.0,True,0,inf,1.381,False,,False,False,2.0,0.92,0.92,0.001,0.0,0.0,-3.483,55.264
FES_Domestic_Battery_Westfield_2035_428,Z5,PQ,,0.788,0.0,False,0.0,inf,,-1.0,1.0,,0.0,,,1.0,Domestic Battery,0.0,0.0,0.0,0.0,0.0,,,0.0,True,0,inf,0.788,False,,False,False,2.0,0.92,0.92,0.001,0.0,0.0,-3.83,55.777
FES_Domestic_Battery_Whitehouse_2035_429,Z5,PQ,,0.575,0.0,False,0.0,inf,,-1.0,1.0,,0.0,,,1.0,Domestic Battery,0.0,0.0,0.0,0.0,0.0,,,0.0,True,0,inf,0.575,False,,False,False,2.0,0.92,0.92,0.001,0.0,0.0,-3.83,55.777
FES_Domestic_Battery_Wishaw_2035_430,Z5,PQ,,1.777,0.0,False,0.0,inf,,-1.0,1.0,,0.0,,,1.0,Domestic Battery,0.0,0.0,0.0,0.0,0.0,,,0.0,True,0,inf,1.777,False,,False,False,2.0,0.92,0.92,0.001,0.0,0.0,-3.83,55.777
FES_Domestic_Battery_Birkenhead_2035_431,Z9,PQ,,4.523,0.0,False,0.0,inf,,-1.0,1.0,,0.0,,,1.0,Domestic Battery,0.0,0.0,0.0,0.0,0.0,,,0.0,True,0,inf,4.523,False,,False,False,2.0,0.92,0.92,0.001,0.0,0.0,-3.01,53.386
FES_Domestic_Battery_Capenhurst_2035_432,Z9,PQ,,5.299,0.0,False,0.0,inf,,-1.0,1.0,,0.0,,,1.0,Domestic Battery,0.0,0.0,0.0,0.0,0.0,,,0.0,True,0,inf,5.299,False,,False,False,2.0,0.92,0.92,0.001,0.0,0.0,-3.01,53.386
FES_Domestic_Battery_Carrington_2035_433,Z9,PQ,,3.822,0.0,False,0.0,inf,,-1.0,1.0,,0.0,,,1.0,Domestic Battery,0.0,0.0,0.0,0.0,0.0,,,0.0,True,0,inf,3.822,False,,False,False,2.0,0.92,0.92,0.001,0.0,0.0,-3.01,53.386
FES_Domestic_Battery_Fiddlers_Ferry_Cuerdley_132kV_2035_434,Z9,PQ,,11.014,0.0,False,0.0,inf,,-1.0,1.0,,0.0,,,1.0,Domestic Battery,0.0,0.0,0.0,0.0,0.0,,,0.0,True,0,inf,11.014,False,,False,False,2.0,0.92,0.92,0.001,0.0,0.0,-3.01,53.386
FES_Domestic_Battery_Frodsham_2035_435,Z9,PQ,,11.693,0.0,False,0.0,inf,,-1.0,1.0,,0.0,,,1.0,Domestic Battery,0.0,0.0,0.0,0.0,0.0,,,0.0,True,0,inf,11.693,False,,False,False,2.0,0.92,0.92,0.001,0.0,0.0,-3.01,53.386
FES_Domestic_Battery_Kirkby_SPEN_2035_436,Z9,PQ,,5.416,0.0,False,0.0,inf,,-1.0,1.0,,0.0,,,1.0,Domestic Battery,0.0,0.0,0.0,0.0,0.0,,,0.0,True,0,inf,5.416,False,,False,False,2.0,0.92,0.92,0.001,0.0,0.0,-3.01,53.386
FES_Domestic_Battery_Legacy_2035_437,Z9,PQ,,16.397,0.0,False,0.0,inf,,-1.0,1.0,,0.0,,,1.0,Domestic Battery,0.0,0.0,0.0,0.0,0.0,,,0.0,True,0,inf,16.397,False,,False,False,2.0,0.92,0.92,0.001,0.0,0.0,-3.01,53.386
FES_Domestic_Battery_Lister_Drive_2035_438,Z9,PQ,,9.23,0.0,False,0.0,inf,,-1.0,1.0,,0.0,,,1.0,Domestic Battery,0.0,0.0,0.0,0.0,0.0,,,0.0,True,0,inf,9.23,False,,False,False,2.0,0.92,0.92,0.001,0.0,0.0,-3.01,53.386
FES_Domestic_Battery_Pentir_2035_439,Z9,PQ,,6.494,0.0,False,0.0,inf,,-1.0,1.0,,0.0,,,1.0,Domestic Battery,0.0,0.0,0.0,0.0,0.0,,,0.0,True,0,inf,6.494,False,,False,False,2.0,0.92,0.92,0.001,0.0,0.0,-3.01,53.386
FES_Domestic_Battery_Rainhill_2035_440,Z9,PQ,,7.244,0.0,False,0.0,inf,,-1.0,1.0,,0.0,,,1.0,Domestic Battery,0.0,0.0,0.0,0.0,0.0,,,0.0,True,0,inf,7.244,False,,False,False,2.0,0.92,0.92,0.001,0.0,0.0,-3.01,53.386
FES_Domestic_Battery_Trawsfynydd_2035_441,Z9,PQ,,5.521,0.0,False,0.0,inf,,-1.0,1.0,,0.0,,,1.0,Domestic Battery,0.0,0.0,0.0,0.0,0.0,,,0.0,True,0,inf,5.521,False,,False,False,2.0,0.92,0.92,0.001,0.0,0.0,-3.01,53.386
FES_Domestic_Battery_Wylfa_2035_442,Z9,PQ,,1.82,0.0,False,0.0,inf,,-1.0,1.0,,0.0,,,1.0,Domestic Battery,0.0,0.0,0.0,0.0,0.0,,,0.0,True,0,inf,1.82,False,,False,False,2.0,0.92,0.92,0.001,0.0,0.0,-3.01,53.386
FES_Domestic_Battery_Abernethy_2035_443,Z3,PQ,,2.507,0.0,False,0.0,inf,,-1.0,1.0,,0.0,,,1.0,Domestic Battery,0.0,0.0,0.0,0.0,0.0,,,0.0,True,0,inf,2.507,False,,False,False,2.0,0.92,0.92,0.001,0.0,0.0,-4.05,56.442
FES_Domestic_Battery_Alness_2035_444,Z1_3,PQ,,0.93,0.0,False,0.0,inf,,-1.0,1.0,,0.0,,,1.0,Domestic Battery,0.0,0.0,0.0,0.0,0.0,,,0.0,True,0,inf,0.93,False,,False,False,2.0,0.92,0.92,0.001,0.0,0.0,-4.436,58.107
FES_Domestic_Battery_Arbroath_2035_445,Z2,PQ,,2.468,0.0,False,0.0,inf,,-1.0,1.0,,0.0,,,1.0,Domestic Battery,0.0,0.0,0.0,0.0,0.0,,,0.0,True,0,inf,2.468,False,,False,False,2.0,0.92,0.92,0.001,0.0,0.0,-3.173,57.182
FES_Domestic_Battery_Ardmore_2035_446,Z1_2,PQ,,0.628,0.0,False,0.0,inf,,-1.0,1.0,,0.0,,,1.0,Domestic Battery,0.0,0.0,0.0,0.0,0.0,,,0.0,True,0,inf,0.628,False,,False,False,2.0,0.92,0.92,0.001,0.0,0.0,-6.834,57.944
FES_Domestic_Battery_Beauly_2035_447,Z1_4,PQ,,1.505,0.0,False,0.0,inf,,-1.0,1.0,,0.0,,,1.0,Domestic Battery,0.0,0.0,0.0,0.0,0.0,,,0.0,True,0,inf,1.505,False,,False,False,2.0,0.92,0.92,0.001,0.0,0.0,-5.2,57.119
FES_Domestic_Battery_Boat_of_Garten_2035_448,Z2,PQ,,1.022,0.0,False,0.0,inf,,-1.0,1.0,,0.0,,,1.0,Domestic Battery,0.0,0.0,0.0,0.0,0.0,,,0.0,True,0,inf,1.022,False,,False,False,2.0,0.92,0.92,0.001,0.0,0.0,-3.173,57.182
FES_Domestic_Battery_Braco_West_2035_449,Z3,PQ,,2.579,0.0,False,0.0,inf,,-1.0,1.0,,0.0,,,1.0,Domestic Battery,0.0,0.0,0.0,0.0,0.0,,,0.0,True,0,inf,2.579,False,,False,False,2.0,0.92,0.92,0.001,0.0,0.0,-4.05,56.442
FES_Domestic_Battery_Bridge_of_Dun_2035_450,Z2,PQ,,1.942,0.0,False,0.0,inf,,-1.0,1.0,,0.0,,,1.0,Domestic Battery,0.0,0.0,0.0,0.0,0.0,,,0.0,True,0,inf,1.942,False,,False,False,2.0,0.92,0.92,0.001,0.0,0.0,-3.173,57.182
FES_Domestic_Battery_Broadford_2035_451,Z1_4,PQ,,0.45,0.0,False,0.0,inf,,-1.0,1.0,,0.0,,,1.0,Domestic Battery,0.0,0.0,0.0,0.0,0.0,,,0.0,True,0,inf,0.45,False,,False,False,2.0,0.92,0.92,0.001,0.0,0.0,-5.2,57.119
FES_Domestic_Battery_Brora_2035_452,Z1_3,PQ,,0.35,0.0,False,0.0,inf,,-1.0,1.0,,0.0,,,1.0,Domestic Battery,0.0,0.0,0.0,0.0,0.0,,,0.0,True,0,inf,0.35,False,,False,False,2.0,0.92,0.92,0.001,0.0,0.0,-4.436,58.107
FES_Domestic_Battery_Burghmuir_2035_453,Z3,PQ,,1.33,0.0,False,0.0,inf,,-1.0,1.0,,0.0,,,1.0,Domestic Battery,0.0,0.0,0.0,0.0,0.0,,,0.0,True,0,inf,1.33,False,,False,False,2.0,0.92,0.92,0.001,0.0,0.0,-4.05,56.442
FES_Domestic_Battery_Carradale_2035_454,Z4,PQ,,0.551,0.0,False,0.0,inf,,-1.0,1.0,,0.0,,,1.0,Domestic Battery,0.0,0.0,0.0,0.0,0.0,,,0.0,True,0,inf,0.551,False,,False,False,2.0,0.92,0.92,0.001,0.0,0.0,-5.675,55.779
FES_Domestic_Battery_Clachan_2035_455,Z3,PQ,,0.09,0.0,False,0.0,inf,,-1.0,1.0,,0.0,,,1.0,Domestic Battery,0.0,0.0,0.0,0.0,0.0,,,0.0,True,0,inf,0.09,False,,False,False,2.0,0.92,0.92,0.001,0.0,0.0,-4.05,56.442
FES_Domestic_Battery_Clayhills_2035_456,Z2,PQ,,0.462,0.0,False,0.0,inf,,-1.0,1.0,,0.0,,,1.0,Domestic Battery,0.0,0.0,0.0,0.0,0.0,,,0.0,True,0,inf,0.462,False,,False,False,2.0,0.92,0.92,0.001,0.0,0.0,-3.173,57.182
FES_Domestic_Battery_Coupar_Angus_2035_457,Z3,PQ,,1.802,0.0,False,0.0,inf,,-1.0,1.0,,0.0,,,1.0,Domestic Battery,0.0,0.0,0.0,0.0,0.0,,,0.0,True,0,inf,1.802,False,,False,False,2.0,0.92,0.92,0.001,0.0,0.0,-4.05,56.442
FES_Domestic_Battery_Craigiebuckler_2035_458,Z2,PQ,,0.12,0.0,False,0.0,inf,,-1.0,1.0,,0.0,,,1.0,Domestic Battery,0.0,0.0,0.0,0.0,0.0,,,0.0,True,0,inf,0.12,False,,False,False,2.0,0.92,0.92,0.001,0.0,0.0,-3.173,57.182
FES_Domestic_Battery_Dounreay_2035_459,Z1_3,PQ,,0.546,0.0,False,0.0,inf,,-1.0,1.0,,0.0,,,1.0,Domestic Battery,0.0,0.0,0.0,0.0,0.0,,,0.0,True,0,inf,0.546,False,,False,False,2.0,0.92,0.92,0.001,0.0,0.0,-4.436,58.107
FES_Domestic_Battery_Dudhope_2035_460,Z3,PQ,,1.249,0.0,False,0.0,inf,,-1.0,1.0,,0.0,,,1.0,Domestic Battery,0.0,0.0,0.0,0.0,0.0,,,0.0,True,0,inf,1.249,False,,False,False,2.0,0.92,0.92,0.001,0.0,0.0,-4.05,56.442
FES_Domestic_Battery_Dunoon_2035_461,Z4,PQ,,0.709,0.0,False,0.0,inf,,-1.0,1.0,,0.0,,,1.0,Domestic Battery,0.0,0.0,0.0,0.0,0.0,,,0.0,True,0,inf,0.709,False,,False,False,2.0,0.92,0.92,0.001,0.0,0.0,-5.675,55.779
FES_Domestic_Battery_Dunvegan_2035_462,Z1_2,PQ,,0.063,0.0,False,0.0,inf,,-1.0,1.0,,0.0,,,1.0,Domestic Battery,0.0,0.0,0.0,0.0,0.0,,,0.0,True,0,inf,0.063,False,,False,False,2.0,0.92,0.92,0.001,0.0,0.0,-6.834,57.944
FES_Domestic_Battery_Dyce_2035_463,Z2,PQ,,1.974,0.0,False,0.0,inf,,-1.0,1.0,,0.0,,,1.0,Domestic Battery,0.0,0.0,0.0,0.0,0.0,,,0.0,True,0,inf,1.974,False,,False,False,2.0,0.92,0.92,0.001,0.0,0.0,-3.173,57.182
FES_Domestic_Battery_Elgin_2035_464,Z2,PQ,,2.708,0.0,False,0.0,inf,,-1.0,1.0,,0.0,,,1.0,Domestic Battery,0.0,0.0,0.0,0.0,0.0,,,0.0,True,0,inf,2.708,False,,False,False,2.0,0.92,0.92,0.001,0.0,0.0,-3.173,57.182
FES_Domestic_Battery_Fiddes_2035_465,Z2,PQ,,1.539,0.0,False,0.0,inf,,-1.0,1.0,,0.0,,,1.0,Domestic Battery,0.0,0.0,0.0,0.0,0.0,,,0.0,True,0,inf,1.539,False,,False,False,2.0,0.92,0.92,0.001,0.0,0.0,-3.173,57.182
FES_Domestic_Battery_Fort_Augustus_2035_466,Z1_4,PQ,,0.178,0.0,False,0.0,inf,,-1.0,1.0,,0.0,,,1.0,Domestic Battery,0.0,0.0,0.0,0.0,0.0,,,0.0,True,0,inf,0.178,False,,False,False,2.0,0.92,0.92,0.001,0.0,0.0,-5.2,57.119
FES_Domestic_Battery_Fort_William_2035_467,Z1_4,PQ,,0.474,0.0,False,0.0,inf,,-1.0,1.0,,0.0,,,1.0,Domestic Battery,0.0,0.0,0.0,0.0,0.0,,,0.0,True,0,inf,0.474,False,,False,False,2.0,0.92,0.92,0.001,0.0,0.0,-5.2,57.119
FES_Domestic_Battery_Grudie_Bridge_2035_468,Z1_4,PQ,,0.324,0.0,False,0.0,inf,,-1.0,1.0,,0.0,,,1.0,Domestic Battery,0.0,0.0,0.0,0.0,0.0,,,0.0,True,0,inf,0.324,False,,False,False,2.0,0.92,0.92,0.001,0.0,0.0,-5.2,57.119
FES_Domestic_Battery_Inverness_2035_469,Z1_4,PQ,,1.756,0.0,False,0.0,inf,,-1.0,1.0,,0.0,,,1.0,Domestic Battery,0.0,0.0,0.0,0.0,0.0,,,0.0,True,0,inf,1.756,False,,False,False,2.0,0.92,0.92,0.001,0.0,0.0,-5.2,57.119
FES_Domestic_Battery_Keith_2035_470,Z2,PQ,,1.953,0.0,False,0.0,inf,,-1.0,1.0,,0.0,,,1.0,Domestic Battery,0.0,0.0,0.0,0.0,0.0,,,0.0,True,0,inf,1.953,False,,False,False,2.0,0.92,0.92,0.001,0.0,0.0,-3.173,57.182
FES_Domestic_Battery_Killin_2035_471,Z3,PQ,,0.162,0.0,False,0.0,inf,,-1.0,1.0,,0.0,,,1.0,Domestic Battery,0.0,0.0,0.0,0.0,0.0,,,0.0,True,0,inf,0.162,False,,False,False,2.0,0.92,0.92,0.001,0.0,0.0,-4.05,56.442
FES_Domestic_Battery_Kinlochleven_2035_472,Z1_4,PQ,,0.043,0.0,False,0.0,inf,,-1.0,1.0,,0.0,,,1.0,Domestic Battery,0.0,0.0,0.0,0.0,0.0,,,0.0,True,0,inf,0.043,False,,False,False,2.0,0.92,0.92,0.001,0.0,0.0,-5.2,57.119
FES_Domestic_Battery_Kintore_2035_473,Z2,PQ,,4.278,0.0,False,0.0,inf,,-1.0,1.0,,0.0,,,1.0,Domestic Battery,0.0,0.0,0.0,0.0,0.0,,,0.0,True,0,inf,4.278,False,,False,False,2.0,0.92,0.92,0.001,0.0,0.0,-3.173,57.182
FES_Domestic_Battery_Lairg_2035_474,Z1_3,PQ,,0.228,0.0,False,0.0,inf,,-1.0,1.0,,0.0,,,1.0,Domestic Battery,0.0,0.0,0.0,0.0,0.0,,,0.0,True,0,inf,0.228,False,,False,False,2.0,0.92,0.92,0.001,0.0,0.0,-4.436,58.107
FES_Domestic_Battery_Lunanhead_2035_475,Z2,PQ,,1.894,0.0,False,0.0,inf,,-1.0,1.0,,0.0,,,1.0,Domestic Battery,0.0,0.0,0.0,0.0,0.0,,,0.0,True,0,inf,1.894,False,,False,False,2.0,0.92,0.92,0.001,0.0,0.0,-3.173,57.182
FES_Domestic_Battery_Lyndhurst_2035_476,Z3,PQ,,0.529,0.0,False,0.0,inf,,-1.0,1.0,,0.0,,,1.0,Domestic Battery,0.0,0.0,0.0,0.0,0.0,,,0.0,True,0,inf,0.529,False,,False,False,2.0,0.92,0.92,0.001,0.0,0.0,-4.05,56.442
FES_Domestic_Battery_Macduff_2035_477,Z2,PQ,,1.915,0.0,False,0.0,inf,,-1.0,1.0,,0.0,,,1.0,Domestic Battery,0.0,0.0,0.0,0.0,0.0,,,0.0,True,0,inf,1.915,False,,False,False,2.0,0.92,0.92,0.001,0.0,0.0,-3.173,57.182
FES_Domestic_Battery_Milton_of_Craigie_2035_478,Z3,PQ,,1.549,0.0,False,0.0,inf,,-1.0,1.0,,0.0,,,1.0,Domestic Battery,0.0,0.0,0.0,0.0,0.0,,,0.0,True,0,inf,1.549,False,,False,False,2.0,0.92,0.92,0.001,0.0,0.0,-4.05,56.442
FES_Domestic_Battery_Nairn_2035_479,Z2,PQ,,1.469,0.0,False,0.0,inf,,-1.0,1.0,,0.0,,,1.0,Domestic Battery,0.0,0.0,0.0,0.0,0.0,,,0.0,True,0,inf,1.469,False,,False,False,2.0,0.92,0.92,0.001,0.0,0.0,-3.173,57.182
FES_Domestic_Battery_Persley_2035_480,Z2,PQ,,0.903,0.0,False,0.0,inf,,-1.0,1.0,,0.0,,,1.0,Domestic Battery,0.0,0.0,0.0,0.0,0.0,,,0.0,True,0,inf,0.903,False,,False,False,2.0,0.92,0.92,0.001,0.0,0.0,-3.173,57.182
FES_Domestic_Battery_Peterhead_Shell_2035_481,Z2,PQ,,3.444,0.0,False,0.0,inf,,-1.0,1.0,,0.0,,,1.0,Domestic Battery,0.0,0.0,0.0,0.0,0.0,,,0.0,True,0,inf,3.444,False,,False,False,2.0,0.92,0.92,0.001,0.0,0.0,-3.173,57.182
FES_Domestic_Battery_Port_Ann_2035_482,Z4,PQ,,0.69,0.0,False,0.0,inf,,-1.0,1.0,,0.0,,,1.0,Domestic Battery,0.0,0.0,0.0,0.0,0.0,,,0.0,True,0,inf,0.69,False,,False,False,2.0,0.92,0.92,0.001,0.0,0.0,-5.675,55.779
FES_Domestic_Battery_Rannoch_2035_483,Z3,PQ,,0.06,0.0,False,0.0,inf,,-1.0,1.0,,0.0,,,1.0,Domestic Battery,0.0,0.0,0.0,0.0,0.0,,,0.0,True,0,inf,0.06,False,,False,False,2.0,0.92,0.92,0.001,0.0,0.0,-4.05,56.442
FES_Domestic_Battery_Redmoss_2035_484,Z2,PQ,,0.73,0.0,False,0.0,inf,,-1.0,1.0,,0.0,,,1.0,Domestic Battery,0.0,0.0,0.0,0.0,0.0,,,0.0,True,0,inf,0.73,False,,False,False,2.0,0.92,0.92,0.001,0.0,0.0,-3.173,57.182
FES_Domestic_Battery_Shin_2035_485,Z1_3,PQ,,0.103,0.0,False,0.0,inf,,-1.0,1.0,,0.0,,,1.0,Domestic Battery,0.0,0.0,0.0,0.0,0.0,,,0.0,True,0,inf,0.103,False,,False,False,2.0,0.92,0.92,0.001,0.0,0.0,-4.436,58.107
FES_Domestic_Battery_Tarland_2035_486,Z2,PQ,,0.665,0.0,False,0.0,inf,,-1.0,1.0,,0.0,,,1.0,Domestic Battery,0.0,0.0,0.0,0.0,0.0,,,0.0,True,0,inf,0.665,False,,False,False,2.0,0.92,0.92,0.001,0.0,0.0,-3.173,57.182
FES_Domestic_Battery_Taynuilt_2035_487,Z3,PQ,,1.026,0.0,False,0.0,inf,,-1.0,1.0,,0.0,,,1.0,Domestic Battery,0.0,0.0,0.0,0.0,0.0,,,0.0,True,0,inf,1.026,False,,False,False,2.0,0.92,0.92,0.001,0.0,0.0,-4.05,56.442
FES_Domestic_Battery_Thurso_2035_488,Z1_3,PQ,,1.616,0.0,False,0.0,inf,,-1.0,1.0,,0.0,,,1.0,Domestic Battery,0.0,0.0,0.0,0.0,0.0,,,0.0,True,0,inf,1.616,False,,False,False,2.0,0.92,0.92,0.001,0.0,0.0,-4.436,58.107
FES_Domestic_Battery_Tummel_Bridge_2035_489,Z3,PQ,,0.637,0.0,False,0.0,inf,,-1.0,1.0,,0.0,,,1.0,Domestic Battery,0.0,0.0,0.0,0.0,0.0,,,0.0,True,0,inf,0.637,False,,False,False,2.0,0.92,0.92,0.001,0.0,0.0,-4.05,56.442
FES_Domestic_Battery_Willowdale_2035_490,Z2,PQ,,0.14,0.0,False,0.0,inf,,-1.0,1.0,,0.0,,,1.0,Domestic Battery,0.0,0.0,0.0,0.0,0.0,,,0.0,True,0,inf,0.14,False,,False,False,2.0,0.92,0.92,0.001,0.0,0.0,-3.173,57.182
FES_Domestic_Battery_Woodhill_2035_491,Z2,PQ,,1.544,0.0,False,0.0,inf,,-1.0,1.0,,0.0,,,1.0,Domestic Battery,0.0,0.0,0.0,0.0,0.0,,,0.0,True,0,inf,1.544,False,,False,False,2.0,0.92,0.92,0.001,0.0,0.0,-3.173,57.182
FES_Domestic_Battery_Acton_Lane_66kV_2035_492,Z14,PQ,,1.493,0.0,False,0.0,inf,,-1.0,1.0,,0.0,,,1.0,Domestic Battery,0.0,0.0,0.0,0.0,0.0,,,0.0,True,0,inf,1.493,False,,False,False,2.0,0.92,0.92,0.001,0.0,0.0,-0.157,51.536
FES_Domestic_Battery_Botley_Wood_2035_493,Z16,PQ,,6.417,0.0,False,0.0,inf,,-1.0,1.0,,0.0,,,1.0,Domestic Battery,0.0,0.0,0.0,0.0,0.0,,,0.0,True,0,inf,6.417,False,,False,False,2.0,0.92,0.92,0.001,0.0,0.0,-0.725,51.039
FES_Domestic_Battery_Bramley_2035_494,Z16,PQ,,11.839,0.0,False,0.0,inf,,-1.0,1.0,,0.0,,,1.0,Domestic Battery,0.0,0.0,0.0,0.0,0.0,,,0.0,True,0,inf,11.839,False,,False,False,2.0,0.92,0.92,0.001,0.0,0.0,-0.725,51.039
FES_Domestic_Battery_Chickerell_2035_495,Z17,PQ,,5.772,0.0,False,0.0,inf,,-1.0,1.0,,0.0,,,1.0,Domestic Battery,0.0,0.0,0.0,0.0,0.0,,,0.0,True,0,inf,5.772,False,,False,False,2.0,0.92,0.92,0.001,0.0,0.0,-3.601,50.757
FES_Domestic_Battery_Cowley_2035_496,Z14,PQ,,19.955,0.0,False,0.0,inf,,-1.0,1.0,,0.0,,,1.0,Domestic Battery,0.0,0.0,0.0,0.0,0.0,,,0.0,True,0,inf,19.955,False,,False,False,2.0,0.92,0.92,0.001,0.0,0.0,-0.157,51.536
FES_Domestic_Battery_Ealing_2035_497,Z14,PQ,,1.961,0.0,False,0.0,inf,,-1.0,1.0,,0.0,,,1.0,Domestic Battery,0.0,0.0,0.0,0.0,0.0,,,0.0,True,0,inf,1.961,False,,False,False,2.0,0.92,0.92,0.001,0.0,0.0,-0.157,51.536
FES_Domestic_Battery_Fawley_2035_498,Z16,PQ,,8.991,0.0,False,0.0,inf,,-1.0,1.0,,0.0,,,1.0,Domestic Battery,0.0,0.0,0.0,0.0,0.0,,,0.0,True,0,inf,8.991,False,,False,False,2.0,0.92,0.92,0.001,0.0,0.0,-0.725,51.039
FES_Domestic_Battery_Fleet_2035_499,Z16,PQ,,26.726,0.0,False,0.0,inf,,-1.0,1.0,,0.0,,,1.0,Domestic Battery,0.0,0.0,0.0,0.0,0.0,,,0.0,True,0,inf,26.726,False,,False,False,2.0,0.92,0.92,0.001,0.0,0.0,-0.725,51.039
FES_Domestic_Battery_Iver_132kV_2035_500,Z14,PQ,,6.186,0.0,False,0.0,inf,,-1.0,1.0,,0.0,,,1.0,Domestic Battery,0.0,0.0,0.0,0.0,0.0,,,0.0,True,0,inf,6.186,False,,False,False,2.0,0.92,0.92,0.001,0.0,0.0,-0.157,51.536
FES_Domestic_Battery_Iver_66kV_2035_501,Z14,PQ,,1.636,0.0,False,0.0,inf,,-1.0,1.0,,0.0,,,1.0,Domestic Battery,0.0,0.0,0.0,0.0,0.0,,,0.0,True,0,inf,1.636,False,,False,False,2.0,0.92,0.92,0.001,0.0,0.0,-0.157,51.536
FES_Domestic_Battery_Laleham_2035_502,Z14,PQ,,2.082,0.0,False,0.0,inf,,-1.0,1.0,,0.0,,,1.0,Domestic Battery,0.0,0.0,0.0,0.0,0.0,,,0.0,True,0,inf,2.082,False,,False,False,2.0,0.92,0.92,0.001,0.0,0.0,-0.157,51.536
FES_Domestic_Battery_Lovedean_2035_503,Z16,PQ,,24.955,0.0,False,0.0,inf,,-1.0,1.0,,0.0,,,1.0,Domestic Battery,0.0,0.0,0.0,0.0,0.0,,,0.0,True,0,inf,24.955,False,,False,False,2.0,0.92,0.92,0.001,0.0,0.0,-0.725,51.039
FES_Domestic_Battery_Mannington_2035_504,Z16,PQ,,32.285,0.0,False,0.0,inf,,-1.0,1.0,,0.0,,,1.0,Domestic Battery,0.0,0.0,0.0,0.0,0.0,,,0.0,True,0,inf,32.285,False,,False,False,2.0,0.92,0.92,0.001,0.0,0.0,-0.725,51.039
FES_Domestic_Battery_Melksham_2035_505,Z13,PQ,,24.024,0.0,False,0.0,inf,,-1.0,1.0,,0.0,,,1.0,Domestic Battery,0.0,0.0,0.0,0.0,0.0,,,0.0,True,0,inf,24.024,False,,False,False,2.0,0.92,0.92,0.001,0.0,0.0,-2.946,51.817
FES_Domestic_Battery_Minety_2035_506,Z13,PQ,,10.308,0.0,False,0.0,inf,,-1.0,1.0,,0.0,,,1.0,Domestic Battery,0.0,0.0,0.0,0.0,0.0,,,0.0,True,0,inf,10.308,False,,False,False,2.0,0.92,0.92,0.001,0.0,0.0,-2.946,51.817
FES_Domestic_Battery_North_Hyde_2035_507,Z14,PQ,,3.015,0.0,False,0.0,inf,,-1.0,1.0,,0.0,,,1.0,Domestic Battery,0.0,0.0,0.0,0.0,0.0,,,0.0,True,0,inf,3.015,False,,False,False,2.0,0.92,0.92,0.001,0.0,0.0,-0.157,51.536
FES_Domestic_Battery_Nursling_2035_508,Z16,PQ,,11.618,0.0,False,0.0,inf,,-1.0,1.0,,0.0,,,1.0,Domestic Battery,0.0,0.0,0.0,0.0,0.0,,,0.0,True,0,inf,11.618,False,,False,False,2.0,0.92,0.92,0.001,0.0,0.0,-0.725,51.039
FES_Domestic_Battery_Amersham_Main_2035_509,Z14,PQ,,2.732,0.0,False,0.0,inf,,-1.0,1.0,,0.0,,,1.0,Domestic Battery,0.0,0.0,0.0,0.0,0.0,,,0.0,True,0,inf,2.732,False,,False,False,2.0,0.92,0.92,0.001,0.0,0.0,-0.157,51.536
FES_Domestic_Battery_Braintree_2035_510,Z12,PQ,,9.71,0.0,False,0.0,inf,,-1.0,1.0,,0.0,,,1.0,Domestic Battery,0.0,0.0,0.0,0.0,0.0,,,0.0,True,0,inf,9.71,False,,False,False,2.0,0.92,0.92,0.001,0.0,0.0,0.4507,52.254
FES_Domestic_Battery_Bramford_2035_511,Z12,PQ,,50.636,0.0,False,0.0,inf,,-1.0,1.0,,0.0,,,1.0,Domestic Battery,0.0,0.0,0.0,0.0,0.0,,,0.0,True,0,inf,50.636,False,,False,False,2.0,0.92,0.92,0.001,0.0,0.0,0.4507,52.254
FES_Domestic_Battery_Brimsdown_2035_512,Z14,PQ,,4.774,0.0,False,0.0,inf,,-1.0,1.0,,0.0,,,1.0,Domestic Battery,0.0,0.0,0.0,0.0,0.0,,,0.0,True,0,inf,4.774,False,,False,False,2.0,0.92,0.92,0.001,0.0,0.0,-0.157,51.536
FES_Domestic_Battery_Burwell_Main_2035_513,Z12,PQ,,17.667,0.0,False,0.0,inf,,-1.0,1.0,,0.0,,,1.0,Domestic Battery,0.0,0.0,0.0,0.0,0.0,,,0.0,True,0,inf,17.667,False,,False,False,2.0,0.92,0.92,0.001,0.0,0.0,0.4507,52.254
FES_Domestic_Battery_Eaton_Socon_2035_514,Z12,PQ,,15.126,0.0,False,0.0,inf,,-1.0,1.0,,0.0,,,1.0,Domestic Battery,0.0,0.0,0.0,0.0,0.0,,,0.0,True,0,inf,15.126,False,,False,False,2.0,0.92,0.92,0.001,0.0,0.0,0.4507,52.254
FES_Domestic_Battery_Elstree_2035_515,Z14,PQ,,6.184,0.0,False,0.0,inf,,-1.0,1.0,,0.0,,,1.0,Domestic Battery,0.0,0.0,0.0,0.0,0.0,,,0.0,True,0,inf,6.184,False,,False,False,2.0,0.92,0.92,0.001,0.0,0.0,-0.157,51.536
FES_Domestic_Battery_Loudwater_Amersham_2035_516,Z14,PQ,,1.452,0.0,False,0.0,inf,,-1.0,1.0,,0.0,,,1.0,Domestic Battery,0.0,0.0,0.0,0.0,0.0,,,0.0,True,0,inf,1.452,False,,False,False,2.0,0.92,0.92,0.001,0.0,0.0,-0.157,51.536
FES_Domestic_Battery_Mill_Hill_2035_517,Z14,PQ,,1.835,0.0,False,0.0,inf,,-1.0,1.0,,0.0,,,1.0,Domestic Battery,0.0,0.0,0.0,0.0,0.0,,,0.0,True,0,inf,1.835,False,,False,False,2.0,0.92,0.92,0.001,0.0,0.0,-0.157,51.536
FES_Domestic_Battery_Norwich_Main_2035_518,Z12,PQ,,40.433,0.0,False,0.0,inf,,-1.0,1.0,,0.0,,,1.0,Domestic Battery,0.0,0.0,0.0,0.0,0.0,,,0.0,True,0,inf,40.433,False,,False,False,2.0,0.92,0.92,0.001,0.0,0.0,0.4507,52.254
FES_Domestic_Battery_Pelham_2035_519,Z12,PQ,,12.392,0.0,False,0.0,inf,,-1.0,1.0,,0.0,,,1.0,Domestic Battery,0.0,0.0,0.0,0.0,0.0,,,0.0,True,0,inf,12.392,False,,False,False,2.0,0.92,0.92,0.001,0.0,0.0,0.4507,52.254
FES_Domestic_Battery_Rayleigh_2035_520,Z15,PQ,,18.998,0.0,False,0.0,inf,,-1.0,1.0,,0.0,,,1.0,Domestic Battery,0.0,0.0,0.0,0.0,0.0,,,0.0,True,0,inf,18.998,False,,False,False,2.0,0.92,0.92,0.001,0.0,0.0,0.826,51.312
FES_Domestic_Battery_Rye_House_2035_521,Z14,PQ,,8.174,0.0,False,0.0,inf,,-1.0,1.0,,0.0,,,1.0,Domestic Battery,0.0,0.0,0.0,0.0,0.0,,,0.0,True,0,inf,8.174,False,,False,False,2.0,0.92,0.92,0.001,0.0,0.0,-0.157,51.536
FES_Domestic_Battery_Sundon_2035_522,Z14,PQ,,14.824,0.0,False,0.0,inf,,-1.0,1.0,,0.0,,,1.0,Domestic Battery,0.0,0.0,0.0,0.0,0.0,,,0.0,True,0,inf,14.824,False,,False,False,2.0,0.92,0.92,0.001,0.0,0.0,-0.157,51.536
FES_Domestic_Battery_Tilbury_2035_523,Z15,PQ,,3.863,0.0,False,0.0,inf,,-1.0,1.0,,0.0,,,1.0,Domestic Battery,0.0,0.0,0.0,0.0,0.0,,,0.0,True,0,inf,3.863,False,,False,False,2.0,0.92,0.92,0.001,0.0,0.0,0.826,51.312
FES_Domestic_Battery_Tottenham_2035_524,Z14,PQ,,3.75,0.0,False,0.0,inf,,-1.0,1.0,,0.0,,,1.0,Domestic Battery,0.0,0.0,0.0,0.0,0.0,,,0.0,True,0,inf,3.75,False,,False,False,2.0,0.92,0.92,0.001,0.0,0.0,-0.157,51.536
FES_Domestic_Battery_Walpole__A_2035_525,Z12,PQ,,34.428,0.0,False,0.0,inf,,-1.0,1.0,,0.0,,,1.0,Domestic Battery,0.0,0.0,0.0,0.0,0.0,,,0.0,True,0,inf,34.428,False,,False,False,2.0,0.92,0.92,0.001,0.0,0.0,0.4507,52.254
FES_Domestic_Battery_Warley_2035_526,Z14,PQ,,4.432,0.0,False,0.0,inf,,-1.0,1.0,,0.0,,,1.0,Domestic Battery,0.0,0.0,0.0,0.0,0.0,,,0.0,True,0,inf,4.432,False,,False,False,2.0,0.92,0.92,0.001,0.0,0.0,-0.157,51.536
FES_Domestic_Battery_Watford_South_2035_527,Z14,PQ,,6.384,0.0,False,0.0,inf,,-1.0,1.0,,0.0,,,1.0,Domestic Battery,0.0,0.0,0.0,0.0,0.0,,,0.0,True,0,inf,6.384,False,,False,False,2.0,0.92,0.92,0.001,0.0,0.0,-0.157,51.536
FES_Domestic_Battery_West_Thurrock_2035_528,Z14,PQ,,1.152,0.0,False,0.0,inf,,-1.0,1.0,,0.0,,,1.0,Domestic Battery,0.0,0.0,0.0,0.0,0.0,,,0.0,True,0,inf,1.152,False,,False,False,2.0,0.92,0.92,0.001,0.0,0.0,-0.157,51.536
FES_Domestic_Battery_Wymondley_2035_529,Z14,PQ,,8.09,0.0,False,0.0,inf,,-1.0,1.0,,0.0,,,1.0,Domestic Battery,0.0,0.0,0.0,0.0,0.0,,,0.0,True,0,inf,8.09,False,,False,False,2.0,0.92,0.92,0.001,0.0,0.0,-0.157,51.536
FES_Domestic_Battery_Barking_2035_530,Z14,PQ,,5.442,0.0,False,0.0,inf,,-1.0,1.0,,0.0,,,1.0,Domestic Battery,0.0,0.0,0.0,0.0,0.0,,,0.0,True,0,inf,5.442,False,,False,False,2.0,0.92,0.92,0.001,0.0,0.0,-0.157,51.536
FES_Domestic_Battery_Beddington_LPN_2035_531,Z14,PQ,,1.567,0.0,False,0.0,inf,,-1.0,1.0,,0.0,,,1.0,Domestic Battery,0.0,0.0,0.0,0.0,0.0,,,0.0,True,0,inf,1.567,False,,False,False,2.0,0.92,0.92,0.001,0.0,0.0,-0.157,51.536
FES_Domestic_Battery_City_Road_2035_532,Z14,PQ,,0.371,0.0,False,0.0,inf,,-1.0,1.0,,0.0,,,1.0,Domestic Battery,0.0,0.0,0.0,0.0,0.0,,,0.0,True,0,inf,0.371,False,,False,False,2.0,0.92,0.92,0.001,0.0,0.0,-0.157,51.536
FES_Domestic_Battery_Hackney_132kV_2035_533,Z14,PQ,,3.036,0.0,False,0.0,inf,,-1.0,1.0,,0.0,,,1.0,Domestic Battery,0.0,0.0,0.0,0.0,0.0,,,0.0,True,0,inf,3.036,False,,False,False,2.0,0.92,0.92,0.001,0.0,0.0,-0.157,51.536
FES_Domestic_Battery_Hurst_2035_534,Z14,PQ,,3.583,0.0,False,0.0,inf,,-1.0,1.0,,0.0,,,1.0,Domestic Battery,0.0,0.0,0.0,0.0,0.0,,,0.0,True,0,inf,3.583,False,,False,False,2.0,0.92,0.92,0.001,0.0,0.0,-0.157,51.536
FES_Domestic_Battery_Littlebrook_LPN_2035_535,Z14,PQ,,2.575,0.0,False,0.0,inf,,-1.0,1.0,,0.0,,,1.0,Domestic Battery,0.0,0.0,0.0,0.0,0.0,,,0.0,True,0,inf,2.575,False,,False,False,2.0,0.92,0.92,0.001,0.0,0.0,-0.157,51.536
FES_Domestic_Battery_Lodge_Road_St_Johns_Wood_2035_536,Z14,PQ,,0.804,0.0,False,0.0,inf,,-1.0,1.0,,0.0,,,1.0,Domestic Battery,0.0,0.0,0.0,0.0,0.0,,,0.0,True,0,inf,0.804,False,,False,False,2.0,0.92,0.92,0.001,0.0,0.0,-0.157,51.536
FES_Domestic_Battery_New_Cross_66kV_2035_537,Z14,PQ,,2.829,0.0,False,0.0,inf,,-1.0,1.0,,0.0,,,1.0,Domestic Battery,0.0,0.0,0.0,0.0,0.0,,,0.0,True,0,inf,2.829,False,,False,False,2.0,0.92,0.92,0.001,0.0,0.0,-0.157,51.536
FES_Domestic_Battery_Redbridge_2035_538,Z14,PQ,,1.701,0.0,False,0.0,inf,,-1.0,1.0,,0.0,,,1.0,Domestic Battery,0.0,0.0,0.0,0.0,0.0,,,0.0,True,0,inf,1.701,False,,False,False,2.0,0.92,0.92,0.001,0.0,0.0,-0.157,51.536
FES_Domestic_Battery_St_Johns_Wood_2035_539,Z13,PQ,,1.062,0.0,False,0.0,inf,,-1.0,1.0,,0.0,,,1.0,Domestic Battery,0.0,0.0,0.0,0.0,0.0,,,0.0,True,0,inf,1.062,False,,False,False,2.0,0.92,0.92,0.001,0.0,0.0,-2.946,51.817
FES_Domestic_Battery_West_Ham_2035_540,Z14,PQ,,3.478,0.0,False,0.0,inf,,-1.0,1.0,,0.0,,,1.0,Domestic Battery,0.0,0.0,0.0,0.0,0.0,,,0.0,True,0,inf,3.478,False,,False,False,2.0,0.92,0.92,0.001,0.0,0.0,-0.157,51.536
FES_Domestic_Battery_Willesden_132kV_2035_541,Z14,PQ,,0.412,0.0,False,0.0,inf,,-1.0,1.0,,0.0,,,1.0,Domestic Battery,0.0,0.0,0.0,0.0,0.0,,,0.0,True,0,inf,0.412,False,,False,False,2.0,0.92,0.92,0.001,0.0,0.0,-0.157,51.536
FES_Domestic_Battery_Willesden_66kV_2035_542,Z14,PQ,,1.071,0.0,False,0.0,inf,,-1.0,1.0,,0.0,,,1.0,Domestic Battery,0.0,0.0,0.0,0.0,0.0,,,0.0,True,0,inf,1.071,False,,False,False,2.0,0.92,0.92,0.001,0.0,0.0,-0.157,51.536
FES_Domestic_Battery_Wimbledon_South_2035_543,Z14,PQ,,5.323,0.0,False,0.0,inf,,-1.0,1.0,,0.0,,,1.0,Domestic Battery,0.0,0.0,0.0,0.0,0.0,,,0.0,True,0,inf,5.323,False,,False,False,2.0,0.92,0.92,0.001,0.0,0.0,-0.157,51.536
FES_Domestic_Battery_Beddington_SPN_2035_544,Z14,PQ,,6.677,0.0,False,0.0,inf,,-1.0,1.0,,0.0,,,1.0,Domestic Battery,0.0,0.0,0.0,0.0,0.0,,,0.0,True,0,inf,6.677,False,,False,False,2.0,0.92,0.92,0.001,0.0,0.0,-0.157,51.536
FES_Domestic_Battery_Bolney_2035_545,Z16,PQ,,26.57,0.0,False,0.0,inf,,-1.0,1.0,,0.0,,,1.0,Domestic Battery,0.0,0.0,0.0,0.0,0.0,,,0.0,True,0,inf,26.57,False,,False,False,2.0,0.92,0.92,0.001,0.0,0.0,-0.725,51.039
FES_Domestic_Battery_Canterbury_2035_546,Z15,PQ,,8.458,0.0,False,0.0,inf,,-1.0,1.0,,0.0,,,1.0,Domestic Battery,0.0,0.0,0.0,0.0,0.0,,,0.0,True,0,inf,8.458,False,,False,False,2.0,0.92,0.92,0.001,0.0,0.0,0.826,51.312
FES_Domestic_Battery_Chessington_2035_547,Z14,PQ,,4.343,0.0,False,0.0,inf,,-1.0,1.0,,0.0,,,1.0,Domestic Battery,0.0,0.0,0.0,0.0,0.0,,,0.0,True,0,inf,4.343,False,,False,False,2.0,0.92,0.92,0.001,0.0,0.0,-0.157,51.536
FES_Domestic_Battery_Kemsley_2035_548,Z15,PQ,,4.036,0.0,False,0.0,inf,,-1.0,1.0,,0.0,,,1.0,Domestic Battery,0.0,0.0,0.0,0.0,0.0,,,0.0,True,0,inf,4.036,False,,False,False,2.0,0.92,0.92,0.001,0.0,0.0,0.826,51.312
FES_Domestic_Battery_Kingsnorth_2035_549,Z15,PQ,,4.556,0.0,False,0.0,inf,,-1.0,1.0,,0.0,,,1.0,Domestic Battery,0.0,0.0,0.0,0.0,0.0,,,0.0,True,0,inf,4.556,False,,False,False,2.0,0.92,0.92,0.001,0.0,0.0,0.826,51.312
FES_Domestic_Battery_Littlebrook_SPN_2035_550,Z14,PQ,,0.08,0.0,False,0.0,inf,,-1.0,1.0,,0.0,,,1.0,Domestic Battery,0.0,0.0,0.0,0.0,0.0,,,0.0,True,0,inf,0.08,False,,False,False,2.0,0.92,0.92,0.001,0.0,0.0,-0.157,51.536
FES_Domestic_Battery_Ninfield_2035_551,Z15,PQ,,22.953,0.0,False,0.0,inf,,-1.0,1.0,,0.0,,,1.0,Domestic Battery,0.0,0.0,0.0,0.0,0.0,,,0.0,True,0,inf,22.953,False,,False,False,2.0,0.92,0.92,0.001,0.0,0.0,0.826,51.312
FES_Domestic_Battery_Northfleet_East_2035_552,Z14,PQ,,15.167,0.0,False,0.0,inf,,-1.0,1.0,,0.0,,,1.0,Domestic Battery,0.0,0.0,0.0,0.0,0.0,,,0.0,True,0,inf,15.167,False,,False,False,2.0,0.92,0.92,0.001,0.0,0.0,-0.157,51.536
FES_Domestic_Battery_Richborough_2035_553,Z15,PQ,,7.709,0.0,False,0.0,inf,,-1.0,1.0,,0.0,,,1.0,Domestic Battery,0.0,0.0,0.0,0.0,0.0,,,0.0,True,0,inf,7.709,False,,False,False,2.0,0.92,0.92,0.001,0.0,0.0,0.826,51.312
FES_Domestic_Battery_Sellindge_2035_554,Z15,PQ,,12.172,0.0,False,0.0,inf,,-1.0,1.0,,0.0,,,1.0,Domestic Battery,0.0,0.0,0.0,0.0,0.0,,,0.0,True,0,inf,12.172,False,,False,False,2.0,0.92,0.92,0.001,0.0,0.0,0.826,51.312
FES_Domestic_Battery_West_Weybridge_2035_555,Z14,PQ,,10.56,0.0,False,0.0,inf,,-1.0,1.0,,0.0,,,1.0,Domestic Battery,0.0,0.0,0.0,0.0,0.0,,,0.0,True,0,inf,10.56,False,,False,False,2.0,0.92,0.92,0.001,0.0,0.0,-0.157,51.536
FES_Direct_Domestic_Battery_Northern_Isles_New_Energy_Solution_NINES_1_2035_556,Z1_1,PQ,,0.012,0.0,False,0.0,inf,,-1.0,1.0,,0.0,,,1.0,Domestic Battery,0.0,0.0,0.0,0.0,0.0,,,0.0,True,0,inf,0.012,False,,False,False,2.0,0.92,0.92,0.001,0.0,0.0,-1.24,60.377
FES_Direct_Domestic_Battery_Orkney_Storage_Park_Project__2035_557,Z1_3,PQ,,0.024,0.0,False,0.0,inf,,-1.0,1.0,,0.0,,,1.0,Domestic Battery,0.0,0.0,0.0,0.0,0.0,,,0.0,True,0,inf,0.024,False,,False,False,2.0,0.92,0.92,0.001,0.0,0.0,-4.436,58.107
FES_Direct_Domestic_Battery_Hywind_2_2035_558,Z2,PQ,,0.012,0.0,False,0.0,inf,,-1.0,1.0,,0.0,,,1.0,Domestic Battery,0.0,0.0,0.0,0.0,0.0,,,0.0,True,0,inf,0.012,False,,False,False,2.0,0.92,0.92,0.001,0.0,0.0,-3.173,57.182
FES_Direct_Domestic_Battery_Limekiln_Wind_Farm_Extension___Battery_2035_559,Z1_3,PQ,,0.06,0.0,False,0.0,inf,,-1.0,1.0,,0.0,,,1.0,Domestic Battery,0.0,0.0,0.0,0.0,0.0,,,0.0,True,0,inf,0.06,False,,False,False,2.0,0.92,0.92,0.001,0.0,0.0,-4.436,58.107
FES_Direct_Domestic_Battery_Isle_of_Eigg_Electrification_Project__2035_560,Z1_4,PQ,,0.0013525558179954544,0.0,False,0.0,inf,,-1.0,1.0,,0.0,,,1.0,Domestic Battery,0.0,0.0,0.0,0.0,0.0,,,0.0,True,0,inf,0.0013525558179954544,False,,False,False,2.0,0.92,0.92,0.001,0.0,0.0,-5.2,57.119
FES_Direct_Domestic_Battery_Broxburn__2035_561,Z5,PQ,,0.2705111635990909,0.0,False,0.0,inf,,-1.0,1.0,,0.0,,,1.0,Domestic Battery,0.0,0.0,0.0,0.0,0.0,,,0.0,True,0,inf,0.2705111635990909,False,,False,False,2.0,0.92,0.92,0.001,0.0,0.0,-3.83,55.777
FES_Direct_Domestic_Battery_Aikengall_II_Community_Wind_Farm_Battery_2035_562,Z5,PQ,,1.0820446543963635,0.0,False,0.0,inf,,-1.0,1.0,,0.0,,,1.0,Domestic Battery,0.0,0.0,0.0,0.0,0.0,,,0.0,True,0,inf,1.0820446543963635,False,,False,False,2.0,0.92,0.92,0.001,0.0,0.0,-3.83,55.777
FES_Direct_Domestic_Battery_Whitelee_Wind_Farm_Battery_Storage_Extension_2035_563,Z5,PQ,,0.6762779089977272,0.0,False,0.0,inf,,-1.0,1.0,,0.0,,,1.0,Domestic Battery,0.0,0.0,0.0,0.0,0.0,,,0.0,True,0,inf,0.6762779089977272,False,,False,False,2.0,0.92,0.92,0.001,0.0,0.0,-3.83,55.777
FES_Direct_Domestic_Battery_Dunsinane_Industrial_Estate_2035_564,Z3,PQ,,0.6749253531797318,0.0,False,0.0,inf,,-1.0,1.0,,0.0,,,1.0,Domestic Battery,0.0,0.0,0.0,0.0,0.0,,,0.0,True,0,inf,0.6749253531797318,False,,False,False,2.0,0.92,0.92,0.001,0.0,0.0,-4.05,56.442
FES_Direct_Domestic_Battery_Dundee_Technology_Park_2035_565,Z3,PQ,,0.6749253531797318,0.0,False,0.0,inf,,-1.0,1.0,,0.0,,,1.0,Domestic Battery,0.0,0.0,0.0,0.0,0.0,,,0.0,True,0,inf,0.6749253531797318,False,,False,False,2.0,0.92,0.92,0.001,0.0,0.0,-4.05,56.442
FES_Direct_Domestic_Battery_Wishaw_Battery_Storage_Facility_2035_566,Z5,PQ,,0.6761426534159277,0.0,False,0.0,inf,,-1.0,1.0,,0.0,,,1.0,Domestic Battery,0.0,0.0,0.0,0.0,0.0,,,0.0,True,0,inf,0.6761426534159277,False,,False,False,2.0,0.92,0.92,0.001,0.0,0.0,-3.83,55.777
FES_Direct_Domestic_Battery_Pleasance_Road___Battery_Energy_Facility_2035_567,Z3,PQ,,0.6749253531797318,0.0,False,0.0,inf,,-1.0,1.0,,0.0,,,1.0,Domestic Battery,0.0,0.0,0.0,0.0,0.0,,,0.0,True,0,inf,0.6749253531797318,False,,False,False,2.0,0.92,0.92,0.001,0.0,0.0,-4.05,56.442
FES_Direct_Domestic_Battery_Jamesfield_Organic_Centre___Battery_Storage_2035_568,Z3,PQ,,0.6627523508177726,0.0,False,0.0,inf,,-1.0,1.0,,0.0,,,1.0,Domestic Battery,0.0,0.0,0.0,0.0,0.0,,,0.0,True,0,inf,0.6627523508177726,False,,False,False,2.0,0.92,0.92,0.001,0.0,0.0,-4.05,56.442
FES_Direct_Domestic_Battery_Camilla_Battery_Storage_2035_569,Z5,PQ,,0.6761426534159277,0.0,False,0.0,inf,,-1.0,1.0,,0.0,,,1.0,Domestic Battery,0.0,0.0,0.0,0.0,0.0,,,0.0,True,0,inf,0.6761426534159277,False,,False,False,2.0,0.92,0.92,0.001,0.0,0.0,-3.83,55.777
FES_Direct_Pumped_Storage_Hydroelectricity_Dinorwig_2035_570,Z9,PQ,,704.5283832666696,0.0,False,0.0,inf,,-1.0,1.0,,0.0,,,1.0,Pumped Storage Hydroelectricity,0.0,0.0,0.0,0.0,0.0,,,0.0,True,0,inf,3663.547592986682,False,,False,False,8.0,0.87,0.87,0.0,0.0,0.0,-3.01,53.386
FES_Direct_Pumped_Storage_Hydroelectricity_Ffestiniog_2035_571,Z9,PQ,,146.7767465138895,0.0,False,0.0,inf,,-1.0,1.0,,0.0,,,1.0,Pumped Storage Hydroelectricity,0.0,0.0,0.0,0.0,0.0,,,0.0,True,0,inf,763.2390818722254,False,,False,False,8.0,0.87,0.87,0.0,0.0,0.0,-3.01,53.386
FES_Direct_Pumped_Storage_Hydroelectricity_Pilsworth_Landfill_Site_2035_572,Z9,PQ,,2.0385659238040206,0.0,False,0.0,inf,,-1.0,1.0,,0.0,,,1.0,Pumped Storage Hydroelectricity,0.0,0.0,0.0,0.0,0.0,,,0.0,True,0,inf,10.600542803780908,False,,False,False,8.0,0.87,0.87,0.0,0.0,0.0,-3.01,53.386
FES_Direct_Pumped_Storage_Hydroelectricity_EPSRC_Willenhall_2035_573,Z11,PQ,,0.8154263695216083,0.0,False,0.0,inf,,-1.0,1.0,,0.0,,,1.0,Pumped Storage Hydroelectricity,0.0,0.0,0.0,0.0,0.0,,,0.0,True,0,inf,4.240217121512363,False,,False,False,8.0,0.87,0.87,0.0,0.0,0.0,-1.647,52.569
FES_Direct_Pumped_Storage_Hydroelectricity_Rise_Carr_Darlington___CLNR_EES3_1_2035_574,Z7,PQ,,1.0192829619020103,0.0,False,0.0,inf,,-1.0,1.0,,0.0,,,1.0,Pumped Storage Hydroelectricity,0.0,0.0,0.0,0.0,0.0,,,0.0,True,0,inf,5.300271401890454,False,,False,False,8.0,0.87,0.87,0.0,0.0,0.0,-2.186,54.884
FES_Direct_Pumped_Storage_Hydroelectricity_Falcon_Project_2035_575,Z14,PQ,,0.12231395542824124,0.0,False,0.0,inf,,-1.0,1.0,,0.0,,,1.0,Pumped Storage Hydroelectricity,0.0,0.0,0.0,0.0,0.0,,,0.0,True,0,inf,0.6360325682268545,False,,False,False,8.0,0.87,0.87,0.0,0.0,0.0,-0.157,51.536
FES_Direct_Pumped_Storage_Hydroelectricity_EFDA_JJET_Fusion_Flywheel_2035_576,Z14,PQ,,163.08527390432167,0.0,False,0.0,inf,,-1.0,1.0,,0.0,,,1.0,Pumped Storage Hydroelectricity,0.0,0.0,0.0,0.0,0.0,,,0.0,True,0,inf,848.0434243024727,False,,False,False,8.0,0.87,0.87,0.0,0.0,0.0,-0.157,51.536
FES_Direct_Pumped_Storage_Hydroelectricity_Slepe_Farm_2035_577,Z16,PQ,,0.12231395542824124,0.0,False,0.0,inf,,-1.0,1.0,,0.0,,,1.0,Pumped Storage Hydroelectricity,0.0,0.0,0.0,0.0,0.0,,,0.0,True,0,inf,0.6360325682268545,False,,False,False,8.0,0.87,0.87,0.0,0.0,0.0,-0.725,51.039
FES_Direct_Pumped_Storage_Hydroelectricity_Willersey_solar_farm__2035_578,Z11,PQ,,0.40771318476080415,0.0,False,0.0,inf,,-1.0,1.0,,0.0,,,1.0,Pumped Storage Hydroelectricity,0.0,0.0,0.0,0.0,0.0,,,0.0,True,0,inf,2.1201085607561816,False,,False,False,8.0,0.87,0.87,0.0,0.0,0.0,-1.647,52.569
FES_Direct_Pumped_Storage_Hydroelectricity_Limberlost_Solar_Farm__2035_579,Z16,PQ,,0.12231395542824124,0.0,False,0.0,inf,,-1.0,1.0,,0.0,,,1.0,Pumped Storage Hydroelectricity,0.0,0.0,0.0,0.0,0.0,,,0.0,True,0,inf,0.6360325682268545,False,,False,False,8.0,0.87,0.87,0.0,0.0,0.0,-0.725,51.039
FES_Direct_Pumped_Storage_Hydroelectricity_Higher_Hill_Farm_Energy_Storage_2035_580,Z17,PQ,,0.12231395542824124,0.0,False,0.0,inf,,-1.0,1.0,,0.0,,,1.0,Pumped Storage Hydroelectricity,0.0,0.0,0.0,0.0,0.0,,,0.0,True,0,inf,0.6360325682268545,False,,False,False,8.0,0.87,0.87,0.0,0.0,0.0,-3.601,50.757
FES_Direct_Pumped_Storage_Hydroelectricity_The_Everest_System_2035_581,Z12,PQ,,0.04077131847608042,0.0,False,0.0,inf,,-1.0,1.0,,0.0,,,1.0,Pumped Storage Hydroelectricity,0.0,0.0,0.0,0.0,0.0,,,0.0,True,0,inf,0.21201085607561818,False,,False,False,8.0,0.87,0.87,0.0,0.0,0.0,0.4507,52.254
FES_Direct_Pumped_Storage_Hydroelectricity_Oxcroft_Solar_Farm_2035_582,Z10,PQ,,0.40771318476080415,0.0,False,0.0,inf,,-1.0,1.0,,0.0,,,1.0,Pumped Storage Hydroelectricity,0.0,0.0,0.0,0.0,0.0,,,0.0,True,0,inf,2.1201085607561816,False,,False,False,8.0,0.87,0.87,0.0,0.0,0.0,-0.383,53.136
FES_Direct_Pumped_Storage_Hydroelectricity_Western_International_Market_WIM_Site_2035_583,Z14,PQ,,0.08154263695216084,0.0,False,0.0,inf,,-1.0,1.0,,0.0,,,1.0,Pumped Storage Hydroelectricity,0.0,0.0,0.0,0.0,0.0,,,0.0,True,0,inf,0.42402171215123635,False,,False,False,8.0,0.87,0.87,0.0,0.0,0.0,-0.157,51.536
FES_Direct_Pumped_Storage_Hydroelectricity_Salcey_Solar_Farm_2035_584,Z11,PQ,,0.40771318476080415,0.0,False,0.0,inf,,-1.0,1.0,,0.0,,,1.0,Pumped Storage Hydroelectricity,0.0,0.0,0.0,0.0,0.0,,,0.0,True,0,inf,2.1201085607561816,False,,False,False,8.0,0.87,0.87,0.0,0.0,0.0,-1.647,52.569
FES_Direct_Pumped_Storage_Hydroelectricity_Cleveland_Potash_2035_585,Z8,PQ,,2.446279108564825,0.0,False,0.0,inf,,-1.0,1.0,,0.0,,,1.0,Pumped Storage Hydroelectricity,0.0,0.0,0.0,0.0,0.0,,,0.0,True,0,inf,12.720651364537089,False,,False,False,8.0,0.87,0.87,0.0,0.0,0.0,-1.164,53.914
FES_Direct_Pumped_Storage_Hydroelectricity_JB_Wheaton_2035_586,Z17,PQ,,3.587876025895077,0.0,False,0.0,inf,,-1.0,1.0,,0.0,,,1.0,Pumped Storage Hydroelectricity,0.0,0.0,0.0,0.0,0.0,,,0.0,True,0,inf,18.6569553346544,False,,False,False,8.0,0.87,0.87,0.0,0.0,0.0,-3.601,50.757
FES_Direct_Pumped_Storage_Hydroelectricity_Pelham_2035_587,Z12,PQ,,19.977946053279403,0.0,False,0.0,inf,,-1.0,1.0,,0.0,,,1.0,Pumped Storage Hydroelectricity,0.0,0.0,0.0,0.0,0.0,,,0.0,True,0,inf,103.8853194770529,False,,False,False,8.0,0.87,0.87,0.0,0.0,0.0,0.4507,52.254
FES_Direct_Pumped_Storage_Hydroelectricity_Berry_Court_Solar_Farm___energy_storage_2035_588,Z16,PQ,,0.40771318476080415,0.0,False,0.0,inf,,-1.0,1.0,,0.0,,,1.0,Pumped Storage Hydroelectricity,0.0,0.0,0.0,0.0,0.0,,,0.0,True,0,inf,2.1201085607561816,False,,False,False,8.0,0.87,0.87,0.0,0.0,0.0,-0.725,51.039
FES_Direct_Pumped_Storage_Hydroelectricity_Blackburn_Meadows__2035_589,Z8,PQ,,4.077131847608041,0.0,False,0.0,inf,,-1.0,1.0,,0.0,,,1.0,Pumped Storage Hydroelectricity,0.0,0.0,0.0,0.0,0.0,,,0.0,True,0,inf,21.201085607561815,False,,False,False,8.0,0.87,0.87,0.0,0.0,0.0,-1.164,53.914
FES_Direct_Pumped_Storage_Hydroelectricity_Dorking_Battery_Energy_Storage_System_2035_590,Z16,PQ,,2.446279108564825,0.0,False,0.0,inf,,-1.0,1.0,,0.0,,,1.0,Pumped Storage Hydroelectricity,0.0,0.0,0.0,0.0,0.0,,,0.0,True,0,inf,12.720651364537089,False,,False,False,8.0,0.87,0.87,0.0,0.0,0.0,-0.725,51.039
FES_Direct_Pumped_Storage_Hydroelectricity_Land_to_the_west_of_Clay_Hill_Pit___Larport_Farm_2035_591,Z13,PQ,,8.154263695216082,0.0,False,0.0,inf,,-1.0,1.0,,0.0,,,1.0,Pumped Storage Hydroelectricity,0.0,0.0,0.0,0.0,0.0,,,0.0,True,0,inf,42.40217121512363,False,,False,False,8.0,0.87,0.87,0.0,0.0,0.0,-2.946,51.817
FES_Direct_Pumped_Storage_Hydroelectricity_Roosecote_2035_592,Z9,PQ,,19.977946053279403,0.0,False,0.0,inf,,-1.0,1.0,,0.0,,,1.0,Pumped Storage Hydroelectricity,0.0,0.0,0.0,0.0,0.0,,,0.0,True,0,inf,103.8853194770529,False,,False,False,8.0,0.87,0.87,0.0,0.0,0.0,-3.01,53.386
FES_Direct_Pumped_Storage_Hydroelectricity_Bumpers_Lane_Solar_Farm__2035_593,Z14,PQ,,5.422585357318695,0.0,False,0.0,inf,,-1.0,1.0,,0.0,,,1.0,Pumped Storage Hydroelectricity,0.0,0.0,0.0,0.0,0.0,,,0.0,True,0,inf,28.197443858057216,False,,False,False,8.0,0.87,0.87,0.0,0.0,0.0,-0.157,51.536
FES_Direct_Pumped_Storage_Hydroelectricity_Hill_Farm___Energy_Barn_2035_594,Z11,PQ,,4.077131847608041,0.0,False,0.0,inf,,-1.0,1.0,,0.0,,,1.0,Pumped Storage Hydroelectricity,0.0,0.0,0.0,0.0,0.0,,,0.0,True,0,inf,21.201085607561815,False,,False,False,8.0,0.87,0.87,0.0,0.0,0.0,-1.647,52.569
FES_Direct_Pumped_Storage_Hydroelectricity_Kings_Barn_Farm___Energy_Barn_2035_595,Z16,PQ,,4.077131847608041,0.0,False,0.0,inf,,-1.0,1.0,,0.0,,,1.0,Pumped Storage Hydroelectricity,0.0,0.0,0.0,0.0,0.0,,,0.0,True,0,inf,21.201085607561815,False,,False,False,8.0,0.87,0.87,0.0,0.0,0.0,-0.725,51.039
FES_Direct_Pumped_Storage_Hydroelectricity_Leverton_Farm___Energy_Barn_2035_596,Z10,PQ,,4.077131847608041,0.0,False,0.0,inf,,-1.0,1.0,,0.0,,,1.0,Pumped Storage Hydroelectricity,0.0,0.0,0.0,0.0,0.0,,,0.0,True,0,inf,21.201085607561815,False,,False,False,8.0,0.87,0.87,0.0,0.0,0.0,-0.383,53.136
FES_Direct_Pumped_Storage_Hydroelectricity_Noriker_Power_Staunch_2035_597,Z9,PQ,,8.154263695216082,0.0,False,0.0,inf,,-1.0,1.0,,0.0,,,1.0,Pumped Storage Hydroelectricity,0.0,0.0,0.0,0.0,0.0,,,0.0,True,0,inf,42.40217121512363,False,,False,False,8.0,0.87,0.87,0.0,0.0,0.0,-3.01,53.386
FES_Direct_Pumped_Storage_Hydroelectricity_West_Burton_2035_598,Z10,PQ,,19.977946053279403,0.0,False,0.0,inf,,-1.0,1.0,,0.0,,,1.0,Pumped Storage Hydroelectricity,0.0,0.0,0.0,0.0,0.0,,,0.0,True,0,inf,103.8853194770529,False,,False,False,8.0,0.87,0.87,0.0,0.0,0.0,-0.383,53.136
FES_Direct_Pumped_Storage_Hydroelectricity_Tynemouth_Energy_Storage_System_TESS_2035_599,Z7,PQ,,10.192829619020104,0.0,False,0.0,inf,,-1.0,1.0,,0.0,,,1.0,Pumped Storage Hydroelectricity,0.0,0.0,0.0,0.0,0.0,,,0.0,True,0,inf,53.00271401890454,False,,False,False,8.0,0.87,0.87,0.0,0.0,0.0,-2.186,54.884
FES_Direct_Pumped_Storage_Hydroelectricity_Nevendon_2035_600,Z15,PQ,,4.077131847608041,0.0,False,0.0,inf,,-1.0,1.0,,0.0,,,1.0,Pumped Storage Hydroelectricity,0.0,0.0,0.0,0.0,0.0,,,0.0,True,0,inf,21.201085607561815,False,,False,False,8.0,0.87,0.87,0.0,0.0,0.0,0.826,51.312
FES_Direct_Pumped_Storage_Hydroelectricity_Pen_y_Cymoedd_Energy_Storage_2035_601,Z13,PQ,,8.96969006473769,0.0,False,0.0,inf,,-1.0,1.0,,0.0,,,1.0,Pumped Storage Hydroelectricity,0.0,0.0,0.0,0.0,0.0,,,0.0,True,0,inf,46.642388336635996,False,,False,False,8.0,0.87,0.87,0.0,0.0,0.0,-2.946,51.817
FES_Direct_Pumped_Storage_Hydroelectricity_Asfordby_Business_Park_1_2035_602,Z10,PQ,,9.540488523402816,0.0,False,0.0,inf,,-1.0,1.0,,0.0,,,1.0,Pumped Storage Hydroelectricity,0.0,0.0,0.0,0.0,0.0,,,0.0,True,0,inf,49.61054032169464,False,,False,False,8.0,0.87,0.87,0.0,0.0,0.0,-0.383,53.136
FES_Direct_Pumped_Storage_Hydroelectricity_Ray_Battery_Storage_Facility_2035_603,Z7,PQ,,8.154263695216082,0.0,False,0.0,inf,,-1.0,1.0,,0.0,,,1.0,Pumped Storage Hydroelectricity,0.0,0.0,0.0,0.0,0.0,,,0.0,True,0,inf,42.40217121512363,False,,False,False,8.0,0.87,0.87,0.0,0.0,0.0,-2.186,54.884
FES_Direct_Pumped_Storage_Hydroelectricity_Claredown_Farm_2035_604,Z12,PQ,,8.154263695216082,0.0,False,0.0,inf,,-1.0,1.0,,0.0,,,1.0,Pumped Storage Hydroelectricity,0.0,0.0,0.0,0.0,0.0,,,0.0,True,0,inf,42.40217121512363,False,,False,False,8.0,0.87,0.87,0.0,0.0,0.0,0.4507,52.254
FES_Direct_Pumped_Storage_Hydroelectricity_Melksham_Substation_East_Storage_2035_605,Z13,PQ,,20.38565923804021,0.0,False,0.0,inf,,-1.0,1.0,,0.0,,,1.0,Pumped Storage Hydroelectricity,0.0,0.0,0.0,0.0,0.0,,,0.0,True,0,inf,106.00542803780908,False,,False,False,8.0,0.87,0.87,0.0,0.0,0.0,-2.946,51.817
FES_Direct_Pumped_Storage_Hydroelectricity_Lockleaze_Energy_Storage_2035_606,Z13,PQ,,6.115697771412062,0.0,False,0.0,inf,,-1.0,1.0,,0.0,,,1.0,Pumped Storage Hydroelectricity,0.0,0.0,0.0,0.0,0.0,,,0.0,True,0,inf,31.801628411342726,False,,False,False,8.0,0.87,0.87,0.0,0.0,0.0,-2.946,51.817
FES_Direct_Pumped_Storage_Hydroelectricity_Thrybergh_Hydroelectric_Scheme_2035_607,Z8,PQ,,0.12231395542824124,0.0,False,0.0,inf,,-1.0,1.0,,0.0,,,1.0,Pumped Storage Hydroelectricity,0.0,0.0,0.0,0.0,0.0,,,0.0,True,0,inf,0.6360325682268545,False,,False,False,8.0,0.87,0.87,0.0,0.0,0.0,-1.164,53.914
FES_Direct_Pumped_Storage_Hydroelectricity_Port_of_Tyne_2035_608,Z7,PQ,,14.269961466628144,0.0,False,0.0,inf,,-1.0,1.0,,0.0,,,1.0,Pumped Storage Hydroelectricity,0.0,0.0,0.0,0.0,0.0,,,0.0,True,0,inf,74.20379962646635,False,,False,False,8.0,0.87,0.87,0.0,0.0,0.0,-2.186,54.884
FES_Direct_Pumped_Storage_Hydroelectricity_Burbo_Bank_Energy_Storage_2035_609,Z9,PQ,,0.8154263695216083,0.0,False,0.0,inf,,-1.0,1.0,,0.0,,,1.0,Pumped Storage Hydroelectricity,0.0,0.0,0.0,0.0,0.0,,,0.0,True,0,inf,4.240217121512363,False,,False,False,8.0,0.87,0.87,0.0,0.0,0.0,-3.01,53.386
FES_Direct_Pumped_Storage_Hydroelectricity_Trent_Basin_Community_Battery_2035_610,Z10,PQ,,0.20385659238040207,0.0,False,0.0,inf,,-1.0,1.0,,0.0,,,1.0,Pumped Storage Hydroelectricity,0.0,0.0,0.0,0.0,0.0,,,0.0,True,0,inf,1.0600542803780908,False,,False,False,8.0,0.87,0.87,0.0,0.0,0.0,-0.383,53.136
FES_Direct_Pumped_Storage_Hydroelectricity_Land_at_and_adjacent_to_Leicester_Forest_Services_2035_611,Z11,PQ,,0.6115697771412062,0.0,False,0.0,inf,,-1.0,1.0,,0.0,,,1.0,Pumped Storage Hydroelectricity,0.0,0.0,0.0,0.0,0.0,,,0.0,True,0,inf,3.180162841134272,False,,False,False,8.0,0.87,0.87,0.0,0.0,0.0,-1.647,52.569
FES_Direct_Pumped_Storage_Hydroelectricity_Stony_Energy_Storage_Facility_2035_612,Z14,PQ,,32.576283462388254,0.0,False,0.0,inf,,-1.0,1.0,,0.0,,,1.0,Pumped Storage Hydroelectricity,0.0,0.0,0.0,0.0,0.0,,,0.0,True,0,inf,169.39667400441894,False,,False,False,8.0,0.87,0.87,0.0,0.0,0.0,-0.157,51.536
FES_Direct_Pumped_Storage_Hydroelectricity_Pillswood_Phase_1__2035_613,Z8,PQ,,20.181802645659804,0.0,False,0.0,inf,,-1.0,1.0,,0.0,,,1.0,Pumped Storage Hydroelectricity,0.0,0.0,0.0,0.0,0.0,,,0.0,True,0,inf,104.94537375743099,False,,False,False,8.0,0.87,0.87,0.0,0.0,0.0,-1.164,53.914
FES_Direct_Pumped_Storage_Hydroelectricity_Nether_Moor_Field_2035_614,Z8,PQ,,20.344887919564126,0.0,False,0.0,inf,,-1.0,1.0,,0.0,,,1.0,Pumped Storage Hydroelectricity,0.0,0.0,0.0,0.0,0.0,,,0.0,True,0,inf,105.79341718173346,False,,False,False,8.0,0.87,0.87,0.0,0.0,0.0,-1.164,53.914
FES_Direct_Pumped_Storage_Hydroelectricity_Mannington_Battery_Storage_Plant_2035_615,Z13,PQ,,20.344887919564126,0.0,False,0.0,inf,,-1.0,1.0,,0.0,,,1.0,Pumped Storage Hydroelectricity,0.0,0.0,0.0,0.0,0.0,,,0.0,True,0,inf,105.79341718173346,False,,False,False,8.0,0.87,0.87,0.0,0.0,0.0,-2.946,51.817
FES_Direct_Pumped_Storage_Hydroelectricity_London_Distribution_Park_2035_616,Z14,PQ,,1.5493101020910558,0.0,False,0.0,inf,,-1.0,1.0,,0.0,,,1.0,Pumped Storage Hydroelectricity,0.0,0.0,0.0,0.0,0.0,,,0.0,True,0,inf,8.05641253087349,False,,False,False,8.0,0.87,0.87,0.0,0.0,0.0,-0.157,51.536
FES_Direct_Pumped_Storage_Hydroelectricity_Lathom_Pilkington_Technical_Centre_Battery_Storage_2035_617,Z9,PQ,,0.8154263695216083,0.0,False,0.0,inf,,-1.0,1.0,,0.0,,,1.0,Pumped Storage Hydroelectricity,0.0,0.0,0.0,0.0,0.0,,,0.0,True,0,inf,4.240217121512363,False,,False,False,8.0,0.87,0.87,0.0,0.0,0.0,-3.01,53.386
FES_Direct_Pumped_Storage_Hydroelectricity_Severn_Road_2035_618,Z13,PQ,,13.046821912345733,0.0,False,0.0,inf,,-1.0,1.0,,0.0,,,1.0,Pumped Storage Hydroelectricity,0.0,0.0,0.0,0.0,0.0,,,0.0,True,0,inf,67.84347394419781,False,,False,False,8.0,0.87,0.87,0.0,0.0,0.0,-2.946,51.817
FES_Direct_Pumped_Storage_Hydroelectricity_Dollymans_Storage_2035_619,Z15,PQ,,40.7631642123852,0.0,False,0.0,inf,,-1.0,1.0,,0.0,,,1.0,Pumped Storage Hydroelectricity,0.0,0.0,0.0,0.0,0.0,,,0.0,True,0,inf,211.96845390440305,False,,False,False,8.0,0.87,0.87,0.0,0.0,0.0,0.826,51.312
FES_Direct_Pumped_Storage_Hydroelectricity_Philip_Dennis_Food_Service_2035_620,Z17,PQ,,1.5493101020910558,0.0,False,0.0,inf,,-1.0,1.0,,0.0,,,1.0,Pumped Storage Hydroelectricity,0.0,0.0,0.0,0.0,0.0,,,0.0,True,0,inf,8.05641253087349,False,,False,False,8.0,0.87,0.87,0.0,0.0,0.0,-3.601,50.757
FES_Direct_Pumped_Storage_Hydroelectricity_Creyke_Beck_2035_621,Z8,PQ,,20.344887919564126,0.0,False,0.0,inf,,-1.0,1.0,,0.0,,,1.0,Pumped Storage Hydroelectricity,0.0,0.0,0.0,0.0,0.0,,,0.0,True,0,inf,105.79341718173346,False,,False,False,8.0,0.87,0.87,0.0,0.0,0.0,-1.164,53.914
FES_Direct_Pumped_Storage_Hydroelectricity_Huggins_Hall_2035_622,Z15,PQ,,16.308527390432165,0.0,False,0.0,inf,,-1.0,1.0,,0.0,,,1.0,Pumped Storage Hydroelectricity,0.0,0.0,0.0,0.0,0.0,,,0.0,True,0,inf,84.80434243024726,False,,False,False,8.0,0.87,0.87,0.0,0.0,0.0,0.826,51.312
FES_Direct_Pumped_Storage_Hydroelectricity_Calow_Green_Farm_2035_623,Z10,PQ,,8.154263695216082,0.0,False,0.0,inf,,-1.0,1.0,,0.0,,,1.0,Pumped Storage Hydroelectricity,0.0,0.0,0.0,0.0,0.0,,,0.0,True,0,inf,42.40217121512363,False,,False,False,8.0,0.87,0.87,0.0,0.0,0.0,-0.383,53.136
FES_Direct_Pumped_Storage_Hydroelectricity_Kirkhaw_Lane_2035_624,Z8,PQ,,8.154263695216082,0.0,False,0.0,inf,,-1.0,1.0,,0.0,,,1.0,Pumped Storage Hydroelectricity,0.0,0.0,0.0,0.0,0.0,,,0.0,True,0,inf,42.40217121512363,False,,False,False,8.0,0.87,0.87,0.0,0.0,0.0,-1.164,53.914
FES_Direct_Pumped_Storage_Hydroelectricity_Fideoak_Mills_2035_625,Z17,PQ,,12.231395542824124,0.0,False,0.0,inf,,-1.0,1.0,,0.0,,,1.0,Pumped Storage Hydroelectricity,0.0,0.0,0.0,0.0,0.0,,,0.0,True,0,inf,63.60325682268545,False,,False,False,8.0,0.87,0.87,0.0,0.0,0.0,-3.601,50.757
FES_Direct_Pumped_Storage_Hydroelectricity_Land_at_Carnegie_Road_2035_626,Z9,PQ,,8.154263695216082,0.0,False,0.0,inf,,-1.0,1.0,,0.0,,,1.0,Pumped Storage Hydroelectricity,0.0,0.0,0.0,0.0,0.0,,,0.0,True,0,inf,42.40217121512363,False,,False,False,8.0,0.87,0.87,0.0,0.0,0.0,-3.01,53.386
FES_Direct_Pumped_Storage_Hydroelectricity_Anchor_Lane_Energy_Centre_2035_627,Z11,PQ,,1.6308527390432166,0.0,False,0.0,inf,,-1.0,1.0,,0.0,,,1.0,Pumped Storage Hydroelectricity,0.0,0.0,0.0,0.0,0.0,,,0.0,True,0,inf,8.480434243024726,False,,False,False,8.0,0.87,0.87,0.0,0.0,0.0,-1.647,52.569
FES_Direct_Pumped_Storage_Hydroelectricity_Osbaldwick_Substation_2035_628,Z8,PQ,,20.344887919564126,0.0,False,0.0,inf,,-1.0,1.0,,0.0,,,1.0,Pumped Storage Hydroelectricity,0.0,0.0,0.0,0.0,0.0,,,0.0,True,0,inf,105.79341718173346,False,,False,False,8.0,0.87,0.87,0.0,0.0,0.0,-1.164,53.914
FES_Direct_Pumped_Storage_Hydroelectricity_Cleator_2035_629,Z6,PQ,,4.077131847608041,0.0,False,0.0,inf,,-1.0,1.0,,0.0,,,1.0,Pumped Storage Hydroelectricity,0.0,0.0,0.0,0.0,0.0,,,0.0,True,0,inf,21.201085607561815,False,,False,False,8.0,0.87,0.87,0.0,0.0,0.0,-3.483,55.264
FES_Direct_Pumped_Storage_Hydroelectricity_Minety_South___Battery_Storage_2035_630,Z13,PQ,,20.3815821061926,0.0,False,0.0,inf,,-1.0,1.0,,0.0,,,1.0,Pumped Storage Hydroelectricity,0.0,0.0,0.0,0.0,0.0,,,0.0,True,0,inf,105.98422695220152,False,,False,False,8.0,0.87,0.87,0.0,0.0,0.0,-2.946,51.817
FES_Direct_Pumped_Storage_Hydroelectricity_West_Didsbury_Battery_Storage_2035_631,Z9,PQ,,20.3815821061926,0.0,False,0.0,inf,,-1.0,1.0,,0.0,,,1.0,Pumped Storage Hydroelectricity,0.0,0.0,0.0,0.0,0.0,,,0.0,True,0,inf,105.98422695220152,False,,False,False,8.0,0.87,0.87,0.0,0.0,0.0,-3.01,53.386
FES_Direct_Pumped_Storage_Hydroelectricity_Meteor_Business_Park_2035_632,Z13,PQ,,0.6115697771412062,0.0,False,0.0,inf,,-1.0,1.0,,0.0,,,1.0,Pumped Storage Hydroelectricity,0.0,0.0,0.0,0.0,0.0,,,0.0,True,0,inf,3.180162841134272,False,,False,False,8.0,0.87,0.87,0.0,0.0,0.0,-2.946,51.817
FES_Direct_Pumped_Storage_Hydroelectricity_Boscar_Grange_Farm_2035_633,Z8,PQ,,11.008255988541713,0.0,False,0.0,inf,,-1.0,1.0,,0.0,,,1.0,Pumped Storage Hydroelectricity,0.0,0.0,0.0,0.0,0.0,,,0.0,True,0,inf,57.24293114041691,False,,False,False,8.0,0.87,0.87,0.0,0.0,0.0,-1.164,53.914
FES_Direct_Pumped_Storage_Hydroelectricity_Clayhill_2035_634,Z14,PQ,,2.446279108564825,0.0,False,0.0,inf,,-1.0,1.0,,0.0,,,1.0,Pumped Storage Hydroelectricity,0.0,0.0,0.0,0.0,0.0,,,0.0,True,0,inf,12.720651364537089,False,,False,False,8.0,0.87,0.87,0.0,0.0,0.0,-0.157,51.536
FES_Direct_Pumped_Storage_Hydroelectricity_Pillswood_Phase_2_2035_635,Z8,PQ,,20.181802645659804,0.0,False,0.0,inf,,-1.0,1.0,,0.0,,,1.0,Pumped Storage Hydroelectricity,0.0,0.0,0.0,0.0,0.0,,,0.0,True,0,inf,104.94537375743099,False,,False,False,8.0,0.87,0.87,0.0,0.0,0.0,-1.164,53.914
FES_Direct_Pumped_Storage_Hydroelectricity_Lascar_Works__2035_636,Z9,PQ,,8.154263695216082,0.0,False,0.0,inf,,-1.0,1.0,,0.0,,,1.0,Pumped Storage Hydroelectricity,0.0,0.0,0.0,0.0,0.0,,,0.0,True,0,inf,42.40217121512363,False,,False,False,8.0,0.87,0.87,0.0,0.0,0.0,-3.01,53.386
FES_Direct_Pumped_Storage_Hydroelectricity_Clayhill_Farm____Battery_Energy_Storage_2035_637,Z14,PQ,,8.561976879976887,0.0,False,0.0,inf,,-1.0,1.0,,0.0,,,1.0,Pumped Storage Hydroelectricity,0.0,0.0,0.0,0.0,0.0,,,0.0,True,0,inf,44.52227977587982,False,,False,False,8.0,0.87,0.87,0.0,0.0,0.0,-0.157,51.536
FES_Direct_Pumped_Storage_Hydroelectricity_Feeder_Road_2035_638,Z13,PQ,,8.154263695216082,0.0,False,0.0,inf,,-1.0,1.0,,0.0,,,1.0,Pumped Storage Hydroelectricity,0.0,0.0,0.0,0.0,0.0,,,0.0,True,0,inf,42.40217121512363,False,,False,False,8.0,0.87,0.87,0.0,0.0,0.0,-2.946,51.817
FES_Direct_Pumped_Storage_Hydroelectricity_Energy_Centre_Royal_Mint_2035_639,Z13,PQ,,8.154263695216082,0.0,False,0.0,inf,,-1.0,1.0,,0.0,,,1.0,Pumped Storage Hydroelectricity,0.0,0.0,0.0,0.0,0.0,,,0.0,True,0,inf,42.40217121512363,False,,False,False,8.0,0.87,0.87,0.0,0.0,0.0,-2.946,51.817
FES_Direct_Pumped_Storage_Hydroelectricity_Lister_Drive_2035_640,Z9,PQ,,20.344887919564126,0.0,False,0.0,inf,,-1.0,1.0,,0.0,,,1.0,Pumped Storage Hydroelectricity,0.0,0.0,0.0,0.0,0.0,,,0.0,True,0,inf,105.79341718173346,False,,False,False,8.0,0.87,0.87,0.0,0.0,0.0,-3.01,53.386
FES_Direct_Pumped_Storage_Hydroelectricity_Liverpool_Energy_Management_Facility_2035_641,Z9,PQ,,20.344887919564126,0.0,False,0.0,inf,,-1.0,1.0,,0.0,,,1.0,Pumped Storage Hydroelectricity,0.0,0.0,0.0,0.0,0.0,,,0.0,True,0,inf,105.79341718173346,False,,False,False,8.0,0.87,0.87,0.0,0.0,0.0,-3.01,53.386
FES_Direct_Pumped_Storage_Hydroelectricity_Stonehill_Energy_Storage_2035_642,Z13,PQ,,20.38565923804021,0.0,False,0.0,inf,,-1.0,1.0,,0.0,,,1.0,Pumped Storage Hydroelectricity,0.0,0.0,0.0,0.0,0.0,,,0.0,True,0,inf,106.00542803780908,False,,False,False,8.0,0.87,0.87,0.0,0.0,0.0,-2.946,51.817
FES_Direct_Pumped_Storage_Hydroelectricity_Cleve_Hill_Solar_Project_2035_643,Z15,PQ,,61.15697771412062,0.0,False,0.0,inf,,-1.0,1.0,,0.0,,,1.0,Pumped Storage Hydroelectricity,0.0,0.0,0.0,0.0,0.0,,,0.0,True,0,inf,318.0162841134272,False,,False,False,8.0,0.87,0.87,0.0,0.0,0.0,0.826,51.312
FES_Direct_Pumped_Storage_Hydroelectricity_Bustleholme_Substation_2035_644,Z11,PQ,,20.344887919564126,0.0,False,0.0,inf,,-1.0,1.0,,0.0,,,1.0,Pumped Storage Hydroelectricity,0.0,0.0,0.0,0.0,0.0,,,0.0,True,0,inf,105.79341718173346,False,,False,False,8.0,0.87,0.87,0.0,0.0,0.0,-1.647,52.569
FES_Direct_Pumped_Storage_Hydroelectricity_Clifton_Marsh_Waste_Water_Treatment_Works_2035_645,Z9,PQ,,0.8154263695216083,0.0,False,0.0,inf,,-1.0,1.0,,0.0,,,1.0,Pumped Storage Hydroelectricity,0.0,0.0,0.0,0.0,0.0,,,0.0,True,0,inf,4.240217121512363,False,,False,False,8.0,0.87,0.87,0.0,0.0,0.0,-3.01,53.386
FES_Direct_Pumped_Storage_Hydroelectricity_Larks_Green_Solar_Farm_2035_646,Z13,PQ,,20.181802645659804,0.0,False,0.0,inf,,-1.0,1.0,,0.0,,,1.0,Pumped Storage Hydroelectricity,0.0,0.0,0.0,0.0,0.0,,,0.0,True,0,inf,104.94537375743099,False,,False,False,8.0,0.87,0.87,0.0,0.0,0.0,-2.946,51.817
FES_Direct_Pumped_Storage_Hydroelectricity_Bloxwich_Battery_2035_647,Z11,PQ,,16.71624057519297,0.0,False,0.0,inf,,-1.0,1.0,,0.0,,,1.0,Pumped Storage Hydroelectricity,0.0,0.0,0.0,0.0,0.0,,,0.0,True,0,inf,86.92445099100344,False,,False,False,8.0,0.87,0.87,0.0,0.0,0.0,-1.647,52.569
FES_Direct_Pumped_Storage_Hydroelectricity_Richborough_Energy_Park_2035_648,Z15,PQ,,20.344887919564126,0.0,False,0.0,inf,,-1.0,1.0,,0.0,,,1.0,Pumped Storage Hydroelectricity,0.0,0.0,0.0,0.0,0.0,,,0.0,True,0,inf,105.79341718173346,False,,False,False,8.0,0.87,0.87,0.0,0.0,0.0,0.826,51.312
FES_Direct_Pumped_Storage_Hydroelectricity_Newlands_Farm_Battery_Storage_Facility_Phase_2_2035_649,Z16,PQ,,16.308527390432165,0.0,False,0.0,inf,,-1.0,1.0,,0.0,,,1.0,Pumped Storage Hydroelectricity,0.0,0.0,0.0,0.0,0.0,,,0.0,True,0,inf,84.80434243024726,False,,False,False,8.0,0.87,0.87,0.0,0.0,0.0,-0.725,51.039
FES_Direct_Pumped_Storage_Hydroelectricity_Native_River_2035_650,Z9,PQ,,23.239651531365837,0.0,False,0.0,inf,,-1.0,1.0,,0.0,,,1.0,Pumped Storage Hydroelectricity,0.0,0.0,0.0,0.0,0.0,,,0.0,True,0,inf,120.84618796310235,False,,False,False,8.0,0.87,0.87,0.0,0.0,0.0,-3.01,53.386
FES_Direct_Pumped_Storage_Hydroelectricity_Crouch_Solar_Farm_2035_651,Z14,PQ,,20.344887919564126,0.0,False,0.0,inf,,-1.0,1.0,,0.0,,,1.0,Pumped Storage Hydroelectricity,0.0,0.0,0.0,0.0,0.0,,,0.0,True,0,inf,105.79341718173346,False,,False,False,8.0,0.87,0.87,0.0,0.0,0.0,-0.157,51.536
FES_Direct_Pumped_Storage_Hydroelectricity_Hirwaun_Stor_Generation___Battery_Storage_2035_652,Z13,PQ,,8.8718389003951,0.0,False,0.0,inf,,-1.0,1.0,,0.0,,,1.0,Pumped Storage Hydroelectricity,0.0,0.0,0.0,0.0,0.0,,,0.0,True,0,inf,46.13356228205452,False,,False,False,8.0,0.87,0.87,0.0,0.0,0.0,-2.946,51.817
FES_Direct_Pumped_Storage_Hydroelectricity_Rusholme_Grange__2035_653,Z8,PQ,,16.308527390432165,0.0,False,0.0,inf,,-1.0,1.0,,0.0,,,1.0,Pumped Storage Hydroelectricity,0.0,0.0,0.0,0.0,0.0,,,0.0,True,0,inf,84.80434243024726,False,,False,False,8.0,0.87,0.87,0.0,0.0,0.0,-1.164,53.914
FES_Direct_Pumped_Storage_Hydroelectricity_South_Farm_Solar_Park_2035_654,Z16,PQ,,4.077131847608041,0.0,False,0.0,inf,,-1.0,1.0,,0.0,,,1.0,Pumped Storage Hydroelectricity,0.0,0.0,0.0,0.0,0.0,,,0.0,True,0,inf,21.201085607561815,False,,False,False,8.0,0.87,0.87,0.0,0.0,0.0,-0.725,51.039
FES_Direct_Pumped_Storage_Hydroelectricity_Richborough_Energy_Park___Phase_2_2035_655,Z15,PQ,,20.426430556516287,0.0,False,0.0,inf,,-1.0,1.0,,0.0,,,1.0,Pumped Storage Hydroelectricity,0.0,0.0,0.0,0.0,0.0,,,0.0,True,0,inf,106.21743889388469,False,,False,False,8.0,0.87,0.87,0.0,0.0,0.0,0.826,51.312
FES_Direct_Pumped_Storage_Hydroelectricity_North_Norfolk_Business_Centre_Solar_Park___Battery_Energy_Storage_Scheme_2035_656,Z12,PQ,,2.446279108564825,0.0,False,0.0,inf,,-1.0,1.0,,0.0,,,1.0,Pumped Storage Hydroelectricity,0.0,0.0,0.0,0.0,0.0,,,0.0,True,0,inf,12.720651364537089,False,,False,False,8.0,0.87,0.87,0.0,0.0,0.0,0.4507,52.254
FES_Direct_Pumped_Storage_Hydroelectricity_Clay_Tye_Farm_Phase_1___Storage_Facility_2035_657,Z14,PQ,,20.181802645659804,0.0,False,0.0,inf,,-1.0,1.0,,0.0,,,1.0,Pumped Storage Hydroelectricity,0.0,0.0,0.0,0.0,0.0,,,0.0,True,0,inf,104.94537375743099,False,,False,False,8.0,0.87,0.87,0.0,0.0,0.0,-0.157,51.536
FES_Direct_Pumped_Storage_Hydroelectricity_Clay_Tye_Farm_Phase_2___Storage_Facility_2035_658,Z14,PQ,,20.181802645659804,0.0,False,0.0,inf,,-1.0,1.0,,0.0,,,1.0,Pumped Storage Hydroelectricity,0.0,0.0,0.0,0.0,0.0,,,0.0,True,0,inf,104.94537375743099,False,,False,False,8.0,0.87,0.87,0.0,0.0,0.0,-0.157,51.536
FES_Direct_Pumped_Storage_Hydroelectricity_Hawkers_Hill_Energy_Park_2035_659,Z17,PQ,,8.154263695216082,0.0,False,0.0,inf,,-1.0,1.0,,0.0,,,1.0,Pumped Storage Hydroelectricity,0.0,0.0,0.0,0.0,0.0,,,0.0,True,0,inf,42.40217121512363,False,,False,False,8.0,0.87,0.87,0.0,0.0,0.0,-3.601,50.757
FES_Direct_Pumped_Storage_Hydroelectricity_National_Grid_Electricity_Substation_Capenhurst_Lane___Battery_Storage_2035_660,Z9,PQ,,40.77131847608042,0.0,False,0.0,inf,,-1.0,1.0,,0.0,,,1.0,Pumped Storage Hydroelectricity,0.0,0.0,0.0,0.0,0.0,,,0.0,True,0,inf,212.01085607561816,False,,False,False,8.0,0.87,0.87,0.0,0.0,0.0,-3.01,53.386
FES_Direct_Pumped_Storage_Hydroelectricity_Cirencester_Solar_Farm_2035_661,Z13,PQ,,4.077131847608041,0.0,False,0.0,inf,,-1.0,1.0,,0.0,,,1.0,Pumped Storage Hydroelectricity,0.0,0.0,0.0,0.0,0.0,,,0.0,True,0,inf,21.201085607561815,False,,False,False,8.0,0.87,0.87,0.0,0.0,0.0,-2.946,51.817
FES_Direct_Pumped_Storage_Hydroelectricity_County_Hall_Loansdean___Battery_Storage_2035_662,Z7,PQ,,0.16308527390432168,0.0,False,0.0,inf,,-1.0,1.0,,0.0,,,1.0,Pumped Storage Hydroelectricity,0.0,0.0,0.0,0.0,0.0,,,0.0,True,0,inf,0.8480434243024727,False,,False,False,8.0,0.87,0.87,0.0,0.0,0.0,-2.186,54.884
FES_Direct_Pumped_Storage_Hydroelectricity_Eastcroft_Municipal_Depot_2035_663,Z11,PQ,,0.24462791085648247,0.0,False,0.0,inf,,-1.0,1.0,,0.0,,,1.0,Pumped Storage Hydroelectricity,0.0,0.0,0.0,0.0,0.0,,,0.0,True,0,inf,1.272065136453709,False,,False,False,8.0,0.87,0.87,0.0,0.0,0.0,-1.647,52.569
FES_Direct_Pumped_Storage_Hydroelectricity_Burwell___Battery_Storage_2035_664,Z12,PQ,,20.38565923804021,0.0,False,0.0,inf,,-1.0,1.0,,0.0,,,1.0,Pumped Storage Hydroelectricity,0.0,0.0,0.0,0.0,0.0,,,0.0,True,0,inf,106.00542803780908,False,,False,False,8.0,0.87,0.87,0.0,0.0,0.0,0.4507,52.254
FES_Direct_Pumped_Storage_Hydroelectricity_Foyers_2035_665,Z1_4,PQ,,3151.4563106796118,0.0,False,0.0,inf,,-1.0,1.0,,0.0,,,1.0,Pumped Storage Hydroelectricity,0.0,0.0,0.0,0.0,0.0,,,0.0,True,0,inf,16387.572815533982,False,,False,False,8.0,0.87,0.87,0.0,0.0,0.0,-5.2,57.119
FES_Direct_Pumped_Storage_Hydroelectricity_Northern_Isles_New_Energy_Solution_NINES_1_2035_666,Z1_1,PQ,,10.504854368932039,0.0,False,0.0,inf,,-1.0,1.0,,0.0,,,1.0,Pumped Storage Hydroelectricity,0.0,0.0,0.0,0.0,0.0,,,0.0,True,0,inf,54.6252427184466,False,,False,False,8.0,0.87,0.87,0.0,0.0,0.0,-1.24,60.377
FES_Direct_Pumped_Storage_Hydroelectricity_Orkney_Storage_Park_Project__2035_667,Z1_3,PQ,,21.009708737864077,0.0,False,0.0,inf,,-1.0,1.0,,0.0,,,1.0,Pumped Storage Hydroelectricity,0.0,0.0,0.0,0.0,0.0,,,0.0,True,0,inf,109.2504854368932,False,,False,False,8.0,0.87,0.87,0.0,0.0,0.0,-4.436,58.107
FES_Direct_Pumped_Storage_Hydroelectricity_Hywind_2_2035_668,Z2,PQ,,10.504854368932039,0.0,False,0.0,inf,,-1.0,1.0,,0.0,,,1.0,Pumped Storage Hydroelectricity,0.0,0.0,0.0,0.0,0.0,,,0.0,True,0,inf,54.6252427184466,False,,False,False,8.0,0.87,0.87,0.0,0.0,0.0,-3.173,57.182
FES_Direct_Pumped_Storage_Hydroelectricity_Limekiln_Wind_Farm_Extension___Battery_2035_669,Z1_3,PQ,,52.52427184466019,0.0,False,0.0,inf,,-1.0,1.0,,0.0,,,1.0,Pumped Storage Hydroelectricity,0.0,0.0,0.0,0.0,0.0,,,0.0,True,0,inf,273.126213592233,False,,False,False,8.0,0.87,0.87,0.0,0.0,0.0,-4.436,58.107
FES_Direct_Pumped_Storage_Hydroelectricity_Cruachan_2035_670,Z3,PQ,,618.8258061612547,0.0,False,0.0,inf,,-1.0,1.0,,0.0,,,1.0,Pumped Storage Hydroelectricity,0.0,0.0,0.0,0.0,0.0,,,0.0,True,0,inf,3217.8941920385246,False,,False,False,8.0,0.87,0.87,0.0,0.0,0.0,-4.05,56.442
FES_Direct_Pumped_Storage_Hydroelectricity_Isle_of_Eigg_Electrification_Project__2035_671,Z1_4,PQ,,0.14064222867301243,0.0,False,0.0,inf,,-1.0,1.0,,0.0,,,1.0,Pumped Storage Hydroelectricity,0.0,0.0,0.0,0.0,0.0,,,0.0,True,0,inf,0.7313395890996647,False,,False,False,8.0,0.87,0.87,0.0,0.0,0.0,-5.2,57.119
FES_Direct_Pumped_Storage_Hydroelectricity_Broxburn__2035_672,Z5,PQ,,28.128445734602487,0.0,False,0.0,inf,,-1.0,1.0,,0.0,,,1.0,Pumped Storage Hydroelectricity,0.0,0.0,0.0,0.0,0.0,,,0.0,True,0,inf,146.26791781993293,False,,False,False,8.0,0.87,0.87,0.0,0.0,0.0,-3.83,55.777
FES_Direct_Pumped_Storage_Hydroelectricity_Aikengall_II_Community_Wind_Farm_Battery_2035_673,Z5,PQ,,112.51378293840995,0.0,False,0.0,inf,,-1.0,1.0,,0.0,,,1.0,Pumped Storage Hydroelectricity,0.0,0.0,0.0,0.0,0.0,,,0.0,True,0,inf,585.0716712797317,False,,False,False,8.0,0.87,0.87,0.0,0.0,0.0,-3.83,55.777
FES_Direct_Pumped_Storage_Hydroelectricity_Whitelee_Wind_Farm_Battery_Storage_Extension_2035_674,Z5,PQ,,70.32111433650621,0.0,False,0.0,inf,,-1.0,1.0,,0.0,,,1.0,Pumped Storage Hydroelectricity,0.0,0.0,0.0,0.0,0.0,,,0.0,True,0,inf,365.6697945498323,False,,False,False,8.0,0.87,0.87,0.0,0.0,0.0,-3.83,55.777
FES_Direct_Pumped_Storage_Hydroelectricity_Dunsinane_Industrial_Estate_2035_675,Z3,PQ,,70.18047210783321,0.0,False,0.0,inf,,-1.0,1.0,,0.0,,,1.0,Pumped Storage Hydroelectricity,0.0,0.0,0.0,0.0,0.0,,,0.0,True,0,inf,364.9384549607327,False,,False,False,8.0,0.87,0.87,0.0,0.0,0.0,-4.05,56.442
FES_Direct_Pumped_Storage_Hydroelectricity_Dundee_Technology_Park_2035_676,Z3,PQ,,70.18047210783321,0.0,False,0.0,inf,,-1.0,1.0,,0.0,,,1.0,Pumped Storage Hydroelectricity,0.0,0.0,0.0,0.0,0.0,,,0.0,True,0,inf,364.9384549607327,False,,False,False,8.0,0.87,0.87,0.0,0.0,0.0,-4.05,56.442
FES_Direct_Pumped_Storage_Hydroelectricity_Wishaw_Battery_Storage_Facility_2035_677,Z5,PQ,,70.30705011363892,0.0,False,0.0,inf,,-1.0,1.0,,0.0,,,1.0,Pumped Storage Hydroelectricity,0.0,0.0,0.0,0.0,0.0,,,0.0,True,0,inf,365.5966605909224,False,,False,False,8.0,0.87,0.87,0.0,0.0,0.0,-3.83,55.777
FES_Direct_Pumped_Storage_Hydroelectricity_Pleasance_Road___Battery_Energy_Facility_2035_678,Z3,PQ,,70.18047210783321,0.0,False,0.0,inf,,-1.0,1.0,,0.0,,,1.0,Pumped Storage Hydroelectricity,0.0,0.0,0.0,0.0,0.0,,,0.0,True,0,inf,364.9384549607327,False,,False,False,8.0,0.87,0.87,0.0,0.0,0.0,-4.05,56.442
FES_Direct_Pumped_Storage_Hydroelectricity_Jamesfield_Organic_Centre___Battery_Storage_2035_679,Z3,PQ,,68.9146920497761,0.0,False,0.0,inf,,-1.0,1.0,,0.0,,,1.0,Pumped Storage Hydroelectricity,0.0,0.0,0.0,0.0,0.0,,,0.0,True,0,inf,358.3563986588357,False,,False,False,8.0,0.87,0.87,0.0,0.0,0.0,-4.05,56.442
FES_Direct_Pumped_Storage_Hydroelectricity_Camilla_Battery_Storage_2035_680,Z5,PQ,,70.30705011363892,0.0,False,0.0,inf,,-1.0,1.0,,0.0,,,1.0,Pumped Storage Hydroelectricity,0.0,0.0,0.0,0.0,0.0,,,0.0,True,0,inf,365.5966605909224,False,,False,False,8.0,0.87,0.87,0.0,0.0,0.0,-3.83,55.777
FES_LAES_Rochdale_2035_681,Z9,PQ,,105.0,0.0,False,0.0,inf,,-1.0,1.0,,0.0,,,1.0,LAES,0.0,0.0,0.0,0.0,0.0,,,0.0,True,0,inf,315.0,False,,False,False,6.0,0.6,0.6,0.001,0.0,0.0,-3.01,53.386
FES_LAES_Norton_2035_682,Z7,PQ,,3.294,0.0,False,0.0,inf,,-1.0,1.0,,0.0,,,1.0,LAES,0.0,0.0,0.0,0.0,0.0,,,0.0,True,0,inf,9.882,False,,False,False,6.0,0.6,0.6,0.001,0.0,0.0,-2.186,54.884
FES_LAES_Frodsham_2035_683,Z9,PQ,,500.0,0.0,False,0.0,inf,,-1.0,1.0,,0.0,,,1.0,LAES,0.0,0.0,0.0,0.0,0.0,,,0.0,True,0,inf,1500.0,False,,False,False,6.0,0.6,0.6,0.001,0.0,0.0,-3.01,53.386
FES_Direct_LAES_Dinorwig_2035_684,Z9,PQ,,1107.3822128002407,0.0,False,0.0,inf,,-1.0,1.0,,0.0,,,1.0,LAES,0.0,0.0,0.0,0.0,0.0,,,0.0,True,0,inf,3322.146638400722,False,,False,False,6.0,0.6,0.6,0.001,0.0,0.0,-3.01,53.386
FES_Direct_LAES_Ffestiniog_2035_685,Z9,PQ,,230.70462766671685,0.0,False,0.0,inf,,-1.0,1.0,,0.0,,,1.0,LAES,0.0,0.0,0.0,0.0,0.0,,,0.0,True,0,inf,692.1138830001505,False,,False,False,6.0,0.6,0.6,0.001,0.0,0.0,-3.01,53.386
FES_Direct_LAES_Pilsworth_Landfill_Site_2035_686,Z9,PQ,,3.2042309398155115,0.0,False,0.0,inf,,-1.0,1.0,,0.0,,,1.0,LAES,0.0,0.0,0.0,0.0,0.0,,,0.0,True,0,inf,9.612692819446535,False,,False,False,6.0,0.6,0.6,0.001,0.0,0.0,-3.01,53.386
FES_Direct_LAES_EPSRC_Willenhall_2035_687,Z11,PQ,,1.2816923759262047,0.0,False,0.0,inf,,-1.0,1.0,,0.0,,,1.0,LAES,0.0,0.0,0.0,0.0,0.0,,,0.0,True,0,inf,3.845077127778614,False,,False,False,6.0,0.6,0.6,0.001,0.0,0.0,-1.647,52.569
FES_Direct_LAES_Rise_Carr_Darlington___CLNR_EES3_1_2035_688,Z7,PQ,,1.6021154699077558,0.0,False,0.0,inf,,-1.0,1.0,,0.0,,,1.0,LAES,0.0,0.0,0.0,0.0,0.0,,,0.0,True,0,inf,4.806346409723267,False,,False,False,6.0,0.6,0.6,0.001,0.0,0.0,-2.186,54.884
FES_Direct_LAES_Falcon_Project_2035_689,Z14,PQ,,0.1922538563889307,0.0,False,0.0,inf,,-1.0,1.0,,0.0,,,1.0,LAES,0.0,0.0,0.0,0.0,0.0,,,0.0,True,0,inf,0.5767615691667921,False,,False,False,6.0,0.6,0.6,0.001,0.0,0.0,-0.157,51.536
FES_Direct_LAES_EFDA_JJET_Fusion_Flywheel_2035_690,Z14,PQ,,256.33847518524095,0.0,False,0.0,inf,,-1.0,1.0,,0.0,,,1.0,LAES,0.0,0.0,0.0,0.0,0.0,,,0.0,True,0,inf,769.0154255557229,False,,False,False,6.0,0.6,0.6,0.001,0.0,0.0,-0.157,51.536
FES_Direct_LAES_Slepe_Farm_2035_691,Z16,PQ,,0.1922538563889307,0.0,False,0.0,inf,,-1.0,1.0,,0.0,,,1.0,LAES,0.0,0.0,0.0,0.0,0.0,,,0.0,True,0,inf,0.5767615691667921,False,,False,False,6.0,0.6,0.6,0.001,0.0,0.0,-0.725,51.039
FES_Direct_LAES_Willersey_solar_farm__2035_692,Z11,PQ,,0.6408461879631023,0.0,False,0.0,inf,,-1.0,1.0,,0.0,,,1.0,LAES,0.0,0.0,0.0,0.0,0.0,,,0.0,True,0,inf,1.922538563889307,False,,False,False,6.0,0.6,0.6,0.001,0.0,0.0,-1.647,52.569
FES_Direct_LAES_Limberlost_Solar_Farm__2035_693,Z16,PQ,,0.1922538563889307,0.0,False,0.0,inf,,-1.0,1.0,,0.0,,,1.0,LAES,0.0,0.0,0.0,0.0,0.0,,,0.0,True,0,inf,0.5767615691667921,False,,False,False,6.0,0.6,0.6,0.001,0.0,0.0,-0.725,51.039
FES_Direct_LAES_Higher_Hill_Farm_Energy_Storage_2035_694,Z17,PQ,,0.1922538563889307,0.0,False,0.0,inf,,-1.0,1.0,,0.0,,,1.0,LAES,0.0,0.0,0.0,0.0,0.0,,,0.0,True,0,inf,0.5767615691667921,False,,False,False,6.0,0.6,0.6,0.001,0.0,0.0,-3.601,50.757
FES_Direct_LAES_The_Everest_System_2035_695,Z12,PQ,,0.06408461879631024,0.0,False,0.0,inf,,-1.0,1.0,,0.0,,,1.0,LAES,0.0,0.0,0.0,0.0,0.0,,,0.0,True,0,inf,0.19225385638893072,False,,False,False,6.0,0.6,0.6,0.001,0.0,0.0,0.4507,52.254
FES_Direct_LAES_Oxcroft_Solar_Farm_2035_696,Z10,PQ,,0.6408461879631023,0.0,False,0.0,inf,,-1.0,1.0,,0.0,,,1.0,LAES,0.0,0.0,0.0,0.0,0.0,,,0.0,True,0,inf,1.922538563889307,False,,False,False,6.0,0.6,0.6,0.001,0.0,0.0,-0.383,53.136
FES_Direct_LAES_Western_International_Market_WIM_Site_2035_697,Z14,PQ,,0.12816923759262047,0.0,False,0.0,inf,,-1.0,1.0,,0.0,,,1.0,LAES,0.0,0.0,0.0,0.0,0.0,,,0.0,True,0,inf,0.38450771277786144,False,,False,False,6.0,0.6,0.6,0.001,0.0,0.0,-0.157,51.536
FES_Direct_LAES_Salcey_Solar_Farm_2035_698,Z11,PQ,,0.6408461879631023,0.0,False,0.0,inf,,-1.0,1.0,,0.0,,,1.0,LAES,0.0,0.0,0.0,0.0,0.0,,,0.0,True,0,inf,1.922538563889307,False,,False,False,6.0,0.6,0.6,0.001,0.0,0.0,-1.647,52.569
FES_Direct_LAES_Cleveland_Potash_2035_699,Z8,PQ,,3.845077127778614,0.0,False,0.0,inf,,-1.0,1.0,,0.0,,,1.0,LAES,0.0,0.0,0.0,0.0,0.0,,,0.0,True,0,inf,11.535231383335843,False,,False,False,6.0,0.6,0.6,0.001,0.0,0.0,-1.164,53.914
FES_Direct_LAES_JB_Wheaton_2035_700,Z17,PQ,,5.639446454075301,0.0,False,0.0,inf,,-1.0,1.0,,0.0,,,1.0,LAES,0.0,0.0,0.0,0.0,0.0,,,0.0,True,0,inf,16.918339362225904,False,,False,False,6.0,0.6,0.6,0.001,0.0,0.0,-3.601,50.757
FES_Direct_LAES_Pelham_2035_701,Z12,PQ,,31.401463210192013,0.0,False,0.0,inf,,-1.0,1.0,,0.0,,,1.0,LAES,0.0,0.0,0.0,0.0,0.0,,,0.0,True,0,inf,94.20438963057603,False,,False,False,6.0,0.6,0.6,0.001,0.0,0.0,0.4507,52.254
FES_Direct_LAES_Berry_Court_Solar_Farm___energy_storage_2035_702,Z16,PQ,,0.6408461879631023,0.0,False,0.0,inf,,-1.0,1.0,,0.0,,,1.0,LAES,0.0,0.0,0.0,0.0,0.0,,,0.0,True,0,inf,1.922538563889307,False,,False,False,6.0,0.6,0.6,0.001,0.0,0.0,-0.725,51.039
FES_Direct_LAES_Blackburn_Meadows__2035_703,Z8,PQ,,6.408461879631023,0.0,False,0.0,inf,,-1.0,1.0,,0.0,,,1.0,LAES,0.0,0.0,0.0,0.0,0.0,,,0.0,True,0,inf,19.22538563889307,False,,False,False,6.0,0.6,0.6,0.001,0.0,0.0,-1.164,53.914
FES_Direct_LAES_Dorking_Battery_Energy_Storage_System_2035_704,Z16,PQ,,3.845077127778614,0.0,False,0.0,inf,,-1.0,1.0,,0.0,,,1.0,LAES,0.0,0.0,0.0,0.0,0.0,,,0.0,True,0,inf,11.535231383335843,False,,False,False,6.0,0.6,0.6,0.001,0.0,0.0,-0.725,51.039
FES_Direct_LAES_Land_to_the_west_of_Clay_Hill_Pit___Larport_Farm_2035_705,Z13,PQ,,12.816923759262046,0.0,False,0.0,inf,,-1.0,1.0,,0.0,,,1.0,LAES,0.0,0.0,0.0,0.0,0.0,,,0.0,True,0,inf,38.45077127778614,False,,False,False,6.0,0.6,0.6,0.001,0.0,0.0,-2.946,51.817
FES_Direct_LAES_Roosecote_2035_706,Z9,PQ,,31.401463210192013,0.0,False,0.0,inf,,-1.0,1.0,,0.0,,,1.0,LAES,0.0,0.0,0.0,0.0,0.0,,,0.0,True,0,inf,94.20438963057603,False,,False,False,6.0,0.6,0.6,0.001,0.0,0.0,-3.01,53.386
FES_Direct_LAES_Bumpers_Lane_Solar_Farm__2035_707,Z14,PQ,,8.523254299909262,0.0,False,0.0,inf,,-1.0,1.0,,0.0,,,1.0,LAES,0.0,0.0,0.0,0.0,0.0,,,0.0,True,0,inf,25.569762899727785,False,,False,False,6.0,0.6,0.6,0.001,0.0,0.0,-0.157,51.536
FES_Direct_LAES_Hill_Farm___Energy_Barn_2035_708,Z11,PQ,,6.408461879631023,0.0,False,0.0,inf,,-1.0,1.0,,0.0,,,1.0,LAES,0.0,0.0,0.0,0.0,0.0,,,0.0,True,0,inf,19.22538563889307,False,,False,False,6.0,0.6,0.6,0.001,0.0,0.0,-1.647,52.569
FES_Direct_LAES_Kings_Barn_Farm___Energy_Barn_2035_709,Z16,PQ,,6.408461879631023,0.0,False,0.0,inf,,-1.0,1.0,,0.0,,,1.0,LAES,0.0,0.0,0.0,0.0,0.0,,,0.0,True,0,inf,19.22538563889307,False,,False,False,6.0,0.6,0.6,0.001,0.0,0.0,-0.725,51.039
FES_Direct_LAES_Leverton_Farm___Energy_Barn_2035_710,Z10,PQ,,6.408461879631023,0.0,False,0.0,inf,,-1.0,1.0,,0.0,,,1.0,LAES,0.0,0.0,0.0,0.0,0.0,,,0.0,True,0,inf,19.22538563889307,False,,False,False,6.0,0.6,0.6,0.001,0.0,0.0,-0.383,53.136
FES_Direct_LAES_Noriker_Power_Staunch_2035_711,Z9,PQ,,12.816923759262046,0.0,False,0.0,inf,,-1.0,1.0,,0.0,,,1.0,LAES,0.0,0.0,0.0,0.0,0.0,,,0.0,True,0,inf,38.45077127778614,False,,False,False,6.0,0.6,0.6,0.001,0.0,0.0,-3.01,53.386
FES_Direct_LAES_West_Burton_2035_712,Z10,PQ,,31.401463210192013,0.0,False,0.0,inf,,-1.0,1.0,,0.0,,,1.0,LAES,0.0,0.0,0.0,0.0,0.0,,,0.0,True,0,inf,94.20438963057603,False,,False,False,6.0,0.6,0.6,0.001,0.0,0.0,-0.383,53.136
FES_Direct_LAES_Tynemouth_Energy_Storage_System_TESS_2035_713,Z7,PQ,,16.02115469907756,0.0,False,0.0,inf,,-1.0,1.0,,0.0,,,1.0,LAES,0.0,0.0,0.0,0.0,0.0,,,0.0,True,0,inf,48.06346409723268,False,,False,False,6.0,0.6,0.6,0.001,0.0,0.0,-2.186,54.884
FES_Direct_LAES_Nevendon_2035_714,Z15,PQ,,6.408461879631023,0.0,False,0.0,inf,,-1.0,1.0,,0.0,,,1.0,LAES,0.0,0.0,0.0,0.0,0.0,,,0.0,True,0,inf,19.22538563889307,False,,False,False,6.0,0.6,0.6,0.001,0.0,0.0,0.826,51.312
FES_Direct_LAES_Pen_y_Cymoedd_Energy_Storage_2035_715,Z13,PQ,,14.098616135188252,0.0,False,0.0,inf,,-1.0,1.0,,0.0,,,1.0,LAES,0.0,0.0,0.0,0.0,0.0,,,0.0,True,0,inf,42.295848405564755,False,,False,False,6.0,0.6,0.6,0.001,0.0,0.0,-2.946,51.817
FES_Direct_LAES_Asfordby_Business_Park_1_2035_716,Z10,PQ,,14.995800798336594,0.0,False,0.0,inf,,-1.0,1.0,,0.0,,,1.0,LAES,0.0,0.0,0.0,0.0,0.0,,,0.0,True,0,inf,44.98740239500978,False,,False,False,6.0,0.6,0.6,0.001,0.0,0.0,-0.383,53.136
FES_Direct_LAES_Ray_Battery_Storage_Facility_2035_717,Z7,PQ,,12.816923759262046,0.0,False,0.0,inf,,-1.0,1.0,,0.0,,,1.0,LAES,0.0,0.0,0.0,0.0,0.0,,,0.0,True,0,inf,38.45077127778614,False,,False,False,6.0,0.6,0.6,0.001,0.0,0.0,-2.186,54.884
FES_Direct_LAES_Claredown_Farm_2035_718,Z12,PQ,,12.816923759262046,0.0,False,0.0,inf,,-1.0,1.0,,0.0,,,1.0,LAES,0.0,0.0,0.0,0.0,0.0,,,0.0,True,0,inf,38.45077127778614,False,,False,False,6.0,0.6,0.6,0.001,0.0,0.0,0.4507,52.254
FES_Direct_LAES_Melksham_Substation_East_Storage_2035_719,Z13,PQ,,32.04230939815512,0.0,False,0.0,inf,,-1.0,1.0,,0.0,,,1.0,LAES,0.0,0.0,0.0,0.0,0.0,,,0.0,True,0,inf,96.12692819446536,False,,False,False,6.0,0.6,0.6,0.001,0.0,0.0,-2.946,51.817
FES_Direct_LAES_Lockleaze_Energy_Storage_2035_720,Z13,PQ,,9.612692819446535,0.0,False,0.0,inf,,-1.0,1.0,,0.0,,,1.0,LAES,0.0,0.0,0.0,0.0,0.0,,,0.0,True,0,inf,28.838078458339602,False,,False,False,6.0,0.6,0.6,0.001,0.0,0.0,-2.946,51.817
FES_Direct_LAES_Thrybergh_Hydroelectric_Scheme_2035_721,Z8,PQ,,0.1922538563889307,0.0,False,0.0,inf,,-1.0,1.0,,0.0,,,1.0,LAES,0.0,0.0,0.0,0.0,0.0,,,0.0,True,0,inf,0.5767615691667921,False,,False,False,6.0,0.6,0.6,0.001,0.0,0.0,-1.164,53.914
FES_Direct_LAES_Port_of_Tyne_2035_722,Z7,PQ,,22.429616578708583,0.0,False,0.0,inf,,-1.0,1.0,,0.0,,,1.0,LAES,0.0,0.0,0.0,0.0,0.0,,,0.0,True,0,inf,67.28884973612574,False,,False,False,6.0,0.6,0.6,0.001,0.0,0.0,-2.186,54.884
FES_Direct_LAES_Burbo_Bank_Energy_Storage_2035_723,Z9,PQ,,1.2816923759262047,0.0,False,0.0,inf,,-1.0,1.0,,0.0,,,1.0,LAES,0.0,0.0,0.0,0.0,0.0,,,0.0,True,0,inf,3.845077127778614,False,,False,False,6.0,0.6,0.6,0.001,0.0,0.0,-3.01,53.386
FES_Direct_LAES_Trent_Basin_Community_Battery_2035_724,Z10,PQ,,0.32042309398155117,0.0,False,0.0,inf,,-1.0,1.0,,0.0,,,1.0,LAES,0.0,0.0,0.0,0.0,0.0,,,0.0,True,0,inf,0.9612692819446536,False,,False,False,6.0,0.6,0.6,0.001,0.0,0.0,-0.383,53.136
FES_Direct_LAES_Land_at_and_adjacent_to_Leicester_Forest_Services_2035_725,Z11,PQ,,0.9612692819446536,0.0,False,0.0,inf,,-1.0,1.0,,0.0,,,1.0,LAES,0.0,0.0,0.0,0.0,0.0,,,0.0,True,0,inf,2.8838078458339607,False,,False,False,6.0,0.6,0.6,0.001,0.0,0.0,-1.647,52.569
FES_Direct_LAES_Stony_Energy_Storage_Facility_2035_726,Z14,PQ,,51.20361041825188,0.0,False,0.0,inf,,-1.0,1.0,,0.0,,,1.0,LAES,0.0,0.0,0.0,0.0,0.0,,,0.0,True,0,inf,153.61083125475562,False,,False,False,6.0,0.6,0.6,0.001,0.0,0.0,-0.157,51.536
FES_Direct_LAES_Pillswood_Phase_1__2035_727,Z8,PQ,,31.721886304173566,0.0,False,0.0,inf,,-1.0,1.0,,0.0,,,1.0,LAES,0.0,0.0,0.0,0.0,0.0,,,0.0,True,0,inf,95.1656589125207,False,,False,False,6.0,0.6,0.6,0.001,0.0,0.0,-1.164,53.914
FES_Direct_LAES_Nether_Moor_Field_2035_728,Z8,PQ,,31.978224779358804,0.0,False,0.0,inf,,-1.0,1.0,,0.0,,,1.0,LAES,0.0,0.0,0.0,0.0,0.0,,,0.0,True,0,inf,95.9346743380764,False,,False,False,6.0,0.6,0.6,0.001,0.0,0.0,-1.164,53.914
FES_Direct_LAES_Mannington_Battery_Storage_Plant_2035_729,Z13,PQ,,31.978224779358804,0.0,False,0.0,inf,,-1.0,1.0,,0.0,,,1.0,LAES,0.0,0.0,0.0,0.0,0.0,,,0.0,True,0,inf,95.9346743380764,False,,False,False,6.0,0.6,0.6,0.001,0.0,0.0,-2.946,51.817
FES_Direct_LAES_London_Distribution_Park_2035_730,Z14,PQ,,2.435215514259789,0.0,False,0.0,inf,,-1.0,1.0,,0.0,,,1.0,LAES,0.0,0.0,0.0,0.0,0.0,,,0.0,True,0,inf,7.305646542779367,False,,False,False,6.0,0.6,0.6,0.001,0.0,0.0,-0.157,51.536
FES_Direct_LAES_Lathom_Pilkington_Technical_Centre_Battery_Storage_2035_731,Z9,PQ,,1.2816923759262047,0.0,False,0.0,inf,,-1.0,1.0,,0.0,,,1.0,LAES,0.0,0.0,0.0,0.0,0.0,,,0.0,True,0,inf,3.845077127778614,False,,False,False,6.0,0.6,0.6,0.001,0.0,0.0,-3.01,53.386
FES_Direct_LAES_Severn_Road_2035_732,Z13,PQ,,20.507078014819275,0.0,False,0.0,inf,,-1.0,1.0,,0.0,,,1.0,LAES,0.0,0.0,0.0,0.0,0.0,,,0.0,True,0,inf,61.52123404445783,False,,False,False,6.0,0.6,0.6,0.001,0.0,0.0,-2.946,51.817
FES_Direct_LAES_Dollymans_Storage_2035_733,Z15,PQ,,64.07180187255098,0.0,False,0.0,inf,,-1.0,1.0,,0.0,,,1.0,LAES,0.0,0.0,0.0,0.0,0.0,,,0.0,True,0,inf,192.21540561765295,False,,False,False,6.0,0.6,0.6,0.001,0.0,0.0,0.826,51.312
FES_Direct_LAES_Philip_Dennis_Food_Service_2035_734,Z17,PQ,,2.435215514259789,0.0,False,0.0,inf,,-1.0,1.0,,0.0,,,1.0,LAES,0.0,0.0,0.0,0.0,0.0,,,0.0,True,0,inf,7.305646542779367,False,,False,False,6.0,0.6,0.6,0.001,0.0,0.0,-3.601,50.757
FES_Direct_LAES_Creyke_Beck_2035_735,Z8,PQ,,31.978224779358804,0.0,False,0.0,inf,,-1.0,1.0,,0.0,,,1.0,LAES,0.0,0.0,0.0,0.0,0.0,,,0.0,True,0,inf,95.9346743380764,False,,False,False,6.0,0.6,0.6,0.001,0.0,0.0,-1.164,53.914
FES_Direct_LAES_Huggins_Hall_2035_736,Z15,PQ,,25.633847518524092,0.0,False,0.0,inf,,-1.0,1.0,,0.0,,,1.0,LAES,0.0,0.0,0.0,0.0,0.0,,,0.0,True,0,inf,76.90154255557228,False,,False,False,6.0,0.6,0.6,0.001,0.0,0.0,0.826,51.312
FES_Direct_LAES_Calow_Green_Farm_2035_737,Z10,PQ,,12.816923759262046,0.0,False,0.0,inf,,-1.0,1.0,,0.0,,,1.0,LAES,0.0,0.0,0.0,0.0,0.0,,,0.0,True,0,inf,38.45077127778614,False,,False,False,6.0,0.6,0.6,0.001,0.0,0.0,-0.383,53.136
FES_Direct_LAES_Kirkhaw_Lane_2035_738,Z8,PQ,,12.816923759262046,0.0,False,0.0,inf,,-1.0,1.0,,0.0,,,1.0,LAES,0.0,0.0,0.0,0.0,0.0,,,0.0,True,0,inf,38.45077127778614,False,,False,False,6.0,0.6,0.6,0.001,0.0,0.0,-1.164,53.914
FES_Direct_LAES_Fideoak_Mills_2035_739,Z17,PQ,,19.22538563889307,0.0,False,0.0,inf,,-1.0,1.0,,0.0,,,1.0,LAES,0.0,0.0,0.0,0.0,0.0,,,0.0,True,0,inf,57.676156916679204,False,,False,False,6.0,0.6,0.6,0.001,0.0,0.0,-3.601,50.757
FES_Direct_LAES_Land_at_Carnegie_Road_2035_740,Z9,PQ,,12.816923759262046,0.0,False,0.0,inf,,-1.0,1.0,,0.0,,,1.0,LAES,0.0,0.0,0.0,0.0,0.0,,,0.0,True,0,inf,38.45077127778614,False,,False,False,6.0,0.6,0.6,0.001,0.0,0.0,-3.01,53.386
FES_Direct_LAES_Anchor_Lane_Energy_Centre_2035_741,Z11,PQ,,2.5633847518524093,0.0,False,0.0,inf,,-1.0,1.0,,0.0,,,1.0,LAES,0.0,0.0,0.0,0.0,0.0,,,0.0,True,0,inf,7.690154255557228,False,,False,False,6.0,0.6,0.6,0.001,0.0,0.0,-1.647,52.569
FES_Direct_LAES_Osbaldwick_Substation_2035_742,Z8,PQ,,31.978224779358804,0.0,False,0.0,inf,,-1.0,1.0,,0.0,,,1.0,LAES,0.0,0.0,0.0,0.0,0.0,,,0.0,True,0,inf,95.9346743380764,False,,False,False,6.0,0.6,0.6,0.001,0.0,0.0,-1.164,53.914
FES_Direct_LAES_Cleator_2035_743,Z6,PQ,,6.408461879631023,0.0,False,0.0,inf,,-1.0,1.0,,0.0,,,1.0,LAES,0.0,0.0,0.0,0.0,0.0,,,0.0,True,0,inf,19.22538563889307,False,,False,False,6.0,0.6,0.6,0.001,0.0,0.0,-3.483,55.264
FES_Direct_LAES_Minety_South___Battery_Storage_2035_744,Z13,PQ,,32.03590093627549,0.0,False,0.0,inf,,-1.0,1.0,,0.0,,,1.0,LAES,0.0,0.0,0.0,0.0,0.0,,,0.0,True,0,inf,96.10770280882647,False,,False,False,6.0,0.6,0.6,0.001,0.0,0.0,-2.946,51.817
FES_Direct_LAES_West_Didsbury_Battery_Storage_2035_745,Z9,PQ,,32.03590093627549,0.0,False,0.0,inf,,-1.0,1.0,,0.0,,,1.0,LAES,0.0,0.0,0.0,0.0,0.0,,,0.0,True,0,inf,96.10770280882647,False,,False,False,6.0,0.6,0.6,0.001,0.0,0.0,-3.01,53.386
FES_Direct_LAES_Meteor_Business_Park_2035_746,Z13,PQ,,0.9612692819446536,0.0,False,0.0,inf,,-1.0,1.0,,0.0,,,1.0,LAES,0.0,0.0,0.0,0.0,0.0,,,0.0,True,0,inf,2.8838078458339607,False,,False,False,6.0,0.6,0.6,0.001,0.0,0.0,-2.946,51.817
FES_Direct_LAES_Boscar_Grange_Farm_2035_747,Z8,PQ,,17.30284707500376,0.0,False,0.0,inf,,-1.0,1.0,,0.0,,,1.0,LAES,0.0,0.0,0.0,0.0,0.0,,,0.0,True,0,inf,51.908541225011284,False,,False,False,6.0,0.6,0.6,0.001,0.0,0.0,-1.164,53.914
FES_Direct_LAES_Clayhill_2035_748,Z14,PQ,,3.845077127778614,0.0,False,0.0,inf,,-1.0,1.0,,0.0,,,1.0,LAES,0.0,0.0,0.0,0.0,0.0,,,0.0,True,0,inf,11.535231383335843,False,,False,False,6.0,0.6,0.6,0.001,0.0,0.0,-0.157,51.536
FES_Direct_LAES_Pillswood_Phase_2_2035_749,Z8,PQ,,31.721886304173566,0.0,False,0.0,inf,,-1.0,1.0,,0.0,,,1.0,LAES,0.0,0.0,0.0,0.0,0.0,,,0.0,True,0,inf,95.1656589125207,False,,False,False,6.0,0.6,0.6,0.001,0.0,0.0,-1.164,53.914
FES_Direct_LAES_Lascar_Works__2035_750,Z9,PQ,,12.816923759262046,0.0,False,0.0,inf,,-1.0,1.0,,0.0,,,1.0,LAES,0.0,0.0,0.0,0.0,0.0,,,0.0,True,0,inf,38.45077127778614,False,,False,False,6.0,0.6,0.6,0.001,0.0,0.0,-3.01,53.386
FES_Direct_LAES_Clayhill_Farm____Battery_Energy_Storage_2035_751,Z14,PQ,,13.457769947225149,0.0,False,0.0,inf,,-1.0,1.0,,0.0,,,1.0,LAES,0.0,0.0,0.0,0.0,0.0,,,0.0,True,0,inf,40.37330984167545,False,,False,False,6.0,0.6,0.6,0.001,0.0,0.0,-0.157,51.536
FES_Direct_LAES_Feeder_Road_2035_752,Z13,PQ,,12.816923759262046,0.0,False,0.0,inf,,-1.0,1.0,,0.0,,,1.0,LAES,0.0,0.0,0.0,0.0,0.0,,,0.0,True,0,inf,38.45077127778614,False,,False,False,6.0,0.6,0.6,0.001,0.0,0.0,-2.946,51.817
FES_Direct_LAES_Energy_Centre_Royal_Mint_2035_753,Z13,PQ,,12.816923759262046,0.0,False,0.0,inf,,-1.0,1.0,,0.0,,,1.0,LAES,0.0,0.0,0.0,0.0,0.0,,,0.0,True,0,inf,38.45077127778614,False,,False,False,6.0,0.6,0.6,0.001,0.0,0.0,-2.946,51.817
FES_Direct_LAES_Lister_Drive_2035_754,Z9,PQ,,31.978224779358804,0.0,False,0.0,inf,,-1.0,1.0,,0.0,,,1.0,LAES,0.0,0.0,0.0,0.0,0.0,,,0.0,True,0,inf,95.9346743380764,False,,False,False,6.0,0.6,0.6,0.001,0.0,0.0,-3.01,53.386
FES_Direct_LAES_Liverpool_Energy_Management_Facility_2035_755,Z9,PQ,,31.978224779358804,0.0,False,0.0,inf,,-1.0,1.0,,0.0,,,1.0,LAES,0.0,0.0,0.0,0.0,0.0,,,0.0,True,0,inf,95.9346743380764,False,,False,False,6.0,0.6,0.6,0.001,0.0,0.0,-3.01,53.386
FES_Direct_LAES_Stonehill_Energy_Storage_2035_756,Z13,PQ,,32.04230939815512,0.0,False,0.0,inf,,-1.0,1.0,,0.0,,,1.0,LAES,0.0,0.0,0.0,0.0,0.0,,,0.0,True,0,inf,96.12692819446536,False,,False,False,6.0,0.6,0.6,0.001,0.0,0.0,-2.946,51.817
FES_Direct_LAES_Cleve_Hill_Solar_Project_2035_757,Z15,PQ,,96.12692819446535,0.0,False,0.0,inf,,-1.0,1.0,,0.0,,,1.0,LAES,0.0,0.0,0.0,0.0,0.0,,,0.0,True,0,inf,288.38078458339606,False,,False,False,6.0,0.6,0.6,0.001,0.0,0.0,0.826,51.312
FES_Direct_LAES_Bustleholme_Substation_2035_758,Z11,PQ,,31.978224779358804,0.0,False,0.0,inf,,-1.0,1.0,,0.0,,,1.0,LAES,0.0,0.0,0.0,0.0,0.0,,,0.0,True,0,inf,95.9346743380764,False,,False,False,6.0,0.6,0.6,0.001,0.0,0.0,-1.647,52.569
FES_Direct_LAES_Clifton_Marsh_Waste_Water_Treatment_Works_2035_759,Z9,PQ,,1.2816923759262047,0.0,False,0.0,inf,,-1.0,1.0,,0.0,,,1.0,LAES,0.0,0.0,0.0,0.0,0.0,,,0.0,True,0,inf,3.845077127778614,False,,False,False,6.0,0.6,0.6,0.001,0.0,0.0,-3.01,53.386
FES_Direct_LAES_Larks_Green_Solar_Farm_2035_760,Z13,PQ,,31.721886304173566,0.0,False,0.0,inf,,-1.0,1.0,,0.0,,,1.0,LAES,0.0,0.0,0.0,0.0,0.0,,,0.0,True,0,inf,95.1656589125207,False,,False,False,6.0,0.6,0.6,0.001,0.0,0.0,-2.946,51.817
FES_Direct_LAES_Bloxwich_Battery_2035_761,Z11,PQ,,26.274693706487195,0.0,False,0.0,inf,,-1.0,1.0,,0.0,,,1.0,LAES,0.0,0.0,0.0,0.0,0.0,,,0.0,True,0,inf,78.82408111946158,False,,False,False,6.0,0.6,0.6,0.001,0.0,0.0,-1.647,52.569
FES_Direct_LAES_Richborough_Energy_Park_2035_762,Z15,PQ,,31.978224779358804,0.0,False,0.0,inf,,-1.0,1.0,,0.0,,,1.0,LAES,0.0,0.0,0.0,0.0,0.0,,,0.0,True,0,inf,95.9346743380764,False,,False,False,6.0,0.6,0.6,0.001,0.0,0.0,0.826,51.312
FES_Direct_LAES_Newlands_Farm_Battery_Storage_Facility_Phase_2_2035_763,Z16,PQ,,25.633847518524092,0.0,False,0.0,inf,,-1.0,1.0,,0.0,,,1.0,LAES,0.0,0.0,0.0,0.0,0.0,,,0.0,True,0,inf,76.90154255557228,False,,False,False,6.0,0.6,0.6,0.001,0.0,0.0,-0.725,51.039
FES_Direct_LAES_Native_River_2035_764,Z9,PQ,,36.528232713896834,0.0,False,0.0,inf,,-1.0,1.0,,0.0,,,1.0,LAES,0.0,0.0,0.0,0.0,0.0,,,0.0,True,0,inf,109.5846981416905,False,,False,False,6.0,0.6,0.6,0.001,0.0,0.0,-3.01,53.386
FES_Direct_LAES_Crouch_Solar_Farm_2035_765,Z14,PQ,,31.978224779358804,0.0,False,0.0,inf,,-1.0,1.0,,0.0,,,1.0,LAES,0.0,0.0,0.0,0.0,0.0,,,0.0,True,0,inf,95.9346743380764,False,,False,False,6.0,0.6,0.6,0.001,0.0,0.0,-0.157,51.536
FES_Direct_LAES_Hirwaun_Stor_Generation___Battery_Storage_2035_766,Z13,PQ,,13.944813050077109,0.0,False,0.0,inf,,-1.0,1.0,,0.0,,,1.0,LAES,0.0,0.0,0.0,0.0,0.0,,,0.0,True,0,inf,41.834439150231326,False,,False,False,6.0,0.6,0.6,0.001,0.0,0.0,-2.946,51.817
FES_Direct_LAES_Rusholme_Grange__2035_767,Z8,PQ,,25.633847518524092,0.0,False,0.0,inf,,-1.0,1.0,,0.0,,,1.0,LAES,0.0,0.0,0.0,0.0,0.0,,,0.0,True,0,inf,76.90154255557228,False,,False,False,6.0,0.6,0.6,0.001,0.0,0.0,-1.164,53.914
FES_Direct_LAES_South_Farm_Solar_Park_2035_768,Z16,PQ,,6.408461879631023,0.0,False,0.0,inf,,-1.0,1.0,,0.0,,,1.0,LAES,0.0,0.0,0.0,0.0,0.0,,,0.0,True,0,inf,19.22538563889307,False,,False,False,6.0,0.6,0.6,0.001,0.0,0.0,-0.725,51.039
FES_Direct_LAES_Richborough_Energy_Park___Phase_2_2035_769,Z15,PQ,,32.10639401695143,0.0,False,0.0,inf,,-1.0,1.0,,0.0,,,1.0,LAES,0.0,0.0,0.0,0.0,0.0,,,0.0,True,0,inf,96.31918205085428,False,,False,False,6.0,0.6,0.6,0.001,0.0,0.0,0.826,51.312
FES_Direct_LAES_North_Norfolk_Business_Centre_Solar_Park___Battery_Energy_Storage_Scheme_2035_770,Z12,PQ,,3.845077127778614,0.0,False,0.0,inf,,-1.0,1.0,,0.0,,,1.0,LAES,0.0,0.0,0.0,0.0,0.0,,,0.0,True,0,inf,11.535231383335843,False,,False,False,6.0,0.6,0.6,0.001,0.0,0.0,0.4507,52.254
FES_Direct_LAES_Clay_Tye_Farm_Phase_1___Storage_Facility_2035_771,Z14,PQ,,31.721886304173566,0.0,False,0.0,inf,,-1.0,1.0,,0.0,,,1.0,LAES,0.0,0.0,0.0,0.0,0.0,,,0.0,True,0,inf,95.1656589125207,False,,False,False,6.0,0.6,0.6,0.001,0.0,0.0,-0.157,51.536
FES_Direct_LAES_Clay_Tye_Farm_Phase_2___Storage_Facility_2035_772,Z14,PQ,,31.721886304173566,0.0,False,0.0,inf,,-1.0,1.0,,0.0,,,1.0,LAES,0.0,0.0,0.0,0.0,0.0,,,0.0,True,0,inf,95.1656589125207,False,,False,False,6.0,0.6,0.6,0.001,0.0,0.0,-0.157,51.536
FES_Direct_LAES_Hawkers_Hill_Energy_Park_2035_773,Z17,PQ,,12.816923759262046,0.0,False,0.0,inf,,-1.0,1.0,,0.0,,,1.0,LAES,0.0,0.0,0.0,0.0,0.0,,,0.0,True,0,inf,38.45077127778614,False,,False,False,6.0,0.6,0.6,0.001,0.0,0.0,-3.601,50.757
FES_Direct_LAES_National_Grid_Electricity_Substation_Capenhurst_Lane___Battery_Storage_2035_774,Z9,PQ,,64.08461879631024,0.0,False,0.0,inf,,-1.0,1.0,,0.0,,,1.0,LAES,0.0,0.0,0.0,0.0,0.0,,,0.0,True,0,inf,192.25385638893073,False,,False,False,6.0,0.6,0.6,0.001,0.0,0.0,-3.01,53.386
FES_Direct_LAES_Cirencester_Solar_Farm_2035_775,Z13,PQ,,6.408461879631023,0.0,False,0.0,inf,,-1.0,1.0,,0.0,,,1.0,LAES,0.0,0.0,0.0,0.0,0.0,,,0.0,True,0,inf,19.22538563889307,False,,False,False,6.0,0.6,0.6,0.001,0.0,0.0,-2.946,51.817
FES_Direct_LAES_County_Hall_Loansdean___Battery_Storage_2035_776,Z7,PQ,,0.25633847518524094,0.0,False,0.0,inf,,-1.0,1.0,,0.0,,,1.0,LAES,0.0,0.0,0.0,0.0,0.0,,,0.0,True,0,inf,0.7690154255557229,False,,False,False,6.0,0.6,0.6,0.001,0.0,0.0,-2.186,54.884
FES_Direct_LAES_Eastcroft_Municipal_Depot_2035_777,Z11,PQ,,0.3845077127778614,0.0,False,0.0,inf,,-1.0,1.0,,0.0,,,1.0,LAES,0.0,0.0,0.0,0.0,0.0,,,0.0,True,0,inf,1.1535231383335842,False,,False,False,6.0,0.6,0.6,0.001,0.0,0.0,-1.647,52.569
FES_Direct_LAES_Burwell___Battery_Storage_2035_778,Z12,PQ,,32.04230939815512,0.0,False,0.0,inf,,-1.0,1.0,,0.0,,,1.0,LAES,0.0,0.0,0.0,0.0,0.0,,,0.0,True,0,inf,96.12692819446536,False,,False,False,6.0,0.6,0.6,0.001,0.0,0.0,0.4507,52.254
FES_Direct_LAES_Cruachan_2035_779,Z3,PQ,,49.40705236391457,0.0,False,0.0,inf,,-1.0,1.0,,0.0,,,1.0,LAES,0.0,0.0,0.0,0.0,0.0,,,0.0,True,0,inf,148.22115709174372,False,,False,False,6.0,0.6,0.6,0.001,0.0,0.0,-4.05,56.442
FES_Direct_LAES_Isle_of_Eigg_Electrification_Project__2035_780,Z1_4,PQ,,0.011228875537253312,0.0,False,0.0,inf,,-1.0,1.0,,0.0,,,1.0,LAES,0.0,0.0,0.0,0.0,0.0,,,0.0,True,0,inf,0.03368662661175994,False,,False,False,6.0,0.6,0.6,0.001,0.0,0.0,-5.2,57.119
FES_Direct_LAES_Broxburn__2035_781,Z5,PQ,,2.2457751074506622,0.0,False,0.0,inf,,-1.0,1.0,,0.0,,,1.0,LAES,0.0,0.0,0.0,0.0,0.0,,,0.0,True,0,inf,6.737325322351987,False,,False,False,6.0,0.6,0.6,0.001,0.0,0.0,-3.83,55.777
FES_Direct_LAES_Aikengall_II_Community_Wind_Farm_Battery_2035_782,Z5,PQ,,8.983100429802649,0.0,False,0.0,inf,,-1.0,1.0,,0.0,,,1.0,LAES,0.0,0.0,0.0,0.0,0.0,,,0.0,True,0,inf,26.94930128940795,False,,False,False,6.0,0.6,0.6,0.001,0.0,0.0,-3.83,55.777
FES_Direct_LAES_Whitelee_Wind_Farm_Battery_Storage_Extension_2035_783,Z5,PQ,,5.614437768626656,0.0,False,0.0,inf,,-1.0,1.0,,0.0,,,1.0,LAES,0.0,0.0,0.0,0.0,0.0,,,0.0,True,0,inf,16.843313305879967,False,,False,False,6.0,0.6,0.6,0.001,0.0,0.0,-3.83,55.777
FES_Direct_LAES_Dunsinane_Industrial_Estate_2035_784,Z3,PQ,,5.603208893089403,0.0,False,0.0,inf,,-1.0,1.0,,0.0,,,1.0,LAES,0.0,0.0,0.0,0.0,0.0,,,0.0,True,0,inf,16.80962667926821,False,,False,False,6.0,0.6,0.6,0.001,0.0,0.0,-4.05,56.442
FES_Direct_LAES_Dundee_Technology_Park_2035_785,Z3,PQ,,5.603208893089403,0.0,False,0.0,inf,,-1.0,1.0,,0.0,,,1.0,LAES,0.0,0.0,0.0,0.0,0.0,,,0.0,True,0,inf,16.80962667926821,False,,False,False,6.0,0.6,0.6,0.001,0.0,0.0,-4.05,56.442
FES_Direct_LAES_Wishaw_Battery_Storage_Facility_2035_786,Z5,PQ,,5.613314881072931,0.0,False,0.0,inf,,-1.0,1.0,,0.0,,,1.0,LAES,0.0,0.0,0.0,0.0,0.0,,,0.0,True,0,inf,16.839944643218793,False,,False,False,6.0,0.6,0.6,0.001,0.0,0.0,-3.83,55.777
FES_Direct_LAES_Pleasance_Road___Battery_Energy_Facility_2035_787,Z3,PQ,,5.603208893089403,0.0,False,0.0,inf,,-1.0,1.0,,0.0,,,1.0,LAES,0.0,0.0,0.0,0.0,0.0,,,0.0,True,0,inf,16.80962667926821,False,,False,False,6.0,0.6,0.6,0.001,0.0,0.0,-4.05,56.442
FES_Direct_LAES_Jamesfield_Organic_Centre___Battery_Storage_2035_788,Z3,PQ,,5.502149013254122,0.0,False,0.0,inf,,-1.0,1.0,,0.0,,,1.0,LAES,0.0,0.0,0.0,0.0,0.0,,,0.0,True,0,inf,16.506447039762367,False,,False,False,6.0,0.6,0.6,0.001,0.0,0.0,-4.05,56.442
FES_Direct_LAES_Camilla_Battery_Storage_2035_789,Z5,PQ,,5.613314881072931,0.0,False,0.0,inf,,-1.0,1.0,,0.0,,,1.0,LAES,0.0,0.0,0.0,0.0,0.0,,,0.0,True,0,inf,16.839944643218793,False,,False,False,6.0,0.6,0.6,0.001,0.0,0.0,-3.83,55.777
